"ldir_row","ldir_x_aligned","ldir_y_aligned","raman_row","raman_x_norm","raman_y_norm","dx","dy","dist"
1,3979.37208004465,3023.58089302771,753,4002.7253667582,2999.67273453918,23.3532867135445,-23.9081584885298,33.4211915203165
2,-1382.91028690916,-611.16220811865,136,-1376.28789041217,-629.008460612794,6.6223964969854,-17.8462524941436,19.0353582432276
3,117.627418245716,-223.936999617307,411,107.676812873357,-231.179625263904,-9.95060537235895,-7.24262564659637,12.3073219480582
4,-4812.338056683,-2230.32779213806,33,-4750.65714608426,-2224.91634267615,61.680910598745,5.41144946191844,61.9178368288918
5,-2572.33284020135,485.767124230567,41,-2677.12503456884,530.033990425306,-104.792194367497,44.2668661947399,113.75833790566
6,4477.97672106587,1564.79536229326,476,4484.94213687806,1604.68850669244,6.96541581218935,39.8931443991737,40.4966663750243
7,-3658.45218450265,-899.62347638978,58,-3636.39196655728,-833.376520330254,22.0602179453695,66.2469560595259,69.8234373469966
8,3049.58043193017,-6129.96515516168,422,3057.23605677318,-6141.77946473308,7.65562484300972,-11.8143095714076,14.0778727933577
9,2262.01747399363,3092.59300883008,466,2100.26539511865,3326.89125712052,-161.75207887498,234.298248290435,284.709332780547
10,5809.7402999972,620.533755479219,451,5808.16791679033,645.995642287466,-1.57238320686974,25.4618868082472,25.5103913883194
11,3786.37791642664,-1551.31958784148,131,3796.06103670683,-1541.77591833967,9.68312028018954,9.54366950180474,13.5957510245038
12,-3152.0931434386,-2104.03204749344,114,-3150.15672335309,-2100.91774464532,1.93642008550705,3.1143028481174,3.66723396817647
13,736.320556422658,2276.96860370901,21,733.984546445708,2270.03283594115,-2.33600997695078,-6.93576776786222,7.31859393204255
14,-2874.96953660188,-3182.33218833554,117,-2884.93749978717,-3123.33211081613,-9.96796318529778,59.000077519413,59.8361883592212
15,-1675.68817075679,2092.1756001677,165,-1677.09930415361,2088.62747956273,-1.41113339682215,-3.54812060497579,3.81843649823859
16,1189.97439612143,3750.11492703855,335,1387.27345644142,3603.59183235596,197.29906031999,-146.52309468259,245.755847292621
17,5089.29224889396,1631.62014505776,254,5007.34363784123,1756.24234873011,-81.9486110527359,124.622203672343,149.15183036632
18,2241.71226585781,2611.16466281821,403,2296.59650866745,2494.49326108028,54.8842428096345,-116.671401737933,128.936015497149
19,1155.83716979206,1626.79827198052,193,1210.46064073081,1654.05831887137,54.6234709387477,27.2600468908458,61.0477987636518
20,-4081.76151033644,-3429.60102492911,24,-4066.9426541643,-3432.7545383097,14.8188561721395,-3.15351338059463,15.1506813342551
21,2791.93175028093,3141.97605165087,11,2784.55395462207,3172.46707716547,-7.37779565886058,30.4910255145992,31.3709181522607
22,1915.62350518299,-2746.19207557775,265,1911.97122773851,-2739.85496505414,-3.65227744448248,6.33711052361059,7.31423955855505
23,-4507.21854209958,1280.7249987771,146,-4422.86455591944,1265.4145648581,84.3539861801346,-15.3104339189999,85.7321664911508
24,3991.50473223892,879.277410831677,255,4001.57723159125,882.511486679586,10.0724993523236,3.23407584790914,10.5789644952891
25,-996.376257413936,2518.48996987969,598,-831.497753693423,2445.12344890134,164.878503720513,-73.3665209783549,180.464864695548
26,5764.91088549288,919.539428397321,79,5767.40911836353,956.566204947997,2.4982328706501,37.0267765506754,37.1109599607669
27,5455.05420121898,-228.56480637905,621,5431.00551444653,-180.661677918014,-24.048686772453,47.9031284610367,53.6008307009708
28,-1162.82611060242,-6138.90688348329,544,-1163.88288452604,-6133.74251856441,-1.05677392362031,5.16436491887271,5.2713789600945
29,3087.80759187385,1081.47919884243,243,3077.32842219485,1064.49091064149,-10.4791696789998,-16.9882882009401,19.9603339941863
30,-1021.68440493544,-92.3207726870736,304,-1024.38446174136,-89.9589997288035,-2.70005680592237,2.36177295827008,3.58723824991086
31,5390.12080254394,1168.22844713634,109,5397.70959460493,1174.71188666889,7.58879206098391,6.48343953255062,9.98122002147496
32,5868.93352088757,352.947656570694,76,5863.85247238743,365.850661551166,-5.08104850014024,12.9030049804727,13.8673930998901
33,-741.942860695366,2942.16823915543,512,-735.628467252923,2906.09971843259,6.31439344244347,-36.0685207228407,36.6170691301197
34,-5184.11880836789,-2309.22764202476,33,-4750.65714608426,-2224.91634267615,433.46166228363,84.3112993486129,441.585108294584
35,-954.704999184984,1643.86550679935,80,-950.903811056432,1639.70662928447,3.80118812855119,-4.15887751488208,5.63429617365206
36,-3643.09459170733,-5078.14670725932,22,-3650.16958856071,-5084.34697597023,-7.07499685337825,-6.20026871091886,9.40738606430669
37,4906.10203038975,414.629143859042,698,4882.77097222693,558.163302015636,-23.331058162822,143.534158156594,145.417993497088
38,3705.10303523516,867.873632740279,248,3732.91360252447,850.363702004936,27.8105672893107,-17.5099307353424,32.8637387907975
39,4361.16136042021,-3520.50723982785,533,4320.75880800392,-3598.0860023508,-40.4025524162935,-77.578762522955,87.4690267257181
40,-1810.94176956246,-5080.13897307668,273,-1825.20874069042,-5085.49511113719,-14.2669711279636,-5.35613806051879,15.2392480158795
41,-560.745444534146,1355.59192069162,6,-546.760232289313,1356.11724304732,13.9852122448332,0.525322355695607,13.9950750305393
42,-669.231253737945,4202.69289127978,87,-653.536802815853,4182.82602408328,15.694450922092,-19.866867196507,25.3181397805921
43,-462.635643947602,-3160.28018395253,137,-468.687040936573,-3165.23904440988,-6.05139698897085,-4.95886045734869,7.82366298824163
44,412.391149645328,-1858.05562528157,217,405.617888697418,-1837.42072382983,-6.77326094791033,20.6349014517457,21.7181081540668
45,-3812.49713947207,-833.156775043838,36,-3835.01935043999,-829.932114829404,-22.5222109679235,3.22466021443415,22.7518882816835
46,56.7760405605461,-3725.45561209358,231,4.91871543114758,-3689.36274812349,-51.8573251293985,36.0928639700915,63.181302607177
47,1579.39455303825,-5827.67386849658,190,1574.41948865461,-5851.30126749421,-4.97506438364053,-23.6273989976326,24.1455016310429
48,-4487.37751763531,-253.293427285631,119,-4486.01199010181,-249.549787935134,1.36552753349952,3.74363935049689,3.98490916224373
49,2265.3210932494,-3890.18472599127,77,2252.96737232327,-3890.2864023401,-12.3537209261322,-0.101676348834644,12.3541393387264
50,-1127.30609217119,-197.093009086823,636,-1143.79051910438,-199.605908172724,-16.4844269331966,-2.51289908590081,16.6748611128194
51,2000.60936779523,2493.7047889573,37,1999.22950042687,2508.2708830837,-1.37986736836683,14.5660941263936,14.6313065736879
52,-1725.76053333524,1768.13285952844,505,-1715.5618322465,1762.55709214834,10.1987010887342,-5.57576738010266,11.6233680908059
53,3014.18187947129,475.22732517208,203,3018.77352868029,486.978921664606,4.5916492089932,11.7515964925266,12.6167849542429
54,-74.268709504482,-2321.8917125877,130,-75.450746255493,-2320.21156153317,-1.18203675101097,1.68015105453151,2.05429268771125
55,3023.35031723605,3213.02729182079,233,3027.95861001591,3221.83688934441,4.60829277985886,8.80959752361241,9.94210092852297
56,-178.730333153226,688.635307896949,619,-178.208843697703,691.346981382076,0.52148945552301,2.71167348512733,2.76136276902625
57,3846.02889127161,-354.19187161633,415,3845.43084888577,-350.011615043444,-0.598042385837289,4.18025657288592,4.22281892938993
58,3932.04135707043,-754.756745589847,126,3928.67064848979,-750.136720726234,-3.37070858064453,4.62002486361303,5.71894274110462
59,-3577.08637115978,-2676.86356422066,440,-3579.55927579316,-2679.57786878916,-2.4729046333855,-2.71430456850521,3.67188052861578
60,1204.87048898428,-3390.95843762534,548,1198.97928906129,-3393.71794263333,-5.89119992298993,-2.75950500799308,6.5054672715936
61,3765.45875460846,-1974.7130050274,275,3745.54308936094,-1963.14152461108,-19.9156652475262,11.571480416319,23.0332994005804
62,-3089.90262843823,2436.97596593937,256,-3087.5833567542,2433.06802964834,2.31927168403217,-3.90793629103382,4.54433572693882
63,45.1562883689644,4020.89857083951,551,51.4181896927075,4022.66116829346,6.26190132374313,1.76259745394509,6.50524080822145
64,4084.3131698345,-731.212312397493,263,4088.8355042796,-720.285206385474,4.5223344450942,10.9271060120191,11.8259525887426
65,4224.35321700353,2323.90980219228,120,4227.18579189733,2326.86552670528,2.83257489379503,2.9557245129954,4.09387199673852
66,3990.77694142381,-589.178106855739,160,3941.30013532627,-599.156946272034,-49.4768060975421,-9.97883941629448,50.4730777515099
67,4658.24727413396,-2958.60024036169,44,4656.01427675393,-2948.24149785594,-2.23299738003243,10.3587425057526,10.5966892754161
68,958.049022961657,-6865.64062076016,154,948.111755082257,-6861.08614682854,-9.93726787939988,4.55447393161739,10.9312636827009
69,1576.33490265475,-811.006293591202,324,1581.30829965632,-809.839749407734,4.97339700156954,1.16654418346855,5.10837577584159
70,1279.17359496503,-3226.36877323826,8,1276.47841283055,-3226.09020825834,-2.69518213448191,0.27856497992434,2.70953966312928
71,5810.7011304714,-4005.96242037046,701,5813.33452504163,-3997.06297286664,2.63339457022448,8.89944750381528,9.28089073503464
72,1818.21393450972,-991.406380769787,2,1818.39821163192,-993.541376120064,0.184277122195454,-2.13499535027688,2.14293331755063
73,3435.18480019274,-1914.6069513021,201,3431.52812119955,-1916.06798276604,-3.6566789931926,-1.46103146393898,3.93775496925288
74,2112.3804889404,2942.88776827773,466,2100.26539511865,3326.89125712052,-12.1150938217543,384.00348884279,384.194553503488
75,4812.59057335408,99.4789159933505,682,4813.30879462633,105.798046236526,0.71822127224732,6.31913024317578,6.35981515660065
76,3601.15074308444,1978.21408912212,281,3619.82228857969,1981.85090903619,18.6715454952518,3.63681991406975,19.0224359709432
77,2409.78921235722,-1033.78731636967,63,2416.57663361394,-1032.00390421296,6.7874212567167,1.78341215670389,7.01780921918008
78,943.159086906498,-3119.03425102796,72,938.352606163167,-3119.88770531527,-4.80648074333089,-0.853454287312161,4.88166378978952
79,2398.13416223636,960.781494080845,296,2406.24341711137,972.066029701846,8.10925487500435,11.2845356210013,13.8960699051721
80,3113.79349936051,937.371499312829,711,3103.73553103474,935.325704359386,-10.057968325772,-2.0457949534424,10.2639175675647
81,-3514.25704152198,-2171.82550447992,141,-3695.52092765532,-2203.67584208753,-181.263886133341,-31.8503376076142,184.040866173466
82,-1844.33425589863,2312.85823179439,593,-1762.63537409153,2272.90317385853,81.6988818071018,-39.9550579358634,90.9456647850186
83,-3656.0209676358,535.891498568281,221,-3636.96603414076,520.274841506216,19.0549334950369,-15.6166570620645,24.6367706547431
84,1899.40718069165,-4030.47357013521,176,1891.30479473337,-4029.2107575413,-8.1023859582815,1.26281259390862,8.20020450137016
85,2559.73617307601,-1311.7258181168,63,2416.57663361394,-1032.00390421296,-143.159539462075,279.721913903837,314.227629047828
86,-1615.3294739797,-953.276065928573,656,-1609.93339688691,-954.504780443694,5.39607709278243,-1.2287145151206,5.53420160013343
87,5698.04278456281,57.9780946328174,428,5695.07660284553,62.1689098923462,-2.96618171727914,4.19081525952879,5.13431266280311
88,-145.294850573473,130.314071384191,734,-143.764788689143,128.186681992087,1.53006188433028,-2.12738939210453,2.62047228482181
89,-4509.25756333994,-3157.47358126014,226,-4514.71536927561,-3162.3687064925,-5.45780593566633,-4.89512523235544,7.33143210238201
90,-4030.11347714895,-377.848999144007,110,-4049.14655907655,-371.826183215534,-19.0330819275982,6.02281592847334,19.9632792739805
91,3943.8214879574,449.283139003829,230,3953.35555457926,450.812663905616,9.53406662185898,1.52952490178779,9.65597601360083
92,-3092.4935993623,2353.40765340678,368,-3077.25014025163,2348.68009487737,15.2434591106658,-4.72755852941464,15.9597260411192
93,6236.20377182092,-518.411505208758,132,6229.53352306173,-513.046808750634,-6.67024875919287,5.36469645812451,8.55991744103457
94,2405.20938526607,-5328.13845395441,42,2394.18799785837,-5327.75163136407,-11.0213874076976,0.386822590337033,11.0281735616987
95,-3876.12142964309,-196.859808886449,717,-3875.77814886679,-205.346584007484,0.34328077629516,-8.48677512103507,8.49371494967859
96,-259.738547603921,2695.71259849362,459,-253.985764716543,2698.86132079774,5.75278288737798,3.14872230411402,6.55812191848657
97,985.558498439864,-2100.75383600695,721,991.166823842967,-2099.76960947837,5.60832540310344,0.984226528580621,5.69403334084524
98,3225.53920245883,-5837.46020495661,194,3218.54904772995,-5830.63483448907,-6.99015472888505,6.82537046753623,9.76974642213756
99,4306.22009171721,-490.794533373793,83,4315.01813216916,-491.232240578544,8.79804045194942,-0.437707204751064,8.80892180639772
100,3402.27270564611,-3416.1148866653,234,3395.93593102404,-3411.51403772109,-6.33677462207015,4.60084894420925,7.83086991453336
101,953.778060923627,-4435.66611962324,757,958.444971584828,-4439.09501214318,4.66691066120109,-3.42889251994347,5.79114488101935
102,1230.71279308458,1399.42885529079,202,1237.44181715418,1398.02417664107,6.72902406959292,-1.40467864972152,6.87407354035032
103,-2105.4296422391,727.769508809349,553,-2105.35372142672,720.050360555877,0.0759208123818098,-7.71914825347278,7.71952159973949
104,6045.94455249342,-2517.11878512538,748,6041.23935568153,-2511.95013441416,-4.70519681189398,5.16865071122493,6.98955128840924
105,756.952539914721,-6968.18226379027,53,755.225047034317,-6970.15898768898,-1.72749288040393,-1.97672389870877,2.6251988541009
106,4519.61872952461,-2771.46949499938,103,4514.79365121882,-2764.53987114361,-4.8250783057947,6.92962385576357,8.44399594027722
107,-3849.85233056251,-4959.20252764803,68,-3852.81544552775,-4981.01481094455,-2.9631149652455,-21.8122832965255,22.012627124111
108,1439.58549635938,3480.59182403939,335,1387.27345644142,3603.59183235596,-52.3120399179652,123.000008316571,133.662079761821
109,5690.03936904375,-370.870848906772,166,5692.20626492813,-366.085507380774,2.16689588437748,4.78534152599798,5.25308778664251
110,-3148.04501076874,-5028.00372433648,307,-3158.19366952175,-5036.12529895825,-10.1486587530148,-8.12157462176947,12.9982786868921
111,2328.04704255151,3897.54702811874,112,2339.65157742815,3902.1069757635,11.6045348766343,4.5599476447569,12.4682938779107
112,-2758.5213957664,1665.95753572189,262,-2743.71687425206,1671.28034637566,14.8045215143366,5.32281065376992,15.7323288334671
113,-675.326877501618,362.154276432224,14,-673.055100654043,357.813715382506,2.27177684757555,-4.34056104971717,4.89912648045568
114,2963.49480806835,-5311.11811772919,392,2955.62609449793,-5302.49265769113,-7.86871357042628,8.62546003805346,11.6754106617912
115,-953.076697395414,2253.1194219454,227,-947.459405555583,2249.94047051949,5.61729183983164,-3.17895142590942,6.4544325685633
116,4977.68182180797,-4512.06375596875,718,4970.02924491533,-4505.11278424292,-7.65257689263944,6.950971725827,10.3381788062988
117,-1370.9430128887,1222.90244798057,69,-1361.93620082527,1239.58152360168,9.00681206343143,16.6790756211108,18.955585644361
118,488.890202862009,-7257.04374058966,225,498.042769637057,-7100.47232913804,9.15256677504823,156.571411451613,156.838695360941
119,-4449.65049172711,-1191.72401757821,161,-4448.69759717586,-1203.65011167229,0.952894551241116,-11.9260940940883,11.9641016531469
120,3598.17567408126,543.711446431273,474,3606.04466657627,552.996693764346,7.86899249500766,9.28524733307347,12.1711487100781
121,1450.86267513328,524.403208340858,596,1453.29122854117,526.589584924456,2.42855340788606,2.18637658359842,3.26773839532213
122,-893.026894043916,-2364.03556522965,365,-896.367390626213,-2362.69256271039,-3.34049658229685,1.34300251925788,3.60035736879965
123,-1125.10345073245,-5986.98303840481,39,-1132.88323501833,-5990.22562269541,-7.77978428588585,-3.24258429059955,8.42848719620309
124,2735.16263626824,-1506.92777539795,460,2919.45983673894,-1496.99864682854,184.297200470696,9.9291285694062,184.564475713729
125,5692.98903191244,-2558.92308233177,180,5688.76185942733,-2550.41266250705,-4.22717248510708,8.51041982471588,9.50243299433168
126,3510.6182124652,1977.26110548696,607,3403.9728771927,1972.09176011709,-106.645335272503,-5.16934536987219,106.770546813892
127,1709.22365469355,3654.86859819617,244,1719.65858727404,3658.70232036966,10.4349325804833,3.83372217348733,11.1168900175688
128,-2856.92583693205,-5624.60886143632,81,-2864.27106678203,-5630.85931543941,-7.3452298499783,-6.25045400309318,9.64471755904732
129,1390.37613717901,1682.96896822341,208,1560.06779906771,1687.35423871298,169.691661888697,4.38527048956757,169.748315784913
130,4462.8201380407,-627.59932677609,90,4456.81282528774,-619.823379277174,-6.00731275296221,7.77594749891637,9.82614705862914
131,1105.71818850719,337.557189509845,23,1119.18389495812,337.147282377367,13.4657064509292,-0.409907132477997,13.4719439606856
132,-2855.6637829851,-5007.16828759868,302,-2864.27106678203,-5010.29225770183,-8.60728379693774,-3.12397010315635,9.15666552662276
133,234.186703003689,3702.7116137383,29,240.286424656318,3700.03518637994,6.09972165262832,-2.67642735835943,6.6610710583297
134,-1722.30262214109,1959.66648739428,73,-1717.8581025804,1957.74007053019,4.4445195606877,-1.92641686409615,4.8440516161174
135,-4289.98582387308,1216.99080038273,147,-4285.66240346867,1203.98933342617,4.32342040441108,-13.0014669565621,13.7014636815143
136,3400.84403241995,1971.03881555057,607,3403.9728771927,1972.09176011709,3.12884477274793,1.05294456651836,3.30126670720688
137,-4798.50687321655,143.703276463049,27,-4794.86035001191,133.927357826846,3.64652320463847,-9.77591863620307,10.4338735215465
138,2364.60815249012,-1950.16890840108,594,2355.72546976548,-1939.60475368856,-8.88268272463984,10.5641547125219,13.8022975325384
139,-551.014117814331,2122.16734283445,31,-542.741759204982,2115.6086559861,8.27235860934877,-6.55868684834968,10.5569072240113
140,1038.02061744846,122.876209490692,299,1040.5366360219,124.168208907756,2.51601857343894,1.29199941706418,2.82835852670483
141,-697.713772095826,3596.53451090646,48,-697.165939160032,3597.8511565212,0.547832935793508,1.31664561473553,1.42607033499139
142,-1044.92476890718,348.874635160292,771,-1028.4029348257,335.999147210416,16.5218340814795,-12.8754879498757,20.9463407630863
143,2828.90960585886,1557.32576144086,64,2831.62749646711,1561.63343793173,2.71789060824858,4.30767649086238,5.09342773663613
144,5128.1679697843,-2287.0129003027,762,5123.87935728693,-2281.1749658568,-4.28861249737201,5.83793444590765,7.24387159931279
145,-5170.56279817634,-465.600073371431,367,-5166.85614410437,-474.010213074264,3.70665407196338,-8.41013970283262,9.19074176714613
146,3390.84059283984,-2424.90526666731,297,3389.04712002233,-2434.4510106449,-1.79347281751507,-9.54574397758688,9.71276339837441
147,3139.7327662223,3402.62219342072,50,3147.9387349624,3404.39038088978,8.2059687400988,1.76818746905155,8.39430818407268
148,-3617.10373062262,-2917.3019303497,57,-3620.31807421996,-2928.14913243428,-3.21434359733894,-10.8472020845761,11.3134343956814
149,6433.1096870906,-2387.29622908504,783,6429.30904211133,-2377.04425229729,-3.80064497927833,10.251976787742,10.9337976163323
150,-2578.68032163703,-4172.18128069072,35,-2581.82981571182,-4183.63493749635,-3.14949407479389,-11.4536568056365,11.8787864341634
151,3913.77481856126,-2201.71216713014,407,3907.43014790118,-2200.80550417015,-6.34467066008256,0.906662959983805,6.40912501890227
152,-2852.01143927781,-2968.2759252013,117,-2884.93749978717,-3123.33211081613,-32.9260605093609,-155.056185614825,158.513551969809
153,5703.75546532478,-1555.84412774641,727,5643.41052033273,-1584.83098710038,-60.3449449920481,-28.9868593539632,66.9458766564436
154,-3244.2161921032,-1182.27607775698,107,-3210.43381961807,-1332.8153179544,33.7823724851264,-150.53924019742,154.283218562293
155,-4214.57198226242,-1687.03463666734,215,-4213.90395553417,-1692.75569279387,0.668026728243603,-5.72105612652967,5.75992559956729
156,-45.3846476375818,297.890005744912,452,-94.3949765102025,430.146230900476,-49.0103288726207,132.256225155564,141.045104234786
157,4707.09723284021,1415.40865759426,108,4718.58764335283,1424.43128548096,11.4904105126134,9.02262788670123,14.6094951223598
158,2878.50227989724,1767.83226919138,102,2888.46018723123,1771.74217348396,9.95790733398962,3.90990429258045,10.6980030870001
159,679.0715689059,-3483.74103050112,106,673.133382597247,-3486.71689115645,-5.93818630865269,-2.97586065533096,6.64212340115848
160,4721.86309322544,-1070.4481913784,785,4722.03204885363,-1068.74422955542,0.168955628190815,1.70396182297736,1.71231769787668
161,6585.42615224672,-2128.05628215881,477,6580.86288414903,-2116.99163698265,-4.56326809769598,11.064645176155,11.9687003724573
162,2705.65147447208,798.381705510889,149,2719.11025010581,806.160498077276,13.4587756337278,7.77879256638755,15.5450395737647
163,75.9909525796396,3344.90627686606,634,185.175936642618,3387.1683533855,109.184984062978,42.2620765194333,117.078793368258
164,2664.7904765645,1122.36265047941,187,2669.16637034339,1125.91614207343,4.37589377888389,3.55349159401339,5.63699821472374
165,-4799.10980537101,-1554.28132878814,528,-4798.30475551277,-1561.86828376133,0.805049858249731,-7.58695497319945,7.62954723686955
166,2991.58430200277,-1884.693835145,780,2987.19981158911,-1879.90172500705,-4.38449041366675,4.79211013794384,6.49523485038992
167,4301.87474934899,312.996642209129,492,4297.2220370814,316.480849372226,-4.65271226759069,3.48420716309704,5.81269567415718
168,1253.291501506,-5576.90388229555,747,1245.47876332285,-5576.89696259267,-7.81273818314889,0.00691970287789445,7.81274124752129
169,-3070.44262954781,-3469.23263022748,128,-3073.80573475078,-3472.36520156955,-3.36310520297275,-3.13257134207424,4.59602870089463
170,-3222.58699448974,-2514.5238208368,784,-3228.80398228931,-2517.11674266544,-6.21698779957023,-2.59292182864783,6.7360359937788
171,3984.82951941564,-2387.86832269993,78,3984.35520408697,-2386.22933363291,-0.474315328677221,1.6389890670248,1.70624154000686
172,1959.13801907568,-166.390462281106,758,1960.1929047505,-162.865582830254,1.05488567482189,3.52487945085295,3.67934218712936
173,-4452.57922389142,242.778033131258,56,-4452.14200267672,233.815117351676,0.437221214697274,-8.96291577958175,8.97357351685809
174,3746.76706157268,-378.257961247437,415,3845.43084888577,-350.011615043444,98.6637873130912,28.2463462039931,102.627476831688
175,2076.72602122027,-7059.46500320596,469,1766.1580615356,-6539.03423249849,-310.567959684668,520.430770707465,606.053334849222
176,4271.06225375261,-3240.33739810753,393,4262.77798207284,-3236.99749234438,-8.28427167977588,3.33990576315182,8.93219613371043
177,-295.008643644506,3709.98484412463,54,-290.152022475533,3709.22026771555,4.85662116897254,-0.764576409087567,4.91643633786154
178,1697.81760232163,4090.42517001871,495,1700.14028943586,4093.84554864449,2.32268711423012,3.42037862577308,4.13447280487561
179,-741.622939570333,-6157.62453336544,509,-753.998629924163,-6165.31623565559,-12.3756903538298,-7.69170229015617,14.5712043378119
180,2707.24636204463,-2335.46703419412,599,2809.81292829502,-2260.50853285166,102.566566250389,74.9585013424635,127.038094428024
181,-4419.08699178409,1266.60178236359,146,-4422.86455591944,1265.4145648581,-3.77756413535735,-1.18721750548912,3.95973183461683
182,1238.96622691317,2732.13262271122,10,1247.77503365675,2727.56469997155,8.80880674358104,-4.56792273966994,9.92275135238975
183,-1421.33372984545,3396.67212940378,51,-1688.00658823965,3187.39283433584,-266.6728583942,-209.279295067946,338.987074603545
184,-4100.88416319699,-852.704329972689,346,-4100.81264158939,-861.505831920584,0.0715216076005163,-8.80150194789474,8.80179253783845
185,-4948.20260846643,-1681.04773018634,537,-4945.26605688263,-1688.16315212606,2.93655158380079,-7.115421939724,7.69756874504077
186,-2131.08142506048,-6585.31632148853,12,-2140.94591160224,-6588.9781122609,-9.86448654175956,-3.66179077237484,10.5222053958856
187,4270.53801611497,-3592.545042939,533,4320.75880800392,-3598.0860023508,50.2207918889435,-5.54095941180185,50.5255397710485
188,-1719.15707563908,2943.1753131691,554,-1697.19166957527,2945.71038169244,21.9654060638063,2.53506852333385,22.1112106399875
189,3487.9533447807,-166.882955323218,742,3490.65708229759,-162.865582830254,2.70373751688248,4.01737249296423,4.84246613900639
190,-2775.71872081383,-3353.90726378873,117,-2884.93749978717,-3123.33211081613,-109.218778973345,230.575152972601,255.134558319266
191,-4960.68625475181,4.10640378711867,43,-4956.74740855215,-3.84886220739372,3.93884619965957,-7.95526599451239,8.8769795779881
192,-3852.59811351249,-2127.08614124804,196,-3851.66731036079,-2135.36179965389,0.93080315169891,-8.27565840584248,8.32783984940896
193,-92.8996350471351,-1327.57639264113,140,-87.5061655084928,-1345.44480479087,5.39346953864231,-17.8684121497386,18.6646635763195
194,-3542.46300912859,-5493.20447414469,145,-3550.85589661936,-5499.97190640688,-8.39288749076968,-6.76743226219332,10.7814052820629
195,1266.48150263989,2763.54258969553,617,1270.73773699579,2767.17536323139,4.25623435589409,3.63277353585954,5.59576397421609
196,1153.63218723961,-5629.54979454947,604,1143.29473346411,-5625.69270718813,-10.3374537755001,3.85708736133347,11.0335884223384
197,5643.69885965676,-1599.01637962444,727,5643.41052033273,-1584.83098710038,-0.288339324029039,14.1853925240598,14.1883226854845
198,-1024.84742006399,1256.21812367946,62,-1124.84628884967,1322.24725562223,-99.9988687856853,66.029131942767,119.831631982261
199,1142.35258298887,981.592803506986,570,1152.47981479973,979.528908287036,10.1272318108599,-2.06389521994936,10.3353997324643
200,4261.63603965402,2797.64208198461,374,4265.07425240675,2802.19348582343,3.43821275272148,4.55140383881917,5.70408483781531
201,1253.65587568352,568.53727288613,216,1252.94164190803,571.366856435586,-0.714233775488765,2.82958354945583,2.91833393383965
202,3981.50487233256,-3564.0410664767,173,3978.04046066873,-3560.19754184138,-3.46441166383647,3.84352463531877,5.17444004688705
203,-1808.25906298224,1476.55738402033,538,-1798.80163185052,1474.94923282685,9.45743113171693,-1.60815119348763,9.59318267689531
204,263.710233859958,3538.89618640811,204,204.694234480808,3516.33355966761,-59.0159993791501,-22.5626267405023,63.1819618890635
205,-3052.31184810984,-960.240741721194,218,-3049.12082866131,-963.115794195834,3.19101944852491,-2.87505247463957,4.29517541583523
206,4053.88936493457,1433.54134402384,363,4057.26178718842,1433.0422992331,3.37242225384807,-0.499044790741209,3.40914616310531
207,-1200.19853025625,-864.452663773448,578,-1199.47507470155,-866.098372588394,0.723455554702014,-1.64570881494592,1.7977056052702
208,1370.05608561973,3067.66839001594,630,1376.36617235538,3067.98677697283,6.31008673564884,0.31838695688748,6.31811402759775
209,3464.20293491442,-1083.34063457398,745,3465.39810862464,-1077.92931089104,1.19517371022039,5.41132368293802,5.54173837339222
210,3844.02641691331,-1111.66167106275,135,3844.85678130229,-1105.48455489789,0.830364388977159,6.17711616485235,6.23267752515415
211,4331.16556892218,-695.731780523658,90,4456.81282528774,-619.823379277174,125.647256365557,75.9084012464847,146.796861042699
212,-2302.32242022019,3578.60426571164,92,-2301.68483497552,3562.25896634569,0.637585244668117,-16.3452993659512,16.3577298640974
213,-3702.47709870138,-3399.52774630404,561,-3701.83567107355,-3406.92149705328,0.641427627830581,-7.39375074924692,7.42152137662715
214,1079.95459735319,-5560.82452749313,30,1072.11035311308,-5560.82307025534,-7.84424424011331,0.00145723778314277,7.84424437547001
215,-1308.36787146557,-4636.90196644631,571,-1318.30706448109,-4637.72239602588,-9.93919301552023,-0.820429579577649,9.97299666573754
216,-3466.76225071261,1591.07934884256,100,-3463.597623931,1584.59614127078,3.16462678160906,-6.48320757178726,7.2143498033958
217,3112.89311638574,1285.51072425743,49,3115.21688270426,1290.67353853105,2.32376631851957,5.16281427361173,5.66167299717098
218,-1890.64525805957,580.297858329391,597,-1884.33770178845,572.514991602536,6.30755627111375,-7.78286672685533,10.0178980131192
219,-4333.65217825493,-2212.59628969327,189,-4336.18035081456,-2220.32380200834,-2.52817255963691,-7.72751231507027,8.13056597481773
220,3016.63072569528,-5009.03522042201,644,3005.56997426034,-5003.97751428359,-11.0607514349467,5.05770613841651,12.1622618656339
221,3646.23955169249,-1366.91262457546,71,3643.35905950221,-1366.11123779601,-2.88049219028744,0.801386779449103,2.98989231053273
222,-1771.68912204218,2276.94812384788,593,-1762.63537409153,2272.90317385853,9.05374795064517,-4.04494998935752,9.91624789777944
223,806.559516827061,2096.81879147841,366,818.372481216677,2093.22002023054,11.8129643896169,-3.59877124786999,12.3489789928096
224,-83.7383552885855,-2392.37324009149,638,-86.9320979250124,-2394.84034738505,-3.19374263642692,-2.467107293558,4.03566728381544
225,-1130.84122903468,1323.28294983268,62,-1124.84628884967,1322.24725562223,5.99494018500991,-1.03569421045449,6.08374640492317
226,2575.3590340347,-2316.02463879264,731,2575.5933542368,-2315.61902086536,0.234320202101117,0.405617927283402,0.468435545242236
227,-3622.43418777695,-472.82342153674,205,-3619.74400663648,-477.454618575124,2.69018114046366,-4.63119703838379,5.35584359152143
228,1476.70262608131,-2378.57618245182,148,1473.9576615463,-2376.47018471382,-2.74496453501251,2.10599773800413,3.45977698283502
229,2145.05870929016,-2160.00667268681,282,2139.30199079502,-2158.32450299293,-5.75671849514265,1.68216969388459,5.99745802080692
230,208.552307715304,-2176.59179861248,588,204.120166897327,-2178.41686841459,-4.43214081797635,-1.82506980210337,4.79319851590998
231,-110.952390621652,-2120.26809244951,781,-113.913274348392,-2122.15824523394,-2.96088372674001,-1.89015278443094,3.51276386792022
232,554.491767310868,-193.126117956286,542,551.431054900328,-190.994894420583,-3.0607124105403,2.13122353570213,3.72962118976796
233,3651.68882562412,-4385.38029410384,626,3602.02619349193,-4569.98242117571,-49.6626321321919,-184.602127071876,191.165693443563
234,-1165.58786734808,2154.67729840172,740,-1161.58661419213,2153.49711649552,4.00125315594414,-1.18018190620251,4.17167306361377
235,-3567.21823088179,-3136.57495353274,568,-3573.8185999584,-3144.57261140474,-6.60036907661333,-7.9976578719984,10.3695421010309
236,-932.433910657384,-528.982403532248,96,-927.367040133922,-527.972565921014,5.06687052346149,1.00983761123416,5.16652193478224
237,-3896.05716723041,-455.938789252947,430,-3894.14831153802,-464.251064155174,1.90885569238935,-8.31227490222693,8.52863670844051
238,1853.67547420809,256.745819041197,716,1855.71260455786,256.203753107246,2.03713034976727,-0.542065933950084,2.10801696831218
239,-2490.71194130474,-2401.41273689012,743,-2492.84934027304,-2403.45136113719,-2.13739896830612,-2.0386242470704,2.95372022548843
240,195.588932311531,3516.52397741974,204,204.694234480808,3516.33355966761,9.10530216927657,-0.190417752137364,9.10729303987533
241,-3227.30975713128,988.937290275356,730,-3127.19402001405,1330.2842017909,100.115737117224,341.346911515541,355.725842215214
242,1954.22371709889,-874.038597563537,139,1953.87816133226,-873.561251173574,-0.345555766637062,0.477346389962804,0.589294802171756
243,-503.354689619756,194.051122786823,252,-500.260758027753,184.445305172736,3.09393159200374,-9.6058176140865,10.091786003037
244,2811.72144942969,-2265.89237675507,599,2809.81292829502,-2260.50853285166,-1.90852113467736,5.38384390340889,5.71211240241149
245,2520.59772773415,-5558.23309706101,142,2512.44592005444,-5552.78612408667,-8.15180767971606,5.44697297433868,9.80415641604384
246,-902.702292185715,-1775.71415862919,143,-906.700607128782,-1778.2917627318,-3.99831494306761,-2.57760410260244,4.75715937232617
247,-1213.60709814079,-1831.94362901965,55,-1211.53049395455,-1833.97631832897,2.07660418623482,-2.03268930931608,2.90587521660788
248,2010.35885632186,3573.37326858529,325,2116.33928745598,3660.99859070357,105.980431134117,87.6253221182815,137.513813341446
249,803.9283328474,2396.78157620651,21,733.984546445708,2270.03283594115,-69.9437864016925,-126.748740265361,144.766627421729
250,3958.30301644453,-1031.89407204706,46,3960.81843316445,-1030.28170146253,2.5154167199139,1.61237058452821,2.98781863182393
251,4207.96288894118,-4786.21739714017,775,4204.22308855829,-4778.36895397751,-3.73980038289756,7.84844316266026,8.69391551496961
252,-681.703519190574,-6801.01950435344,25,-693.147466075703,-6805.40159123137,-11.4439468851293,-4.38208687793667,12.254248476159
253,4541.73276714824,-3843.09011882664,525,4532.58974630657,-3831.15744124207,-9.14302084167775,11.9326775845639,15.0327517257655
254,-2283.82245933106,-3182.39914460198,116,-2285.03687505472,-3194.51649116716,-1.21441572366211,-12.1173465651782,12.1780496521616
255,1172.11752686282,-1665.70692213016,425,1170.84997747096,-1666.34858395397,-1.26754939186185,-0.641661823815866,1.42070804775367
256,2069.24090044362,-3128.91643778286,577,2063.52506977618,-3126.20244873351,-5.71583066744324,2.71398904935404,6.32743682535814
257,-2356.72746621348,727.459461238936,331,-2352.77684990489,719.476292972397,3.95061630858527,-7.98316826653934,8.90720746303467
258,-3211.39703833964,-1324.20672387709,107,-3210.43381961807,-1332.8153179544,0.963218721567046,-8.6085940773105,8.66231391104494
259,1896.24722504512,-3500.47447188055,91,1891.30479473337,-3497.05010765902,-4.9424303117512,3.42436422152878,6.01281030036732
260,4436.50064032982,691.390536974312,625,4440.73893295041,695.939522049886,4.2382926205828,4.54898507557425,6.2174262806634
261,2940.00996119313,-2682.70817038255,776,2936.10779665974,-2678.42973362221,-3.90216453339781,4.27843676034263,5.79067432670487
262,778.122679269227,4144.39253321427,573,786.798764125498,4146.65976632429,8.67608485627102,2.26723311001388,8.96742964334588
263,4436.79172159297,1053.41571552323,303,4440.73893295041,1064.49091064149,3.94721135744112,11.075195118256,11.7575688136517
264,-177.936376616295,-808.487440985759,20,-175.338505780323,-810.987884574694,2.59787083597223,-2.50044358893422,3.60571088994075
265,-1403.95683255514,2685.5331143776,752,-1399.82466133468,2674.75048229175,4.13217122045717,-10.7826320858485,11.5472937822653
266,-2018.29305868046,-5139.71987096562,482,-2024.4101921566,-5147.4944101526,-6.11713347613795,-7.77453918698575,9.89256192979678
267,-4693.24724478659,-923.377169708729,383,-4696.12072565403,-932.690212271614,-2.87348086744259,-9.31304256288445,9.74626359553526
268,1331.61269930687,-4783.40017092687,491,1325.84822500949,-4784.68369739575,-5.76447429738323,-1.28352646888015,5.90564171970395
269,2495.12248189603,-2290.0372289733,731,2575.5933542368,-2315.61902086536,80.4708723407684,-25.581791892062,84.4392643957361
270,1799.1294853188,-1042.85135708372,2,1818.39821163192,-993.541376120064,19.2687263131156,49.3099809636535,52.941080800883
271,-2818.52590643393,1393.16078386833,213,-2810.30871393528,1387.6909601385,8.21719249865191,-5.46982372983575,9.8712321518327
272,-500.627779332052,-1899.20259094104,67,-503.705163528613,-1897.69782009481,-3.07738419656027,1.50477084622707,3.42558444544779
273,5171.52808605506,-1654.19090770291,510,5235.82253606473,-1796.08785781955,64.2944500096692,-141.896950116643,155.783570232714
274,733.091496144285,-5399.81274120946,47,728.243870610947,-5401.80634963248,-4.84762553333758,-1.99360842302667,5.24155967778955
275,4086.44893463285,1973.59726481852,419,4092.85397736394,1980.70277386923,6.40504273108991,7.10550905070704,9.56623391187814
276,2687.4342556118,1766.51060636974,122,2692.70314126591,1768.87183556658,5.26888565410627,2.36122919683339,5.77378206689734
277,-1880.3326932879,-60.1788662508483,462,-1878.02295837021,-65.2740936393338,2.30973491768736,-5.09522738848557,5.59430223802377
278,1854.63724106908,1362.81195448644,258,1856.28667214134,1361.85791888208,1.64943107225599,-0.954035604366254,1.90546760573935
279,-1036.04688947917,1131.70435004188,19,-1030.6992051596,1125.34207448995,5.34768431956672,-6.36227555193273,8.31121397754027
280,1497.18945287223,-3906.88799114567,16,1492.32782421754,-3909.80470017828,-4.86162865469623,-2.91670903260956,5.66944660060131
281,4338.27676440155,1959.2155630288,388,4341.99930859253,1963.48074636495,3.72254419097226,4.26518333614786,5.66119458636555
282,932.184637720497,1614.31465028515,670,937.778538579697,1616.16985836196,5.59390085919995,1.85520807680496,5.89351540515508
283,4042.25441224747,462.772249547673,237,4030.28061076505,460.571812824706,-11.9738014824252,-2.2004367229664,12.1743108105677
284,2095.23673576664,-2817.49592542947,232,2097.96912478474,-2805.87273715389,2.73238901809373,11.6231882755869,11.9400358222218
285,2006.30120027665,3878.00334705225,605,2018.17373068158,3880.29240759141,11.8725304049317,2.28906053915944,12.0911858958484
286,2707.40521272846,-6159.23245138004,168,2696.14754676676,-6159.57555982083,-11.2576659616993,-0.343108440793912,11.26289333641
287,-2598.15706556877,3381.73863040486,479,-2397.55412141602,3395.20529955417,200.602944152748,13.4666691493076,201.054451283047
288,-2756.29254276012,-3708.21903950411,624,-2758.64263142244,-3713.47358662948,-2.35008866232738,-5.25454712537612,5.75614299801509
289,-223.74028500528,3278.45943415791,540,-214.949169040173,3275.79924219115,8.79111596510711,-2.6601919667628,9.18478857742465
290,-2401.25297593613,-4790.67270854163,576,-2611.1072624691,-4808.79453590174,-209.854286532977,-18.1218273601107,210.635282427077
291,3886.85119764004,-1280.74372688523,404,3882.74524181171,-1275.40855960679,-4.10595582833412,5.33516727843175,6.73222720599059
292,-2604.1486151774,-4806.4428964222,576,-2611.1072624691,-4808.79453590174,-6.95864729170717,-2.35163947954061,7.34526925116551
293,-3396.02627619701,83.0513359863639,270,-3390.11697324607,69.0577208940563,5.90930295093995,-13.9936150923077,15.1901653946772
294,-3162.11956688283,-5319.28865987423,659,-3169.67502119127,-5326.60349619712,-7.55545430843995,-7.31483632289655,10.5162598026908
295,1284.76243472498,-6167.68022413988,93,1273.60807491317,-6165.89030323907,-11.1543598118164,1.78992090080283,11.2970597786591
296,-1674.97219822681,-4662.92520683392,133,-1677.09930415361,-4671.01831586749,-2.12710592680696,-8.09310903357164,8.36797427416792
297,-1088.29276572157,-4729.21800382737,379,-1095.56884209239,-4734.73981763333,-7.27607637081928,-5.52181380596448,9.13409629146391
298,376.876743637722,-2213.17419586672,361,379.784847440998,-2215.15719375705,2.90810380327503,-1.98299789033172,3.5198506166715
299,3490.42642752995,1790.9016735466,759,3497.5458932993,1798.14928232386,7.11946576934679,7.24760877725294,10.1594599181755
300,1940.90176793341,324.155060352652,738,1940.67460691231,329.110336208696,-0.227161021101892,4.95527585604452,4.96047991015041
301,2062.49273683749,-263.241069189362,442,2062.37693460923,-259.883004437704,-0.115802228258872,3.35806475165816,3.36006086736516
302,-4739.05970405946,125.922524063429,354,-4736.87952408083,113.260924821716,2.18017997862898,-12.6615992417125,12.8479290197661
303,4785.3802069813,-626.20555813519,179,4783.45728028563,-626.138122695414,-1.92292669567541,0.0674354397760908,1.92410878473099
304,928.773989013654,-3858.4532394741,144,925.149051743218,-3864.45336108368,-3.62493727043625,-6.00012160958522,7.01010909646985
305,-4259.58357816127,-2328.26707772771,515,-4259.82936221225,-2335.13731870354,-0.245784050986003,-6.87024097583253,6.87463605332874
306,-703.66671143716,3300.50452176085,488,-695.443736409603,3300.48414828062,8.22297502755748,-0.0203734802298641,8.22300026648003
307,-3936.25012130751,-1029.07627257537,115,-3936.05524513177,-1038.31864763119,0.194876175733498,-9.24237505582369,9.244429316966
308,2003.68425356386,-5013.69301816229,277,1992.91475700863,-5010.8663252853,-10.7694965552287,2.82669287698263,11.1342825846063
309,573.776980330756,-7235.91011701007,225,498.042769637057,-7100.47232913804,-75.7342106936994,135.437787872032,155.174305389349
310,-1729.10175827501,-3926.12394990438,434,-1725.32098116559,-3927.60079526604,3.78077710941261,-1.47684536166116,4.05898358869785
311,3116.22835775879,-5660.4525339993,287,3105.45773378517,-5657.26642427931,-10.7706239736217,3.18610971998987,11.231991627889
312,127.395044230553,-5370.5899577015,298,115.713759042027,-5373.67703804215,-11.6812851885263,-3.08708034065694,12.0823213285095
313,398.079845098831,400.477412585894,497,400.451280446127,397.424378642346,2.37143534729597,-3.0530339435478,3.86584038300339
314,-207.018186362519,-2481.54821803053,348,-203.467817370652,-2482.09862007341,3.55036899186678,-0.550402042879341,3.59277920101067
315,4771.03989349304,-3425.28188115728,671,4763.93898244743,-3418.4028487228,-7.10091104561707,6.87903243447363,9.88655778885182
316,-839.744362446151,2445.42672267222,598,-831.497753693423,2445.12344890134,8.24660875272787,-0.303273770883607,8.25218340202602
317,-3967.23274395198,1645.9042765771,526,-3961.88828638819,1643.72510236881,5.34445756378909,-2.17917420829144,5.7716572040641
318,-1278.72974954949,-2810.87493150829,292,-1278.12233363777,-2809.89121023822,0.607415911719727,0.983721270072238,1.1561408335505
319,5455.39878053367,-1653.13444864161,350,5458.56075845343,-1643.38588061493,3.16197791975719,9.74856802668182,10.2485454058552
320,4149.23195021971,-1768.18585651875,439,4150.83480329502,-1762.79193797794,1.60285307531194,5.39391854081032,5.62703253997471
321,2813.83757513934,2253.63877946152,606,2949.31135107969,2380.82787955203,135.473775940343,127.189100090508,185.823064094228
322,-3774.62903349051,2131.37291243264,545,-3886.68543295283,2344.66162179304,-112.056399462324,213.288709360399,240.9329994025
323,5372.01534226028,-1122.41917406579,737,5369.58028301463,-1114.09556865003,-2.43505924564852,8.32360541576122,8.67248065129625
324,6008.91962323776,-2821.25098429701,214,6001.05462483823,-2808.74307507127,-7.86499839953376,12.5079092257442,14.7751816579062
325,152.443312565572,121.899500155005,769,151.880016801008,120.149735823426,-0.563295764564032,-1.74976433157894,1.83819948167811
326,-411.010512724319,3980.23502917902,269,-398.076728169022,3982.47643745014,12.9337845552963,2.24140827112024,13.126564438598
327,-4799.28100743975,-3569.10647496466,74,-4801.17509343014,-3582.01211001347,-1.89408599039143,-12.9056350488117,13.0438866045407
328,1663.75889031222,1773.65055567202,236,1669.71470751163,1774.61251140134,5.95581719940265,0.961955729319925,6.03300234857171
329,3023.18003783966,3412.98976368936,118,3027.38454243243,3417.59393530973,4.2045045927639,4.60417162036902,6.23508261215392
330,-2790.30590681913,1539.23313785525,262,-2743.71687425206,1671.28034637566,46.5890325670689,132.047208520408,140.025009314649
331,-3308.96804827123,-2094.10867158732,441,-3314.91411981071,-2098.62147431142,-5.94607153948755,-4.51280272410077,7.46466041956063
332,-3249.60093372564,-1338.80344017256,18,-3250.04448287792,-1346.01887237435,-0.443549152286778,-7.21543220178728,7.22905233824484
333,-626.034702314,3225.12372990853,111,-616.222409889912,3226.42943001221,9.81229242408733,1.30570010367273,9.89878454036316
334,-303.183505014796,-6588.18638982975,223,-317.707266482383,-6591.84845017828,-14.5237614675863,-3.66206034853076,14.9783287840675
335,2554.27712366733,-2628.180584998,508,2548.03811022995,-2622.74517802503,-6.23901343737953,5.43540697297112,8.27459591965828
336,-4115.02940481279,-4649.64380921032,207,-4122.62720976148,-4653.22222077974,-7.5978049486921,-3.57841156941959,8.39831348536872
337,2340.14311013526,783.317286553803,245,2341.94784776206,788.938470572996,1.80473762679958,5.62118401919349,5.90379434594588
338,5190.177242753,-3318.70726289225,127,5184.15645355183,-3312.77441336322,-6.02078920117401,5.93284952902832,8.45272773364108
339,3694.45608109296,-2071.98749344336,719,3689.85853376377,-2068.76995997067,-4.59754732919691,3.21753347269396,5.61159185010026
340,5230.495312014,-4660.72874207783,339,5221.47084647783,-4653.22222077974,-9.02446553617665,7.50652129808532,11.7383491263571
341,-2393.62253978225,-3033.44257773038,175,-2394.68378349864,-3040.0923112121,-1.06124371639498,-6.64973348172225,6.73388399094651
342,4549.87007369042,-274.310527541197,124,4546.94143589347,-269.068085773324,-2.92863779695745,5.24244176787295,6.00500749669029
343,5266.72636198071,1542.98239143565,336,5269.69252348983,1296.41421436581,2.96616150911814,-246.568177069847,246.586017563132
344,-3003.56786621326,-1037.74148728717,211,-3001.4732192328,-1038.89271521467,2.09464698045213,-1.15122792750867,2.39016144094769
345,3227.14448719257,-3784.51188921533,457,3120.95755853902,-3782.3616966466,-106.186928653552,2.15019256872165,106.208696183302
346,3285.11325976789,2576.91524997211,9,3292.02969841488,2580.02933101821,6.91643864699063,3.11408104609791,7.58515816046388
347,-4792.58591638621,-2675.55105037272,158,-4788.54560659367,-2688.76295012478,4.04030979254185,-13.2118997520524,13.8158748647341
348,193.61397415971,2033.22298651637,590,206.416437231237,2022.03563987951,12.8024630715269,-11.1873466368638,17.00175830528
349,2105.23938729539,3658.52843380711,325,2116.33928745598,3660.99859070357,11.0999001605851,2.47015689645832,11.371431689461
350,-4122.77189042124,-825.865495270757,346,-4100.81264158939,-861.505831920584,21.9592488318422,-35.640336649827,41.8621810919087
351,4113.19514808462,214.603147575241,289,4110.07600486822,218.889360181307,-3.11914321640143,4.28621260606508,5.30100678256633
352,2867.86406312253,-4557.20819292089,660,2862.05307839134,-4553.33446125491,-5.81098473119346,3.87373166597445,6.98379127452537
353,56.8222310854413,3061.79796592402,113,64.0476765291769,3063.9683038885,7.22544544373557,2.17033796447868,7.54436403817157
354,-1694.18941354901,3186.326436032,51,-1688.00658823965,3187.39283433584,6.1828253093563,1.06639830383301,6.27411620456896
355,-4267.78901441367,-4408.16146451547,445,-4273.60698421567,-4413.26197088676,-5.81796980200306,-5.10050637129734,7.73717893425403
356,5392.82468252217,814.554930809768,788,5395.41332427103,825.104728331986,2.58864174885821,10.549797522218,10.8627479885952
357,2516.34756427276,-2539.87105284378,508,2548.03811022995,-2622.74517802503,31.6905459571853,-82.874125181258,88.7266100311699
358,-1695.29256722342,-5794.80300106002,416,-1702.35827782655,-5805.9499283996,-7.06571060313263,-11.1469273395824,13.1976609837179
359,3155.84982671457,-5968.44007696575,194,3218.54904772995,-5830.63483448907,62.6992210153758,137.805242476678,151.398405440715
360,-2011.73880345701,3519.03291015143,389,-2189.16758861422,3512.31508658328,-177.428785157215,-6.7178235681522,177.555915012308
361,-2524.08990555243,3346.58507738494,479,-2397.55412141602,3395.20529955417,126.535784136409,48.6202221692238,135.555267956655
362,1292.9492687311,-5040.52883366703,70,1283.94129141574,-5041.29190720953,-9.00797731536295,-0.7630735425073,9.04023984999116
363,1983.79916718034,-6207.92415755539,186,1973.97052675392,-6202.05656099806,-9.82864042642086,5.86759655732112,11.4468712752158
364,-1529.76972698308,-465.771928629119,321,-1521.5269890316,-467.121402072554,8.24273795148065,-1.34947344343431,8.35247313741947
365,-3438.24668951119,-3020.01462483924,582,-3441.20898817544,-3028.61095954258,-2.96229866424937,-8.59633470333983,9.09242452308835
366,121.867026538974,3702.26956501754,654,129.491381045447,3704.05365946427,7.62435450647286,1.78409444672525,7.83031127320037
367,2888.68664338049,3499.41077632915,40,2897.07120098337,3506.00034316504,8.38455760287434,6.58956683588713,10.6641078989544
368,3404.8555110677,3537.60058187314,50,3147.9387349624,3404.39038088978,-256.9167761053,-133.210200983368,289.397974233356
369,4892.28133767738,-2077.64593146751,408,4901.71520248163,-2075.65877097238,9.43386480424488,1.98716049513132,9.64088232363516
370,-2194.07554612966,3517.1611534056,389,-2189.16758861422,3512.31508658328,4.90795751543919,-4.8460668223197,6.89727559401129
371,-1909.18933236292,-1624.5012011613,178,-1906.72633754402,-1630.75639377846,2.4629948188981,-6.25519261715294,6.72263178789405
372,-1273.5542140544,194.787861508121,591,-1273.52979296996,187.315643090116,0.0244210844334702,-7.47221841800445,7.47225832501325
373,-222.502502399058,-6723.20560877864,566,-232.171196544453,-6726.75433229515,-9.66869414539462,-3.54872351651011,10.2993730427546
374,-5139.05017671545,-913.701669959337,668,-5107.15311542287,-735.785031139334,31.8970612925814,177.916638820004,180.753292883174
375,974.397679231208,1255.47605032613,99,979.111404589968,1259.09982143987,4.7137253587598,3.62377111373689,5.94566428942714
376,1015.81514009625,-804.417502023613,183,1017.57393268286,-803.525005989504,1.75879258660382,0.892496034109058,1.97228307643526
377,-4396.16457679705,-1121.01995192979,790,-4392.43897399521,-1125.00285273607,3.72560280183188,-3.98290080628635,5.45377072031214
378,2193.40548761736,-6366.63384023569,60,2180.06078922182,-6380.01751187563,-13.3446983955405,-13.3836716399428,18.8998317937952
379,3617.78525423603,-4743.12770916769,733,3611.21127482755,-4741.62862863505,-6.5739794084875,1.4990805326388,6.74273295530487
380,-4112.40949719741,-2545.05742165521,222,-4114.59026359281,-2553.28300042443,-2.18076639540686,-8.22557876922201,8.50975253224274
381,4576.49768869891,-4247.80332784727,219,4565.88566614818,-4243.91203376133,-10.6120225507311,3.89129408593453,11.3029727187344
382,4925.40399913721,176.354364144594,59,4930.41858165543,181.574967255356,5.01458251821714,5.22060311076245,7.23883517370796
383,2355.95262124519,-5141.14936629331,271,2345.96632084639,-5142.32780190131,-9.98630039879799,-1.17843560800338,10.0555907900652
384,2552.59397995025,-85.142763116166,691,2554.35285364819,-81.3479859766635,1.75887369794054,3.79477713950246,4.18257937447665
385,5006.65798915485,-4283.77630916773,718,4970.02924491533,-4505.11278424292,-36.6287442395242,-221.336475075192,224.346829938101
386,-3574.21115221793,-2898.61500560237,729,-3577.83707304273,-2905.76049667871,-3.62592082480114,-7.14549107634457,8.01282375632002
387,-3195.7262799669,2853.99535791149,125,-3188.61925144598,2846.39668975108,7.10702852091799,-7.59866816041585,10.404307387292
388,3267.74364238604,1110.15330908934,85,3277.1039412445,1112.71258765348,9.36029885845528,2.55927856413882,9.70387043856521
389,-4537.27030408422,861.700766438437,768,-4464.77148951319,764.253564483526,72.4988145710304,-97.4472019549111,121.457956853579
390,-1376.99419974448,-1004.14816308052,774,-1375.71382282869,-1007.89306570696,1.28037691578402,-3.74490262644042,3.95773429224259
391,-3699.46436378031,-714.020545607151,444,-3691.50245457098,-720.859273968954,7.96190920932213,-6.8387283618024,10.4957231224918
392,826.297466135039,3900.36610078764,167,835.594508720957,3905.55138126435,9.29704258591812,5.18528047670225,10.6452869602677
393,4461.51817313727,-5302.77165365269,563,4455.09062253731,-5295.60384668941,-6.42755059996125,7.16780696327169,9.62760943213778
394,4763.76694653494,2058.94740350067,692,4769.10559069873,2062.22037072283,5.33864416379129,3.27296722215715,6.26206323386293
395,-1071.91740541511,113.563502651278,646,-1071.4580035864,112.112789654766,0.459401828709815,-1.45071299651181,1.52171555767502
396,0.35894595568891,3914.43796828032,38,10.0853236824369,3915.31053018345,9.72637772674796,0.872561903124733,9.765438441676
397,5422.72867958662,-1.24906857681674,65,5420.09823036053,4.7621515447463,-2.63044922609788,6.01122012156304,6.56155701651394
398,-4465.2999724337,774.629841433134,768,-4464.77148951319,764.253564483526,0.528482920504757,-10.3762769496076,10.3897265378942
399,4575.6130087472,-622.025254815403,490,4573.34854473337,-615.230838609364,-2.26446401383328,6.79441620603893,7.16183557831583
400,-1041.06554886092,-4765.47599185982,379,-1095.56884209239,-4734.73981763333,-54.5032932314703,30.736174226482,62.572528949662
401,3569.87512303816,-6118.92754399765,735,3559.54519231471,-6115.94642347666,-10.3299307234533,2.98112052098259,10.7514905158294
402,655.399874887883,-1488.30775524377,138,658.781693010347,-1492.40610616073,3.38181812246455,-4.09835091696527,5.31348981856743
403,1866.41007112483,1561.71855863599,155,1870.06429414476,1559.33716759783,3.6542230199243,-2.38139103816729,4.36169338170488
404,-456.06890112452,-6174.07698791571,614,-468.112973353092,-6175.07538457469,-12.0440722285724,-0.998396658983438,12.0853825647242
405,3965.64593857277,-2622.01820259854,78,3984.35520408697,-2386.22933363291,18.7092655141973,235.788868965632,236.529971344379
406,-1238.87266841155,4271.80077454451,200,-1227.60438629188,4269.51022918816,11.2682821196663,-2.29054535635805,11.498729493206
407,1150.57898145047,3082.03031355922,536,1159.94269338492,3081.76439897626,9.36371193444575,-0.265914582962978,9.36748694990893
408,-2645.93149207093,2417.35551859638,613,-2636.94030372552,2413.54973181016,8.99118834540377,-3.80578678622669,9.76347688709008
409,4350.65112798226,2011.86638028774,499,4354.05472784553,2014.57276129432,3.4035998632653,2.70638100657288,4.34844687008569
410,783.721052525825,-2400.17873974022,284,942.371079247498,-2634.80059727803,158.650026721673,-234.621857537813,283.226494193748
411,-71.4026465142598,1104.49511746716,123,-67.9878676703029,1104.10157390134,3.41477884395692,-0.393543565819982,3.43738142942183
412,4136.44107025034,1486.66061543028,675,4146.24226262721,1497.33786858242,9.80119237686722,10.6772531521333,14.4936919686842
413,187.832953914126,-6215.41414613249,52,175.990855307007,-6215.83418300148,-11.8420986071192,-0.420036868988973,11.8495455774491
414,-798.936491603305,-5330.17683456828,746,-808.535050354382,-5331.19603686493,-9.59855875107735,-1.01920229665029,9.65251798337516
415,251.456007735887,4541.29602215973,332,260.952857661458,4540.47012858884,9.49684992557081,-0.825893570890003,9.53269419939882
416,3128.50480590941,-3784.89579140276,457,3120.95755853902,-3782.3616966466,-7.54724737039669,2.53409475616036,7.96131767379993
417,4742.17618650474,-3068.71039924903,674,4739.25407635793,-3062.48094696767,-2.9221101468147,6.22945228135768,6.88075602211195
418,4882.19853468567,552.072351272314,698,4882.77097222693,558.163302015636,0.572437541257386,6.09095074332265,6.117790916354
419,3660.11815592466,839.675837309545,257,3662.87735734039,841.752688252796,2.75920141572487,2.07685094325132,3.45347684124594
420,-637.328210447037,3546.17934643288,32,-625.981558809002,3545.03693884141,11.3466516380348,-1.14240759147742,11.4040167704184
421,1472.09884181716,-1840.09378267468,575,1558.34559631728,-2129.04705623565,86.2467545001139,-288.953273560971,301.550156629713
422,-1782.07815128471,280.780384264959,739,-1780.43146917929,281.462726780186,1.64668210542095,0.68234251522756,1.78245708627183
423,-844.029268818592,-6247.51910238863,509,-753.998629924163,-6165.31623565559,90.030638894429,82.2028667330405,121.913195507579
424,4975.16931445216,124.4285352659,66,4956.82569049533,148.853114997226,-18.3436239568355,24.4245797313259,30.5458448061547
425,-4137.98693980613,-296.801561395681,456,-4134.68262901447,-301.215870447974,3.30431079165737,-4.4143090522922,5.5140361095129
426,2147.21571362851,1109.33526668855,777,2343.09598292901,933.603501608956,195.880269300494,-175.731765079595,263.155340358549
427,3267.30344651181,2746.97239996883,9,3292.02969841488,2580.02933101821,24.726251903066,-166.943068950621,168.764261038366
428,-3358.73151678498,-556.53808838455,410,-3352.22851273665,-557.824080261764,6.50300404832888,-1.28599187721352,6.62893933905273
429,45.850106062189,535.733181571237,722,59.4551358613671,518.552638755786,13.6050297991782,-17.1805428154504,21.9150151099663
430,3036.10513191713,-2437.32028426698,673,3033.12521826719,-2436.7472809788,-2.97991364994505,0.573003288185191,3.03450459373517
431,118.198052651611,4049.32705927216,551,51.4181896927075,4022.66116829346,-66.7798629589033,-26.6658909787002,71.9070221779336
432,4226.99320188422,-476.550826255133,546,4224.31545397995,-470.565807573404,-2.67774790427575,5.98501868172934,6.55673565575908
433,933.180020798617,3474.74650230697,387,636.967124838257,3713.81280838336,-296.21289596036,239.066306076391,380.6504675345
434,-1109.8605387032,319.733079529317,587,-1108.77239651234,318.203052122656,1.08814219085616,-1.53002740666068,1.87750826700019
435,949.986008563003,-3754.25116699243,382,946.389552331837,-3751.3620471389,-3.5964562311658,2.88911985352661,4.61318880501687
436,-4587.32752567683,-3321.9370018411,1,-4591.64042546139,-3328.84830570054,-4.31289978456698,-6.91130385944098,8.14660822608045
437,2943.5745026794,1015.96766124329,197,2945.86694557883,1024.30617979817,2.2924428994279,8.33851855487876,8.64790067803711
438,5203.28993266138,-1437.63742549737,311,5205.97102172393,-1428.11053681142,2.68108906255293,9.52688868594555,9.89696148298751
439,2265.63851529485,1433.477144386,749,2272.48567016146,1438.20890748439,6.84715486661116,4.73176309838118,8.32304702537231
440,-365.990828455773,-5697.72074871165,517,-375.114024829983,-5701.46962820696,-9.12319637420967,-3.74887949531785,9.86340760350129
441,1487.61621912673,-5269.46013048825,272,1480.27240496454,-5271.49300818342,-7.34381416218957,-2.03287769517283,7.61998675670157
442,-3640.6818224646,-4744.79357731106,188,-3642.70670997552,-4743.35083138547,-2.02488751092096,1.44274592558395,2.48629950683195
443,4626.18475742731,1996.81434213583,157,4631.90343824792,2005.96174754218,5.71868082060791,9.14740540634693,10.7878791240936
444,5644.98842696032,-296.711643518139,308,5639.39204724833,-290.308586361934,-5.59637971199299,6.40305715620548,8.50403473807821
445,1620.68820602988,-5000.89797032025,253,1612.8820167475,-4996.5146356984,-7.80618928238346,4.38333462185074,8.95266516292851
446,2799.80977637655,-4469.61673202124,104,2789.14649528988,-4470.66872923436,-10.6632810866686,-1.05199721312056,10.715048374586
447,6408.35540324379,-1719.20048875087,280,6408.06854152273,-1709.40365271467,-0.286861721059722,9.79683603619151,9.80103494366946
448,-4272.50824254863,186.637984596906,56,-4452.14200267672,233.815117351676,-179.633760128096,47.17713275477,185.725522297608
449,5723.84198255584,-1358.6842229405,727,5643.41052033273,-1584.83098710038,-80.4314622231132,-226.146764159872,240.024121819722
450,4940.55103100155,-238.640957076552,760,4939.60366299103,-235.772165931714,-0.947368010527498,2.86879114483884,3.02117010114898
451,1751.77390882822,728.835817296045,373,1751.23230436522,739.568658394056,-0.541604463001704,10.7328410980114,10.7464977285395
452,-3827.40895226788,-1937.04696553335,5,-3820.66766085309,-1943.04915918942,6.74129141478397,-6.00219365606722,9.02614749624521
453,1770.93012669341,6.16291191621713,224,1770.17653461993,7.63248946212616,-0.753592073478558,1.46957754590903,1.65153237226817
454,402.467415838745,543.405251328667,192,390.692131527037,521.997044256646,-11.7752843117077,-21.4082070720207,24.4329419157838
455,-2838.25362528253,-5059.62628360827,703,-2843.03056619342,-5067.12494846595,-4.77694091088915,-7.49866485768143,8.89095827872075
456,-553.368265614382,2731.59723130275,585,-546.186164705833,2727.56469997155,7.18210090854893,-4.0325313312037,8.23673979179377
457,2924.61280266415,-57.2910646189197,766,2925.77458015718,-54.9408771367634,1.16177749303006,2.35018748215623,2.62166133293281
458,2766.53600660346,2848.50210164559,101,2769.05412986822,2845.24855458413,2.51812326475783,-3.25354706146072,4.11418439762419
459,3258.95201325764,2983.11931937948,705,3258.15971098979,2985.32104495228,-0.792302267857849,2.20172557279147,2.3399440979512
460,2296.18890120901,-4562.0494284472,247,2288.55956249879,-4560.22327225662,-7.62933871022096,1.82615619057287,7.84484898437463
461,5278.14026961508,1293.70733281904,336,5269.69252348983,1296.41421436581,-8.44774612524907,2.70688154676918,8.87082985435411
462,1556.1028620531,1684.5181158729,208,1560.06779906771,1687.35423871298,3.96493701460577,2.83612284007495,4.87486597700754
463,1685.67578872842,-5204.40480812386,658,1677.75165368029,-5207.77150641758,-7.92413504813794,-3.36669829372477,8.60967906847272
464,4566.60709009165,2389.87120145732,121,4571.62634198294,2398.04990705631,5.01925189128451,8.17870559898938,9.59604683310286
465,3800.25355540878,-3541.32238725308,689,3796.63510429031,-3534.93856816844,-3.61845111847106,6.38381908463361,7.33800617348451
466,1381.24828646281,4204.46731446664,564,1389.56972677533,4212.67753842403,8.32144031251801,8.2102239573851,11.6899164370503
467,1861.44087444738,-2811.01074949356,265,1911.97122773851,-2739.85496505414,50.5303532911284,71.1557844394169,87.2723453501453
468,-2357.11727019392,48.2860119550751,28,-2356.22125540575,35.7618010524461,0.896014788172124,-12.524210902629,12.5562216145683
469,-1147.9577075847,-4810.28809393145,418,-1151.25339768957,-4812.81300898607,-3.29569010487148,-2.5249150546224,4.15171883686825
470,-1642.99847536432,-899.223745557655,789,-1639.21084364419,-898.246157263044,3.78763172013123,0.977588294611337,3.91175573382405
471,2344.92888850396,933.993660457469,777,2343.09598292901,933.603501608956,-1.8329055749482,-0.390158848512897,1.87397085723047
472,4580.8258055319,-585.540372134397,341,4578.51515298465,-580.786783600804,-2.31065254725672,4.75358853359353,5.28542516178745
473,-4482.88977137102,493.884770122214,170,-4478.54911151662,485.830786497656,4.34065985439975,-8.05398362455787,9.14920653369701
474,-336.542985659904,3065.43659477795,397,-335.503361570133,3059.94983080417,1.03962408977065,-5.48676397378813,5.58438869994655
475,1836.83799802585,4116.475926728,259,1845.37938805529,4125.99333331915,8.54139002944203,9.51740659114512,12.7881340255811
476,-906.432361763925,2589.59726110588,598,-831.497753693423,2445.12344890134,74.9346080705017,-144.473812204548,162.750968966684
477,-441.836594996053,-5253.43902167907,531,-465.816703019193,-5158.40169423864,-23.9801080231397,95.037327440421,98.0160149558185
478,4675.82548833216,2222.27194841344,650,4678.97698009293,2228.69996993088,3.15149176076739,6.42802151743399,7.1590055836533
479,-319.036316741309,3120.63811125416,342,-314.262860981523,3121.3750622361,4.77345575978654,0.736950981934569,4.83000793378372
480,3277.40876124505,1046.57388987478,85,3277.1039412445,1112.71258765348,-0.304820000549171,66.1386977786992,66.1394002021098
481,-2316.18310951932,3242.22316789835,479,-2397.55412141602,3395.20529955417,-81.3710118967006,152.982131655816,173.276582904472
482,2898.24992517143,-226.129546380649,181,2893.62679548252,-228.309287346524,-4.62312968891592,-2.17974096587523,5.11122282813521
483,6015.72373483608,-3635.64553834861,446,6010.23970617383,-3625.06717877417,-5.48402866225479,10.5783595744383,11.915379207333
484,1119.34987675304,430.228530286312,420,1121.48016529202,432.442501234386,2.13028853897526,2.21397094807401,3.07242520140118
485,2892.25758378108,2787.47065187256,101,2769.05412986822,2845.24855458413,-123.203453912861,57.7779027115621,136.078569575834
486,4699.00131964912,2095.82620496812,369,4705.38408893283,2101.83103398268,6.38276928370487,6.00482901455416,8.76343056245886
487,4380.21079208191,1727.02283632787,707,4388.49878285409,1733.27964539107,8.28799077217718,6.25680906319485,10.3845293919836
488,-1771.04885901923,1929.29097106368,787,-1764.93164442544,1927.31448860596,6.11721459378805,-1.97648245772007,6.4285921703067
489,-4292.848835407,540.645113642118,170,-4478.54911151662,485.830786497656,-185.700276109619,-54.8143271444611,193.621287588655
490,-816.885717061243,1370.89621992876,6,-546.760232289313,1356.11724304732,270.12548477193,-14.7789768814455,270.529472850802
491,-2584.91244001296,-1783.20561751027,396,-2865.99326953246,-1785.75464131699,-281.080829519498,-2.54902380671706,281.092387384889
492,2144.48568172965,-5238.0639277677,239,2138.15385562807,-5238.19708834181,-6.33182610157792,-0.133160574111571,6.33322615411144
493,3880.96030066492,298.929104189204,268,3881.59710664476,303.277294952276,0.63680597983921,4.34819076307269,4.39457446950551
494,4473.76759162065,-5480.87187587555,563,4455.09062253731,-5295.60384668941,-18.6769690833462,185.268029186142,186.207067031993
495,-3202.10318294626,-2082.58320249411,114,-3150.15672335309,-2100.91774464532,51.946459593169,-18.3345421512176,55.087113739599
496,-4833.64796823541,-1599.53042419658,534,-4833.3228781048,-1606.64555527246,0.325090130603712,-7.11513107588689,7.12255388326879
497,-1924.5062849689,-2324.55406423723,98,-1923.9483650483,-2329.39664286878,0.557919920597215,-4.84257863155335,4.87461202974927
498,-746.684418383583,-5368.29910831356,362,-752.276427173732,-5371.95483529172,-5.59200879014918,-3.65572697815878,6.68093571649538
499,6100.52966243366,-426.605197039199,347,6100.36831677963,-426.936671229224,-0.161345654027173,-0.331474190025176,0.368656423687833
500,735.510174797037,-6240.30717985562,522,404.469753530468,-6494.83102857083,-331.04042126657,-254.523848715217,417.576520026156
501,2590.97692034637,146.021047352422,330,2591.66724657413,148.853114997226,0.690326227756941,2.83206764480474,2.91498841258057
502,3611.90418761773,-4572.92635293868,626,3602.02619349193,-4569.98242117571,-9.87799412580171,2.94393176296217,10.3073518507108
503,-721.942351133393,-1196.12166211184,228,-726.443385917312,-1212.26112542443,-4.50103478391964,-16.1394633125897,16.7553451216166
504,3581.87157811944,449.981601805057,250,3584.23009840418,434.738771568286,2.3585202847421,-15.2428302367713,15.4242176968743
505,4375.01155257434,-5964.98216292174,184,4367.25828226548,-5954.63343251989,-7.75327030886092,10.3487304018445,12.930948202368
