Identifier,Coord. [pixels],Coord. [µm],Max AAU score,Spectrum yielding score,Group,Group ID,No. of pixels [-],Area on map [µm²],Major dim [µm],Minor dim [µm],Feret min [µm],Volume [µm³],Mass [ng]
MP_-1,[20;276],[500;6900],0.771,Protein4,Protein,25,4,2500.0,60.4,52.7,50.0,52739.305,52.73930
MP_-1,[21;175],[525;4375],0.777,Protein4,Protein,25,3,1875.0,60.4,39.6,30.0,29665.861,29.66586
MP_-1,[23;311],[575;7775],0.781,Protein4,Protein,25,3,1875.0,60.4,39.6,50.0,29665.861,29.66586
MP_-1,[26;278],[650;6950],0.769,Protein4,Protein,25,4,2500.0,60.4,52.7,50.0,52739.305,52.73930
MP_-1,[29;183],[725;4575],0.790,Protein4,Protein,25,5,3125.0,75.0,53.1,55.0,66314.570,66.31457
MP_-1,[30;327],[750;8175],0.822,Protein4,Protein,25,5,3125.0,80.9,49.2,55.0,61476.977,61.47698
MP_-1,[35;210],[875;5250],0.728,Protein4,Protein,25,2,1250.0,50.0,31.8,25.0,15915.494,15.91549
MP_0,[40;152],[1000;3800],0.886,PET6,PET,6,6,3750.0,104.1,45.9,77.5,68827.445,68.82745
MP_1,[46;130],[1150;3250],0.848,PET6,PET,6,11,6875.0,152.5,57.4,75.0,157875.766,157.87577
MP_-1,[48;178],[1200;4450],0.720,Protein4,Protein,25,4,2500.0,60.4,52.7,50.0,52739.305,52.73930
MP_-1,[53;162],[1325;4050],0.693,Protein6,Protein,25,2,1250.0,50.0,31.8,25.0,15915.494,15.91549
MP_-1,[58;168],[1450;4200],0.782,Protein4,Protein,25,4,2500.0,60.4,52.7,50.0,52739.305,52.73930
MP_-1,[61;234],[1525;5850],0.828,Protein4,Protein,25,11,6875.0,104.1,84.1,97.5,231336.656,231.33666
MP_2,[62;120],[1550;3000],0.878,PET6,PET,6,6,3750.0,80.9,59.0,50.0,88526.844,88.52684
MP_-1,[61;135],[1525;3375],0.666,Protein4,Protein,25,3,1875.0,60.4,39.6,50.0,29665.861,29.66586
MP_-1,[62;226],[1550;5650],0.739,Protein4,Protein,25,4,2500.0,60.4,52.7,50.0,52739.305,52.73930
MP_-1,[62;261],[1550;6525],0.704,Protein1,Protein,25,3,1875.0,60.4,39.6,30.0,29665.861,29.66586
MP_-1,[66;180],[1650;4500],0.773,Protein4,Protein,25,4,2500.0,60.4,52.7,50.0,52739.305,52.73930
MP_-1,[67;116],[1675;2900],0.692,Cellulose7,Cellulose,26,4,2500.0,75.0,42.4,55.0,42441.320,42.44132
MP_-1,[68;108],[1700;2700],0.769,Cellulose6,Cellulose,26,8,5000.0,128.1,49.7,50.0,99411.547,99.41155
MP_-1,[69;219],[1725;5475],0.833,Protein4,Protein,25,6,3750.0,80.9,59.0,55.0,88526.844,88.52684
MP_-1,[72;253],[1800;6325],0.884,Protein4,Protein,25,10,6250.0,104.1,76.5,100.0,191187.328,191.18733
MP_-1,[73;309],[1825;7725],0.725,Protein4,Protein,25,3,1875.0,60.4,39.6,50.0,29665.861,29.66586
MP_-1,[78;380],[1950;9500],0.886,Cellulose6,Cellulose,26,5,3125.0,80.9,49.2,50.0,61476.977,61.47698
MP_-1,[79;102],[1975;2550],0.693,Cellulose7,Cellulose,26,26,16250.0,200.9,103.0,175.0,669456.188,669.45619
MP_-1,[79;288],[1975;7200],0.947,Protein4,Protein,25,10,6250.0,115.1,69.1,75.0,172785.984,172.78598
MP_-1,[79;390],[1975;9750],0.796,Protein4,Protein,25,5,3125.0,80.9,49.2,50.0,61476.977,61.47698
MP_-1,[80;194],[2000;4850],0.898,Protein4,Protein,25,4,2500.0,60.4,52.7,50.0,52739.305,52.73930
MP_-1,[80;383],[2000;9575],0.796,Protein4,Protein,25,5,3125.0,80.9,49.2,55.0,61476.977,61.47698
MP_-1,[82;410],[2050;10250],0.799,Protein4,Protein,25,4,2500.0,60.4,52.7,50.0,52739.305,52.73930
MP_-1,[82;212],[2050;5300],0.750,Protein4,Protein,25,4,2500.0,60.4,52.7,50.0,52739.305,52.73930
MP_-1,[85;281],[2125;7025],0.769,Protein4,Protein,25,4,2500.0,75.0,42.4,55.0,42441.320,42.44132
MP_-1,[86;360],[2150;9000],0.674,Protein4,Protein,25,4,2500.0,60.4,52.7,50.0,52739.305,52.73930
MP_-1,[87;391],[2175;9775],0.670,Protein4,Protein,25,3,1875.0,60.4,39.6,30.0,29665.861,29.66586
MP_-1,[89;308],[2225;7700],0.773,Cellulose6,Cellulose,26,5,3125.0,80.9,49.2,75.0,61476.977,61.47698
MP_-1,[90;113],[2250;2825],0.858,Protein4,Protein,25,7,4375.0,95.7,58.2,75.0,101851.133,101.85113
MP_-1,[89;194],[2225;4850],0.722,Protein4,Protein,25,5,3125.0,80.9,49.2,50.0,61476.977,61.47698
MP_-1,[88;400],[2200;10000],0.788,Protein4,Protein,25,4,2500.0,60.4,52.7,50.0,52739.305,52.73930
MP_-1,[90;315],[2250;7875],0.813,Cellulose6,Cellulose,26,7,4375.0,95.7,58.2,75.0,101851.133,101.85113
MP_-1,[92;182],[2300;4550],0.720,Protein4,Protein,25,4,2500.0,60.4,52.7,50.0,52739.305,52.73930
MP_-1,[92;383],[2300;9575],0.677,Protein4,Protein,25,2,1250.0,50.0,31.8,30.0,15915.494,15.91549
MP_-1,[94;90],[2350;2250],0.863,Protein4,Protein,25,6,3750.0,80.9,59.0,50.0,88526.844,88.52684
MP_-1,[94;300],[2350;7500],0.740,Protein4,Protein,25,4,2500.0,60.4,52.7,50.0,52739.305,52.73930
MP_3,[100;107],[2500;2675],0.910,PET6,PET,6,51,31875.0,292.5,138.7,195.0,1769032.500,1769.03250
MP_-1,[97;111],[2425;2775],0.950,Protein4,Protein,25,14,8750.0,150.0,74.3,97.5,259953.063,259.95306
MP_-1,[98;74],[2450;1850],0.775,Protein4,Protein,25,5,3125.0,75.0,53.1,55.0,66314.570,66.31457
MP_-1,[98;143],[2450;3575],0.687,Protein4,Protein,25,2,1250.0,50.0,31.8,30.0,15915.494,15.91549
MP_-1,[100;128],[2500;3200],0.786,Protein4,Protein,25,4,2500.0,60.4,52.7,50.0,52739.305,52.73930
MP_-1,[100;191],[2500;4775],0.746,Protein4,Protein,25,5,3125.0,80.9,49.2,62.5,61476.977,61.47698
MP_-1,[102;207],[2550;5175],0.687,Cellulose7,Cellulose,26,2,1250.0,50.0,31.8,50.0,15915.494,15.91549
MP_-1,[104;190],[2600;4750],0.696,Protein1,Protein,25,3,1875.0,60.4,39.6,50.0,29665.861,29.66586
MP_-1,[104;82],[2600;2050],0.845,Cellulose6,Cellulose,26,6,3750.0,100.0,47.7,50.0,71619.727,71.61973
MP_-1,[106;118],[2650;2950],0.664,Protein4,Protein,25,1,625.0,31.8,25.0,25.0,6250.000,6.25000
MP_-1,[107;224],[2675;5600],0.838,Protein4,Protein,25,3,1875.0,60.4,39.6,30.0,29665.861,29.66586
MP_-1,[107;322],[2675;8050],0.730,Protein4,Protein,25,3,1875.0,60.4,39.6,30.0,29665.861,29.66586
MP_4,[123;51],[3075;1275],0.911,PET6,PET,6,225,140625.0,743.7,240.7,352.5,13542094.000,13542.09400
MP_-1,[110;260],[2750;6500],0.835,Protein4,Protein,25,4,2500.0,80.9,39.3,50.0,39345.266,39.34527
MP_-1,[111;314],[2775;7850],0.712,Protein4,Protein,25,3,1875.0,60.4,39.6,30.0,29665.861,29.66586
MP_-1,[112;202],[2800;5050],0.759,Protein4,Protein,25,3,1875.0,60.4,39.6,30.0,29665.861,29.66586
MP_5,[117;234],[2925;5850],0.802,PET6,PET,6,31,19375.0,255.4,96.6,150.0,748603.188,748.60319
MP_-1,[116;114],[2900;2850],0.819,Cellulose7,Cellulose,26,8,5000.0,95.7,66.5,75.0,133030.047,133.03005
MP_-1,[115;363],[2875;9075],0.779,Protein4,Protein,25,5,3125.0,80.9,49.2,55.0,61476.977,61.47698
MP_-1,[117;154],[2925;3850],0.734,Cellulose6,Cellulose,26,9,5625.0,104.1,68.8,97.5,154861.719,154.86172
MP_-1,[116;216],[2900;5400],0.721,Protein4,Protein,25,4,2500.0,60.4,52.7,50.0,52739.305,52.73930
MP_-1,[118;252],[2950;6300],0.840,Cellulose7,Cellulose,26,6,3750.0,80.9,59.0,75.0,88526.844,88.52684
MP_-1,[119;135],[2975;3375],0.793,Protein4,Protein,25,3,1875.0,60.4,39.6,30.0,29665.861,29.66586
MP_-1,[119;160],[2975;4000],0.731,Protein4,Protein,25,3,1875.0,60.4,39.6,30.0,29665.861,29.66586
MP_-1,[121;276],[3025;6900],0.790,Protein4,Protein,25,4,2500.0,80.9,39.3,55.0,39345.266,39.34527
MP_-1,[124;328],[3100;8200],0.797,Protein4,Protein,25,4,2500.0,60.4,52.7,50.0,52739.305,52.73930
MP_-1,[127;230],[3175;5750],0.789,Protein4,Protein,25,3,1875.0,60.4,39.6,50.0,29665.861,29.66586
MP_-1,[126;322],[3150;8050],0.709,Protein4,Protein,25,3,1875.0,60.4,39.6,30.0,29665.861,29.66586
MP_-1,[128;408],[3200;10200],0.924,Protein4,Protein,25,8,5000.0,95.7,66.5,75.0,133030.047,133.03005
MP_-1,[128;138],[3200;3450],0.771,Cellulose6,Cellulose,26,13,8125.0,150.0,69.0,112.5,224143.203,224.14320
MP_-1,[128;310],[3200;7750],0.773,Protein4,Protein,25,3,1875.0,60.4,39.6,50.0,29665.861,29.66586
MP_6,[134;420],[3350;10500],0.859,PET6,PET,6,58,36250.0,266.7,173.1,230.0,2509397.250,2509.39725
MP_-1,[130;139],[3250;3475],0.698,Protein4,Protein,25,3,1875.0,60.4,39.6,50.0,29665.861,29.66586
MP_-1,[130;414],[3250;10350],0.757,Protein4,Protein,25,4,2500.0,60.4,52.7,50.0,52739.305,52.73930
MP_-1,[132;156],[3300;3900],0.717,Cellulose6,Cellulose,26,5,3125.0,80.9,49.2,50.0,61476.977,61.47698
MP_-1,[130;182],[3250;4550],0.714,Protein4,Protein,25,4,2500.0,60.4,52.7,50.0,52739.305,52.73930
MP_-1,[131;250],[3275;6250],0.671,Protein1,Protein,25,5,3125.0,80.9,49.2,50.0,61476.977,61.47698
MP_-1,[133;398],[3325;9950],0.754,Protein4,Protein,25,3,1875.0,60.4,39.6,50.0,29665.861,29.66586
MP_-1,[132;401],[3300;10025],0.694,Protein6,Protein,25,2,1250.0,50.0,31.8,30.0,15915.494,15.91549
MP_-1,[134;476],[3350;11900],0.664,Protein1,Protein,25,4,2500.0,60.4,52.7,50.0,52739.305,52.73930
MP_-1,[144;308],[3600;7700],0.791,Protein4,Protein,25,4,2500.0,60.4,52.7,50.0,52739.305,52.73930
MP_-1,[144;315],[3600;7875],0.763,Protein4,Protein,25,4,2500.0,80.9,39.3,50.0,39345.266,39.34527
MP_-1,[146;358],[3650;8950],0.837,Protein4,Protein,25,5,3125.0,80.9,49.2,50.0,61476.977,61.47698
MP_-1,[146;130],[3650;3250],0.796,Protein4,Protein,25,4,2500.0,60.4,52.7,50.0,52739.305,52.73930
MP_-1,[148;86],[3700;2150],0.832,Protein4,Protein,25,5,3125.0,80.9,49.2,50.0,61476.977,61.47698
MP_-1,[148;126],[3700;3150],0.672,Cellulose7,Cellulose,26,4,2500.0,80.9,39.3,55.0,39345.266,39.34527
MP_-1,[148;354],[3700;8850],0.784,Protein4,Protein,25,4,2500.0,60.4,52.7,50.0,52739.305,52.73930
MP_-1,[149;324],[3725;8100],0.782,Protein4,Protein,25,3,1875.0,60.4,39.6,30.0,29665.861,29.66586
MP_-1,[150;382],[3750;9550],0.811,Protein4,Protein,25,5,3125.0,80.9,49.2,55.0,61476.977,61.47698
MP_-1,[148;423],[3700;10575],0.758,Protein4,Protein,25,6,3750.0,95.7,49.9,62.5,74829.398,74.82940
MP_-1,[151;137],[3775;3425],0.788,Cellulose7,Cellulose,26,7,4375.0,104.1,53.5,80.0,93681.797,93.68180
MP_-1,[153;133],[3825;3325],0.669,Cellulose6,Cellulose,26,3,1875.0,60.4,39.6,30.0,29665.861,29.66586
MP_-1,[157;184],[3925;4600],0.786,Protein4,Protein,25,3,1875.0,60.4,39.6,30.0,29665.861,29.66586
MP_-1,[156;398],[3900;9950],0.690,Protein4,Protein,25,4,2500.0,60.4,52.7,50.0,52739.305,52.73930
MP_-1,[158;38],[3950;950],0.733,Protein1,Protein,25,7,4375.0,80.9,68.9,75.0,120494.875,120.49488
MP_-1,[159;135],[3975;3375],0.738,Protein6,Protein,25,3,1875.0,60.4,39.6,30.0,29665.861,29.66586
MP_-1,[162;46],[4050;1150],0.686,Cellulose7,Cellulose,26,6,3750.0,104.1,45.9,62.5,68827.445,68.82745
MP_-1,[162;390],[4050;9750],0.852,Protein4,Protein,25,5,3125.0,75.0,53.1,55.0,66314.570,66.31457
MP_-1,[168;62],[4200;1550],0.893,Cellulose6,Cellulose,26,45,28125.0,417.9,85.7,150.0,964016.063,964.01606
MP_-1,[164;104],[4100;2600],0.913,Protein4,Protein,25,5,3125.0,80.9,49.2,55.0,61476.977,61.47698
MP_-1,[164;281],[4100;7025],0.713,Protein4,Protein,25,3,1875.0,60.4,39.6,50.0,29665.861,29.66586
MP_-1,[164;382],[4100;9550],0.724,Protein4,Protein,25,4,2500.0,60.4,52.7,50.0,52739.305,52.73930
MP_-1,[165;112],[4125;2800],0.747,Protein4,Protein,25,2,1250.0,50.0,31.8,25.0,15915.494,15.91549
MP_-1,[168;144],[4200;3600],0.798,Protein4,Protein,25,5,3125.0,80.9,49.2,55.0,61476.977,61.47698
MP_-1,[167;432],[4175;10800],0.901,Protein4,Protein,25,5,3125.0,80.9,49.2,75.0,61476.977,61.47698
MP_-1,[168;48],[4200;1200],0.766,Protein6,Protein,25,3,1875.0,60.4,39.6,30.0,29665.861,29.66586
MP_-1,[168;360],[4200;9000],0.823,Protein4,Protein,25,4,2500.0,60.4,52.7,50.0,52739.305,52.73930
MP_-1,[169;357],[4225;8925],0.745,Protein4,Protein,25,3,1875.0,60.4,39.6,30.0,29665.861,29.66586
MP_-1,[170;64],[4250;1600],0.704,Protein6,Protein,25,2,1250.0,50.0,31.8,30.0,15915.494,15.91549
MP_-1,[170;131],[4250;3275],0.830,Protein4,Protein,25,6,3750.0,80.9,59.0,50.0,88526.844,88.52684
MP_-1,[171;386],[4275;9650],0.800,Protein4,Protein,25,7,4375.0,131.1,42.5,72.5,74376.570,74.37657
MP_7,[172;333],[4300;8325],0.733,PET5,PET,6,5,3125.0,80.9,49.2,55.0,61476.977,61.47698
MP_-1,[172;48],[4300;1200],0.779,Protein4,Protein,25,3,1875.0,60.4,39.6,50.0,29665.861,29.66586
MP_-1,[172;62],[4300;1550],0.703,Protein4,Protein,25,2,1250.0,50.0,31.8,25.0,15915.494,15.91549
MP_-1,[174;255],[4350;6375],0.814,Protein4,Protein,25,6,3750.0,80.9,59.0,55.0,88526.844,88.52684
MP_-1,[174;218],[4350;5450],0.859,Protein4,Protein,25,8,5000.0,104.1,61.2,80.0,122359.891,122.35989
MP_-1,[175;71],[4375;1775],0.707,Protein4,Protein,25,3,1875.0,60.4,39.6,30.0,29665.861,29.66586
MP_-1,[175;303],[4375;7575],0.701,Protein4,Protein,25,3,1875.0,60.4,39.6,30.0,29665.861,29.66586
MP_-1,[176;426],[4400;10650],0.836,Protein4,Protein,25,5,3125.0,80.9,49.2,75.0,61476.977,61.47698
MP_-1,[177;128],[4425;3200],0.666,Cellulose6,Cellulose,26,2,1250.0,50.0,31.8,25.0,15915.494,15.91549
MP_-1,[180;318],[4500;7950],0.735,Protein4,Protein,25,4,2500.0,60.4,52.7,50.0,52739.305,52.73930
MP_-1,[182;290],[4550;7250],0.674,Protein4,Protein,25,2,1250.0,50.0,31.8,50.0,15915.494,15.91549
MP_-1,[182;140],[4550;3500],0.667,Protein1,Protein,25,4,2500.0,60.4,52.7,50.0,52739.305,52.73930
MP_-1,[182;146],[4550;3650],0.842,Protein4,Protein,25,7,4375.0,80.9,68.9,75.0,120494.875,120.49488
MP_-1,[182;303],[4550;7575],0.822,Protein4,Protein,25,2,1250.0,50.0,31.8,30.0,15915.494,15.91549
MP_-1,[184;440],[4600;11000],0.664,Protein4,Protein,25,3,1875.0,60.4,39.6,50.0,29665.861,29.66586
MP_-1,[186;370],[4650;9250],0.680,Protein4,Protein,25,2,1250.0,50.0,31.8,50.0,15915.494,15.91549
MP_-1,[192;54],[4800;1350],0.800,Cellulose6,Cellulose,26,78,48750.0,777.7,79.8,217.5,1556344.375,1556.34438
MP_-1,[186;83],[4650;2075],0.698,Cellulose6,Cellulose,26,10,6250.0,170.8,46.6,72.5,116495.445,116.49545
MP_8,[189;288],[4725;7200],0.788,PET6,PET,6,10,6250.0,115.1,69.1,75.0,172785.984,172.78598
MP_-1,[193;411],[4825;10275],0.821,Cellulose7,Cellulose,26,14,8750.0,207.0,53.8,75.0,188369.297,188.36930
MP_-1,[192;111],[4800;2775],0.722,Protein4,Protein,25,2,1250.0,50.0,31.8,50.0,15915.494,15.91549
MP_-1,[194;192],[4850;4800],0.808,Protein4,Protein,25,4,2500.0,60.4,52.7,50.0,52739.305,52.73930
MP_-1,[193;379],[4825;9475],0.737,Protein4,Protein,25,7,4375.0,104.1,53.5,77.5,93681.797,93.68180
MP_-1,[196;222],[4900;5550],0.803,Protein4,Protein,25,4,2500.0,60.4,52.7,50.0,52739.305,52.73930
MP_-1,[195;278],[4875;6950],0.825,Protein4,Protein,25,5,3125.0,80.9,49.2,55.0,61476.977,61.47698
MP_-1,[195;444],[4875;11100],0.756,Protein4,Protein,25,3,1875.0,60.4,39.6,30.0,29665.861,29.66586
MP_-1,[197;166],[4925;4150],0.666,Protein4,Protein,25,2,1250.0,50.0,31.8,25.0,15915.494,15.91549
MP_-1,[198;99],[4950;2475],0.721,Protein4,Protein,25,3,1875.0,60.4,39.6,30.0,29665.861,29.66586
MP_9,[198;218],[4950;5450],0.676,PP8,Polypro,2,5,3125.0,80.9,49.2,55.0,61476.977,61.47698
MP_-1,[199;220],[4975;5500],0.937,Protein4,Protein,25,8,5000.0,95.7,66.5,75.0,133030.047,133.03005
MP_-1,[200;146],[5000;3650],0.717,Protein4,Protein,25,4,2500.0,60.4,52.7,50.0,52739.305,52.73930
MP_-1,[198;390],[4950;9750],0.670,Protein4,Protein,25,4,2500.0,60.4,52.7,50.0,52739.305,52.73930
MP_-1,[200;31],[5000;775],0.728,Protein4,Protein,25,2,1250.0,50.0,31.8,30.0,15915.494,15.91549
MP_-1,[202;78],[5050;1950],0.956,Protein4,Protein,25,21,13125.0,177.1,94.4,150.0,495479.938,495.47994
MP_-1,[201;339],[5025;8475],0.665,Protein4,Protein,25,3,1875.0,60.4,39.6,50.0,29665.861,29.66586
MP_-1,[204;336],[5100;8400],0.792,Protein4,Protein,25,4,2500.0,100.0,31.8,52.5,31830.988,31.83099
MP_-1,[204;116],[5100;2900],0.684,Protein4,Protein,25,4,2500.0,60.4,52.7,50.0,52739.305,52.73930
MP_-1,[204;124],[5100;3100],0.726,Protein6,Protein,25,4,2500.0,60.4,52.7,50.0,52739.305,52.73930
MP_-1,[204;427],[5100;10675],0.712,Protein4,Protein,25,3,1875.0,60.4,39.6,30.0,29665.861,29.66586
MP_-1,[206;389],[5150;9725],0.781,Protein4,Protein,25,4,2500.0,80.9,39.3,50.0,39345.266,39.34527
MP_-1,[206;149],[5150;3725],0.706,Protein4,Protein,25,4,2500.0,75.0,42.4,50.0,42441.320,42.44132
MP_-1,[206;372],[5150;9300],0.722,Protein4,Protein,25,4,2500.0,60.4,52.7,50.0,52739.305,52.73930
MP_-1,[208;274],[5200;6850],0.771,Protein6,Protein,25,4,2500.0,60.4,52.7,50.0,52739.305,52.73930
MP_-1,[207;403],[5175;10075],0.741,Protein4,Protein,25,3,1875.0,60.4,39.6,50.0,29665.861,29.66586
MP_-1,[212;406],[5300;10150],0.834,Protein4,Protein,25,2,1250.0,50.0,31.8,50.0,15915.494,15.91549
MP_-1,[212;108],[5300;2700],0.698,Protein6,Protein,25,3,1875.0,60.4,39.6,30.0,29665.861,29.66586
MP_-1,[213;309],[5325;7725],0.803,Protein8,Protein,25,6,3750.0,80.9,59.0,75.0,88526.844,88.52684
MP_-1,[215;316],[5375;7900],0.887,Protein1,Protein,25,8,5000.0,95.7,66.5,75.0,133030.047,133.03005
MP_-1,[216;456],[5400;11400],0.936,Protein1,Protein,25,6,3750.0,80.9,59.0,50.0,88526.844,88.52684
MP_-1,[217;80],[5425;2000],0.835,Protein4,Protein,25,6,3750.0,80.9,59.0,75.0,88526.844,88.52684
MP_-1,[216;226],[5400;5650],0.664,Protein6,Protein,25,2,1250.0,50.0,31.8,25.0,15915.494,15.91549
MP_-1,[218;321],[5450;8025],0.738,Protein4,Protein,25,3,1875.0,60.4,39.6,30.0,29665.861,29.66586
MP_-1,[222;359],[5550;8975],0.910,Protein4,Protein,25,6,3750.0,95.7,49.9,75.0,74829.398,74.82940
MP_-1,[223;461],[5575;11525],0.920,Protein4,Protein,25,6,3750.0,95.7,49.9,75.0,74829.398,74.82940
MP_-1,[223;320],[5575;8000],0.729,Protein4,Protein,25,3,1875.0,60.4,39.6,50.0,29665.861,29.66586
MP_-1,[224;384],[5600;9600],0.734,Protein4,Protein,25,2,1250.0,50.0,31.8,30.0,15915.494,15.91549
MP_-1,[225;336],[5625;8400],0.694,Protein4,Protein,25,2,1250.0,50.0,31.8,25.0,15915.494,15.91549
MP_-1,[227;39],[5675;975],0.701,Cellulose7,Cellulose,26,6,3750.0,95.7,49.9,55.0,74829.398,74.82940
MP_-1,[227;306],[5675;7650],0.775,Protein6,Protein,25,6,3750.0,80.9,59.0,55.0,88526.844,88.52684
MP_-1,[228;124],[5700;3100],0.716,Protein1,Protein,25,5,3125.0,80.9,49.2,50.0,61476.977,61.47698
MP_-1,[228;286],[5700;7150],0.720,Cellulose6,Cellulose,26,2,1250.0,50.0,31.8,25.0,15915.494,15.91549
MP_-1,[229;398],[5725;9950],0.818,Protein4,Protein,25,5,3125.0,80.9,49.2,50.0,61476.977,61.47698
MP_-1,[230;213],[5750;5325],0.737,Cellulose6,Cellulose,26,6,3750.0,80.9,59.0,50.0,88526.844,88.52684
MP_-1,[233;467],[5825;11675],0.863,Cellulose6,Cellulose,26,5,3125.0,80.9,49.2,50.0,61476.977,61.47698
MP_-1,[234;236],[5850;5900],0.709,Protein4,Protein,25,2,1250.0,50.0,31.8,25.0,15915.494,15.91549
MP_-1,[236;322],[5900;8050],0.833,Protein4,Protein,25,4,2500.0,60.4,52.7,50.0,52739.305,52.73930
MP_-1,[239;131],[5975;3275],0.743,Protein4,Protein,25,4,2500.0,95.7,33.3,55.0,33257.512,33.25751
MP_-1,[240;343],[6000;8575],0.790,Protein4,Protein,25,9,5625.0,136.8,52.4,95.0,117792.672,117.79267
MP_-1,[242;135],[6050;3375],0.766,Protein4,Protein,25,3,1875.0,75.0,31.8,52.5,23873.240,23.87324
MP_-1,[245;348],[6125;8700],0.762,Protein4,Protein,25,5,3125.0,80.9,49.2,50.0,61476.977,61.47698
MP_-1,[247;98],[6175;2450],0.740,Cellulose6,Cellulose,26,5,3125.0,80.9,49.2,50.0,61476.977,61.47698
MP_-1,[248;278],[6200;6950],0.701,Protein4,Protein,25,1,625.0,31.8,25.0,25.0,6250.000,6.25000
MP_-1,[248;374],[6200;9350],0.671,Protein4,Protein,25,4,2500.0,60.4,52.7,50.0,52739.305,52.73930
MP_-1,[248;86],[6200;2150],0.728,Protein4,Protein,25,4,2500.0,60.4,52.7,50.0,52739.305,52.73930
MP_10,[251;91],[6275;2275],0.942,PET6,PET,6,35,21875.0,228.9,121.7,145.0,1064888.625,1064.88863
MP_-1,[249;360],[6225;9000],0.757,Protein4,Protein,25,4,2500.0,75.0,42.4,55.0,42441.320,42.44132
MP_-1,[249;407],[6225;10175],0.669,Protein4,Protein,25,1,625.0,31.8,25.0,25.0,6250.000,6.25000
MP_-1,[252;256],[6300;6400],0.746,Cellulose7,Cellulose,26,8,5000.0,104.1,61.2,50.0,122359.891,122.35989
MP_-1,[252;110],[6300;2750],0.690,Protein4,Protein,25,3,1875.0,60.4,39.6,30.0,29665.861,29.66586
MP_-1,[253;95],[6325;2375],0.713,Protein4,Protein,25,3,1875.0,60.4,39.6,50.0,29665.861,29.66586
MP_-1,[253;399],[6325;9975],0.831,Protein4,Protein,25,5,3125.0,80.9,49.2,55.0,61476.977,61.47698
MP_-1,[258;76],[6450;1900],0.779,Protein4,Protein,25,4,2500.0,60.4,52.7,50.0,52739.305,52.73930
MP_-1,[259;167],[6475;4175],0.712,Cellulose6,Cellulose,26,8,5000.0,104.1,61.2,95.0,122359.891,122.35989
MP_-1,[260;333],[6500;8325],0.850,Cellulose6,Cellulose,26,18,11250.0,183.1,78.2,117.5,352009.094,352.00909
MP_-1,[259;161],[6475;4025],0.714,Cellulose7,Cellulose,26,7,4375.0,104.1,53.5,75.0,93681.797,93.68180
MP_11,[268;193],[6700;4825],0.866,PET3,PET,6,183,114375.0,445.8,326.7,397.5,14946192.000,14946.19200
MP_-1,[261;363],[6525;9075],0.858,Protein4,Protein,25,4,2500.0,75.0,42.4,50.0,42441.320,42.44132
MP_-1,[261;203],[6525;5075],0.773,Protein4,Protein,25,4,2500.0,75.0,42.4,30.0,42441.320,42.44132
MP_-1,[262;455],[6550;11375],0.858,Protein4,Protein,25,6,3750.0,115.1,41.5,72.5,62202.961,62.20296
MP_-1,[262;233],[6550;5825],0.698,Protein4,Protein,25,2,1250.0,50.0,31.8,30.0,15915.494,15.91549
MP_-1,[266;449],[6650;11225],0.829,Protein4,Protein,25,3,1875.0,60.4,39.6,30.0,29665.861,29.66586
MP_-1,[268;178],[6700;4450],0.700,Protein4,Protein,25,4,2500.0,60.4,52.7,50.0,52739.305,52.73930
MP_-1,[270;277],[6750;6925],0.971,Protein4,Protein,25,17,10625.0,152.5,88.7,100.0,377075.219,377.07522
MP_-1,[268;444],[6700;11100],0.714,Protein4,Protein,25,3,1875.0,60.4,39.6,30.0,29665.861,29.66586
MP_-1,[269;175],[6725;4375],0.883,Protein4,Protein,25,3,1875.0,60.4,39.6,30.0,29665.861,29.66586
MP_-1,[273;162],[6825;4050],0.793,Protein4,Protein,25,5,3125.0,80.9,49.2,55.0,61476.977,61.47698
MP_-1,[272;298],[6800;7450],0.748,Protein4,Protein,25,3,1875.0,60.4,39.6,30.0,29665.861,29.66586
MP_-1,[274;238],[6850;5950],0.748,Protein4,Protein,25,4,2500.0,60.4,52.7,50.0,52739.305,52.73930
MP_-1,[275;43],[6875;1075],0.885,Cellulose6,Cellulose,26,7,4375.0,80.9,68.9,75.0,120494.875,120.49488
MP_-1,[274;284],[6850;7100],0.782,Protein4,Protein,25,3,1875.0,60.4,39.6,30.0,29665.861,29.66586
MP_-1,[274;432],[6850;10800],0.675,Protein4,Protein,25,4,2500.0,60.4,52.7,50.0,52739.305,52.73930
MP_-1,[278;167],[6950;4175],0.711,Cellulose6,Cellulose,26,3,1875.0,60.4,39.6,30.0,29665.861,29.66586
MP_-1,[280;140],[7000;3500],0.786,Protein4,Protein,25,5,3125.0,80.9,49.2,50.0,61476.977,61.47698
MP_-1,[278;258],[6950;6450],0.681,Protein4,Protein,25,4,2500.0,60.4,52.7,50.0,52739.305,52.73930
MP_-1,[280;61],[7000;1525],0.838,Protein4,Protein,25,6,3750.0,80.9,59.0,75.0,88526.844,88.52684
MP_-1,[280;312],[7000;7800],0.807,Protein4,Protein,25,4,2500.0,60.4,52.7,50.0,52739.305,52.73930
MP_-1,[282;106],[7050;2650],0.676,Protein6,Protein,25,3,1875.0,60.4,39.6,50.0,29665.861,29.66586
MP_12,[283;312],[7075;7800],0.698,PET6,PET,6,5,3125.0,80.9,49.2,55.0,61476.977,61.47698
MP_-1,[284;330],[7100;8250],0.720,Protein4,Protein,25,2,1250.0,50.0,31.8,25.0,15915.494,15.91549
MP_-1,[285;432],[7125;10800],0.676,Protein6,Protein,25,3,1875.0,60.4,39.6,30.0,29665.861,29.66586
MP_-1,[286;144],[7150;3600],0.789,Protein4,Protein,25,3,1875.0,60.4,39.6,30.0,29665.861,29.66586
MP_-1,[287;401],[7175;10025],0.721,Protein4,Protein,25,3,1875.0,60.4,39.6,30.0,29665.861,29.66586
MP_-1,[294;462],[7350;11550],0.794,Protein4,Protein,25,4,2500.0,60.4,52.7,50.0,52739.305,52.73930
MP_-1,[295;271],[7375;6775],0.673,Cellulose7,Cellulose,26,1,625.0,31.8,25.0,25.0,6250.000,6.25000
MP_-1,[296;62],[7400;1550],0.685,Cellulose7,Cellulose,26,5,3125.0,80.9,49.2,75.0,61476.977,61.47698
MP_-1,[298;174],[7450;4350],0.800,Protein4,Protein,25,5,3125.0,80.9,49.2,75.0,61476.977,61.47698
MP_-1,[299;234],[7475;5850],0.685,Protein4,Protein,25,3,1875.0,60.4,39.6,50.0,29665.861,29.66586
MP_-1,[301;427],[7525;10675],0.815,Protein4,Protein,25,7,4375.0,80.9,68.9,55.0,120494.875,120.49488
MP_-1,[302;26],[7550;650],0.827,Protein4,Protein,25,5,3125.0,80.9,49.2,50.0,61476.977,61.47698
MP_-1,[302;101],[7550;2525],0.895,Protein4,Protein,25,7,4375.0,80.9,68.9,55.0,120494.875,120.49488
MP_-1,[302;171],[7550;4275],0.732,Protein1,Protein,25,6,3750.0,80.9,59.0,50.0,88526.844,88.52684
MP_-1,[302;420],[7550;10500],0.698,Protein4,Protein,25,4,2500.0,60.4,52.7,50.0,52739.305,52.73930
MP_-1,[302;281],[7550;7025],0.775,Protein4,Protein,25,4,2500.0,75.0,42.4,30.0,42441.320,42.44132
MP_-1,[303;191],[7575;4775],0.663,Protein1,Protein,25,3,1875.0,60.4,39.6,30.0,29665.861,29.66586
MP_-1,[302;376],[7550;9400],0.783,Protein4,Protein,25,4,2500.0,60.4,52.7,50.0,52739.305,52.73930
MP_-1,[304;186],[7600;4650],0.703,Protein4,Protein,25,4,2500.0,60.4,52.7,50.0,52739.305,52.73930
MP_-1,[304;258],[7600;6450],0.699,Protein6,Protein,25,2,1250.0,50.0,31.8,30.0,15915.494,15.91549
MP_-1,[309;208],[7725;5200],0.875,Protein4,Protein,25,7,4375.0,95.7,58.2,75.0,101851.133,101.85113
MP_-1,[313;18],[7825;450],0.945,Protein4,Protein,25,17,10625.0,150.0,90.2,100.0,383298.156,383.29816
MP_-1,[311;54],[7775;1350],0.660,Protein1,Protein,25,1,625.0,31.8,25.0,25.0,6250.000,6.25000
MP_-1,[312;374],[7800;9350],0.671,Protein4,Protein,25,2,1250.0,50.0,31.8,25.0,15915.494,15.91549
MP_13,[314;190],[7850;4750],0.737,PET1,PET,6,8,5000.0,95.7,66.5,75.0,133030.047,133.03005
MP_-1,[315;289],[7875;7225],0.779,Protein4,Protein,25,7,4375.0,128.1,43.5,75.0,76111.969,76.11197
MP_-1,[316;174],[7900;4350],0.954,Protein4,Protein,25,6,3750.0,80.9,59.0,75.0,88526.844,88.52684
MP_14,[316;121],[7900;3025],0.746,PET6,PET,6,6,3750.0,80.9,59.0,75.0,88526.844,88.52684
MP_-1,[318;195],[7950;4875],0.823,Protein4,Protein,25,7,4375.0,104.1,53.5,82.5,93681.797,93.68180
MP_-1,[316;300],[7900;7500],0.782,Protein4,Protein,25,3,1875.0,60.4,39.6,50.0,29665.861,29.66586
MP_-1,[320;87],[8000;2175],0.878,Cellulose6,Cellulose,26,57,35625.0,543.7,83.4,130.0,1188828.375,1188.82838
MP_15,[327;212],[8175;5300],0.945,PET6,PET,6,191,119375.0,672.4,226.0,297.5,10793301.000,10793.30100
MP_-1,[318;142],[7950;3550],0.763,Protein4,Protein,25,4,2500.0,75.0,42.4,55.0,42441.320,42.44132
MP_-1,[320;308],[8000;7700],0.781,Protein4,Protein,25,4,2500.0,60.4,52.7,50.0,52739.305,52.73930
MP_-1,[320;335],[8000;8375],0.666,Protein4,Protein,25,2,1250.0,50.0,31.8,30.0,15915.494,15.91549
MP_-1,[322;134],[8050;3350],0.667,Protein1,Protein,25,4,2500.0,60.4,52.7,50.0,52739.305,52.73930
MP_-1,[322;180],[8050;4500],0.736,Protein4,Protein,25,4,2500.0,60.4,52.7,50.0,52739.305,52.73930
MP_-1,[323;203],[8075;5075],0.911,Protein4,Protein,25,6,3750.0,80.9,59.0,55.0,88526.844,88.52684
MP_-1,[324;421],[8100;10525],0.738,Protein6,Protein,25,3,1875.0,60.4,39.6,30.0,29665.861,29.66586
MP_-1,[326;454],[8150;11350],0.829,Protein4,Protein,25,4,2500.0,60.4,52.7,50.0,52739.305,52.73930
MP_-1,[326;376],[8150;9400],0.661,Protein4,Protein,25,2,1250.0,50.0,31.8,50.0,15915.494,15.91549
MP_-1,[329;186],[8225;4650],0.688,Protein4,Protein,25,1,625.0,31.8,25.0,25.0,6250.000,6.25000
MP_-1,[331;346],[8275;8650],0.793,Protein4,Protein,25,4,2500.0,80.9,39.3,55.0,39345.266,39.34527
MP_-1,[331;393],[8275;9825],0.704,Cellulose1,Cellulose,26,7,4375.0,104.1,53.5,77.5,93681.797,93.68180
MP_-1,[334;198],[8350;4950],0.835,Cellulose6,Cellulose,26,6,3750.0,104.1,45.9,50.0,68827.445,68.82745
MP_-1,[333;208],[8325;5200],0.745,Protein6,Protein,25,2,1250.0,50.0,31.8,25.0,15915.494,15.91549
MP_-1,[336;16],[8400;400],0.664,Protein6,Protein,25,4,2500.0,60.4,52.7,50.0,52739.305,52.73930
MP_-1,[336;105],[8400;2625],0.684,Protein4,Protein,25,3,1875.0,60.4,39.6,50.0,29665.861,29.66586
MP_-1,[339;396],[8475;9900],0.772,Protein4,Protein,25,3,1875.0,60.4,39.6,50.0,29665.861,29.66586
MP_-1,[340;120],[8500;3000],0.793,Protein4,Protein,25,4,2500.0,60.4,52.7,50.0,52739.305,52.73930
MP_-1,[343;283],[8575;7075],0.753,Protein4,Protein,25,4,2500.0,75.0,42.4,30.0,42441.320,42.44132
MP_16,[346;105],[8650;2625],0.823,PET6,PET,6,17,10625.0,152.5,88.7,127.5,377075.219,377.07522
MP_-1,[346;176],[8650;4400],0.698,Protein4,Protein,25,2,1250.0,50.0,31.8,25.0,15915.494,15.91549
MP_-1,[347;156],[8675;3900],0.735,Protein4,Protein,25,3,1875.0,60.4,39.6,50.0,29665.861,29.66586
MP_-1,[347;350],[8675;8750],0.768,Protein4,Protein,25,5,3125.0,80.9,49.2,50.0,61476.977,61.47698
MP_-1,[348;192],[8700;4800],0.745,Protein4,Protein,25,3,1875.0,60.4,39.6,30.0,29665.861,29.66586
MP_-1,[350;348],[8750;8700],0.779,Protein4,Protein,25,4,2500.0,60.4,52.7,50.0,52739.305,52.73930
MP_-1,[350;71],[8750;1775],0.853,Protein1,Protein,25,4,2500.0,80.9,39.3,50.0,39345.266,39.34527
MP_-1,[350;426],[8750;10650],0.720,Protein4,Protein,25,3,1875.0,60.4,39.6,30.0,29665.861,29.66586
MP_-1,[355;319],[8875;7975],0.945,Protein4,Protein,25,7,4375.0,80.9,68.9,75.0,120494.875,120.49488
MP_-1,[356;406],[8900;10150],0.786,Protein4,Protein,25,4,2500.0,60.4,52.7,50.0,52739.305,52.73930
MP_-1,[358;168],[8950;4200],0.748,Cellulose6,Cellulose,26,4,2500.0,60.4,52.7,50.0,52739.305,52.73930
MP_-1,[358;345],[8950;8625],0.755,Protein4,Protein,25,3,1875.0,60.4,39.6,50.0,29665.861,29.66586
MP_-1,[359;161],[8975;4025],0.844,Protein4,Protein,25,7,4375.0,95.7,58.2,75.0,101851.133,101.85113
MP_-1,[359;444],[8975;11100],0.675,Protein6,Protein,25,2,1250.0,50.0,31.8,25.0,15915.494,15.91549
MP_-1,[360;312],[9000;7800],0.668,Protein4,Protein,25,4,2500.0,60.4,52.7,50.0,52739.305,52.73930
MP_-1,[365;423],[9125;10575],0.756,Protein4,Protein,25,3,1875.0,60.4,39.6,30.0,29665.861,29.66586
MP_17,[377;173],[9425;4325],0.959,PET6,PET,6,147,91875.0,638.7,183.1,252.5,6730597.500,6730.59750
MP_-1,[366;288],[9150;7200],0.682,Protein6,Protein,25,3,1875.0,60.4,39.6,50.0,29665.861,29.66586
MP_-1,[368;189],[9200;4725],0.811,Protein4,Protein,25,6,3750.0,80.9,59.0,50.0,88526.844,88.52684
MP_-1,[371;418],[9275;10450],0.790,Protein4,Protein,25,5,3125.0,80.9,49.2,55.0,61476.977,61.47698
MP_-1,[377;326],[9425;8150],0.901,Cellulose7,Cellulose,26,29,18125.0,258.2,89.4,142.5,648070.063,648.07006
MP_-1,[373;341],[9325;8525],0.703,Protein4,Protein,25,3,1875.0,60.4,39.6,50.0,29665.861,29.66586
MP_-1,[375;224],[9375;5600],0.716,Protein6,Protein,25,3,1875.0,60.4,39.6,50.0,29665.861,29.66586
MP_-1,[374;244],[9350;6100],0.798,Protein4,Protein,25,4,2500.0,60.4,52.7,50.0,52739.305,52.73930
MP_-1,[376;48],[9400;1200],0.899,Protein4,Protein,25,7,4375.0,80.9,68.9,75.0,120494.875,120.49488
MP_-1,[376;380],[9400;9500],0.736,Protein4,Protein,25,4,2500.0,60.4,52.7,50.0,52739.305,52.73930
MP_-1,[378;315],[9450;7875],0.754,Cellulose6,Cellulose,26,15,9375.0,226.6,52.7,75.0,197576.922,197.57692
MP_18,[380;317],[9500;7925],0.816,PET6,PET,6,8,5000.0,95.7,66.5,75.0,133030.047,133.03005
MP_-1,[380;388],[9500;9700],0.680,Protein4,Protein,25,3,1875.0,60.4,39.6,50.0,29665.861,29.66586
MP_-1,[380;122],[9500;3050],0.857,Protein4,Protein,25,6,3750.0,80.9,59.0,50.0,88526.844,88.52684
MP_-1,[382;264],[9550;6600],0.722,Cellulose6,Cellulose,26,2,1250.0,50.0,31.8,50.0,15915.494,15.91549
MP_-1,[384;407],[9600;10175],0.834,Protein4,Protein,25,3,1875.0,60.4,39.6,30.0,29665.861,29.66586
MP_-1,[385;81],[9625;2025],0.717,Protein4,Protein,25,4,2500.0,75.0,42.4,50.0,42441.320,42.44132
MP_-1,[390;234],[9750;5850],0.750,Protein4,Protein,25,3,1875.0,60.4,39.6,50.0,29665.861,29.66586
MP_19,[393;277],[9825;6925],0.856,PET6,PET,6,15,9375.0,175.0,68.2,75.0,255784.734,255.78473
MP_-1,[398;110],[9950;2750],0.682,Protein4,Protein,25,3,1875.0,60.4,39.6,50.0,29665.861,29.66586
MP_-1,[399;365],[9975;9125],0.697,Cellulose6,Cellulose,26,3,1875.0,60.4,39.6,50.0,29665.861,29.66586
MP_-1,[402;168],[10050;4200],0.741,Protein4,Protein,25,2,1250.0,50.0,31.8,25.0,15915.494,15.91549
MP_-1,[402;239],[10050;5975],0.694,Protein4,Protein,25,1,625.0,31.8,25.0,25.0,6250.000,6.25000
MP_-1,[404;96],[10100;2400],0.668,Cellulose7,Cellulose,26,7,4375.0,104.1,53.5,77.5,93681.797,93.68180
MP_-1,[404;100],[10100;2500],0.761,Protein4,Protein,25,6,3750.0,80.9,59.0,75.0,88526.844,88.52684
MP_-1,[404;398],[10100;9950],0.672,Protein1,Protein,25,7,4375.0,95.7,58.2,72.5,101851.133,101.85113
MP_-1,[405;385],[10125;9625],0.698,Protein6,Protein,25,4,2500.0,75.0,42.4,50.0,42441.320,42.44132
MP_-1,[406;120],[10150;3000],0.753,Protein4,Protein,25,4,2500.0,60.4,52.7,50.0,52739.305,52.73930
MP_-1,[406;216],[10150;5400],0.737,Protein4,Protein,25,4,2500.0,60.4,52.7,50.0,52739.305,52.73930
MP_-1,[409;303],[10225;7575],0.872,Cellulose7,Cellulose,26,12,7500.0,136.8,69.8,75.0,209409.203,209.40920
MP_-1,[408;90],[10200;2250],0.671,Protein6,Protein,25,5,3125.0,80.9,49.2,70.0,61476.977,61.47698
MP_-1,[409;191],[10225;4775],0.779,Cellulose6,Cellulose,26,7,4375.0,80.9,68.9,75.0,120494.875,120.49488
MP_-1,[411;107],[10275;2675],0.696,Protein4,Protein,25,5,3125.0,80.9,49.2,50.0,61476.977,61.47698
MP_-1,[411;133],[10275;3325],0.785,Cellulose7,Cellulose,26,6,3750.0,80.9,59.0,75.0,88526.844,88.52684
MP_-1,[412;332],[10300;8300],0.751,Protein4,Protein,25,4,2500.0,60.4,52.7,50.0,52739.305,52.73930
MP_-1,[412;241],[10300;6025],0.673,Protein4,Protein,25,1,625.0,31.8,25.0,25.0,6250.000,6.25000
MP_-1,[412;394],[10300;9850],0.835,Protein4,Protein,25,6,3750.0,80.9,59.0,50.0,88526.844,88.52684
MP_-1,[413;207],[10325;5175],0.688,Protein6,Protein,25,3,1875.0,60.4,39.6,50.0,29665.861,29.66586
MP_20,[417;231],[10425;5775],0.903,PET6,PET,6,70,43750.0,369.1,150.9,175.0,2640917.500,2640.91750
MP_-1,[414;283],[10350;7075],0.679,Protein6,Protein,25,2,1250.0,50.0,31.8,30.0,15915.494,15.91549
MP_-1,[416;220],[10400;5500],0.794,Protein4,Protein,25,4,2500.0,60.4,52.7,50.0,52739.305,52.73930
MP_-1,[418;240],[10450;6000],0.742,Protein4,Protein,25,4,2500.0,60.4,52.7,50.0,52739.305,52.73930
MP_-1,[418;334],[10450;8350],0.756,Protein4,Protein,25,4,2500.0,60.4,52.7,50.0,52739.305,52.73930
MP_-1,[420;174],[10500;4350],0.839,Protein4,Protein,25,7,4375.0,104.1,53.5,75.0,93681.797,93.68180
MP_-1,[424;100],[10600;2500],0.735,Protein4,Protein,25,3,1875.0,60.4,39.6,50.0,29665.861,29.66586
MP_-1,[424;229],[10600;5725],0.874,Protein4,Protein,25,10,6250.0,115.1,69.1,95.0,172785.984,172.78598
MP_-1,[427;334],[10675;8350],0.757,Protein3,Protein,25,10,6250.0,150.0,53.1,80.0,132629.141,132.62914
MP_-1,[428;204],[10700;5100],0.690,Protein1,Protein,25,4,2500.0,60.4,52.7,50.0,52739.305,52.73930
MP_-1,[428;214],[10700;5350],0.756,Protein4,Protein,25,4,2500.0,60.4,52.7,50.0,52739.305,52.73930
MP_-1,[428;237],[10700;5925],0.773,Protein6,Protein,25,3,1875.0,60.4,39.6,50.0,29665.861,29.66586
MP_-1,[428;294],[10700;7350],0.766,Protein4,Protein,25,3,1875.0,60.4,39.6,30.0,29665.861,29.66586
MP_-1,[430;298],[10750;7450],0.660,Protein6,Protein,25,2,1250.0,50.0,31.8,25.0,15915.494,15.91549
MP_-1,[430;374],[10750;9350],0.753,Protein4,Protein,25,4,2500.0,60.4,52.7,50.0,52739.305,52.73930
MP_-1,[436;230],[10900;5750],0.834,Protein4,Protein,25,4,2500.0,60.4,52.7,50.0,52739.305,52.73930
MP_-1,[438;208],[10950;5200],0.782,Protein4,Protein,25,4,2500.0,60.4,52.7,50.0,52739.305,52.73930
MP_-1,[440;341],[11000;8525],0.805,Protein4,Protein,25,5,3125.0,80.9,49.2,50.0,61476.977,61.47698
MP_21,[444;99],[11100;2475],0.848,PET6,PET,6,6,3750.0,80.9,59.0,50.0,88526.844,88.52684
MP_-1,[447;99],[11175;2475],0.893,Cellulose7,Cellulose,26,52,32500.0,326.0,126.9,215.0,1649932.500,1649.93250
MP_-1,[448;148],[11200;3700],0.747,Protein4,Protein,25,4,2500.0,60.4,52.7,50.0,52739.305,52.73930
MP_-1,[448;242],[11200;6050],0.894,Cellulose6,Cellulose,26,8,5000.0,104.1,61.2,50.0,122359.891,122.35989
MP_22,[459;288],[11475;7200],0.959,PET6,PET,6,191,119375.0,595.1,255.4,382.5,12196678.000,12196.67800
MP_23,[452;207],[11300;5175],0.733,PET6,PET,6,3,1875.0,75.0,31.8,52.5,23873.240,23.87324
MP_-1,[456;146],[11400;3650],0.843,Cellulose6,Cellulose,26,30,18750.0,282.9,84.4,132.5,632958.625,632.95863
MP_-1,[453;146],[11325;3650],0.756,Protein4,Protein,25,5,3125.0,80.9,49.2,75.0,61476.977,61.47698
MP_-1,[454;334],[11350;8350],0.781,Protein4,Protein,25,4,2500.0,60.4,52.7,50.0,52739.305,52.73930
MP_-1,[454;166],[11350;4150],0.724,Protein4,Protein,25,4,2500.0,80.9,39.3,55.0,39345.266,39.34527
MP_-1,[454;342],[11350;8550],0.694,Protein6,Protein,25,4,2500.0,60.4,52.7,50.0,52739.305,52.73930
MP_-1,[456;306],[11400;7650],0.757,Protein4,Protein,25,4,2500.0,60.4,52.7,50.0,52739.305,52.73930
MP_-1,[458;349],[11450;8725],0.807,Protein4,Protein,25,3,1875.0,60.4,39.6,30.0,29665.861,29.66586
MP_24,[465;126],[11625;3150],0.888,PET6,PET,6,46,28750.0,238.6,153.4,192.5,1764348.375,1764.34838
MP_-1,[463;193],[11575;4825],0.704,Protein6,Protein,25,3,1875.0,60.4,39.6,50.0,29665.861,29.66586
MP_-1,[474;292],[11850;7300],0.959,Protein4,Protein,25,16,10000.0,136.8,93.1,100.0,372283.031,372.28303
