"particle_id","x_um","y_um","area_um2","major_um","minor_um","feret_min_um","feret_max_um","material","quality","source_file","x_norm","y_norm","x_aligned","y_aligned"
"MP_-1",525,4375,1875,60.4,39.6,30,60.4,"Protein",0.777,"Comparstic Spotlight F2Ba Au 240926.csv",-6219.79166666667,-601.041666666667,-5681.63838139283,-2344.37647981955
"MP_-1",575,7775,1875,60.4,39.6,50,60.4,"Protein",0.781,"Comparstic Spotlight F2Ba Au 240926.csv",-6169.79166666667,2798.95833333333,-3989.03199756275,-5047.23653134784
"MP_-1",650,6950,2500,60.4,52.7,50,60.4,"Protein",0.769,"Comparstic Spotlight F2Ba Au 240926.csv",-6094.79166666667,1973.95833333333,-4329.848546098,-4349.04657584053
"MP_-1",725,4575,3125,75,53.1,55,75,"Protein",0.79,"Comparstic Spotlight F2Ba Au 240926.csv",-6019.79166666667,-401.041666666667,-5424.0111693395,-2407.59180162611
"MP_-1",750,8175,3125,80.9,49.2,55,80.9,"Protein",0.822,"Comparstic Spotlight F2Ba Au 240926.csv",-5994.79166666667,3198.95833333333,-3654.25149875227,-5283.02386322477
"MP_-1",875,5250,1250,50,31.8,25,50,"Protein",0.728,"Comparstic Spotlight F2Ba Au 240926.csv",-5869.79166666667,273.958333333333,-4975.6251543506,-2876.10911867215
"MP_0",1000,3800,3750,104.1,45.9,77.5,104.1,"PET",0.886,"Comparstic Spotlight F2Ba Au 240926.csv",-5744.79166666667,-1176.04166666667,-5580.10496466394,-1652.3012177279
"MP_1",1150,3250,6875,152.5,57.4,75,152.5,"PET",0.848,"Comparstic Spotlight F2Ba Au 240926.csv",-5594.79166666667,-1726.04166666667,-5727.1053635558,-1138.238274828
"MP_-1",1200,4450,2500,60.4,52.7,50,60.4,"Protein",0.72,"Comparstic Spotlight F2Ba Au 240926.csv",-5544.79166666667,-526.041666666667,-5103.76437608298,-2076.46439012684
"MP_-1",1325,4050,1250,50,31.8,25,50,"Protein",0.693,"Comparstic Spotlight F2Ba Au 240926.csv",-5419.79166666667,-926.041666666667,-5197.91297449854,-1694.86814056483
"MP_-1",1450,4200,2500,60.4,52.7,50,60.4,"Protein",0.782,"Comparstic Spotlight F2Ba Au 240926.csv",-5294.79166666667,-776.041666666667,-5024.74522382478,-1754.43037506017
"MP_-1",1525,5850,6875,104.1,84.1,97.5,104.1,"Protein",0.828,"Comparstic Spotlight F2Ba Au 240926.csv",-5219.79166666667,873.958333333333,-4162.6382014581,-3041.45359781098
"MP_2",1550,3000,3750,80.9,59,50,80.9,"PET",0.878,"Comparstic Spotlight F2Ba Au 240926.csv",-5194.79166666667,-1976.04166666667,-5527.77026110014,-743.299800918783
"MP_-1",1525,3375,1875,60.4,39.6,50,60.4,"Protein",0.666,"Comparstic Spotlight F2Ba Au 240926.csv",-5219.79166666667,-1601.04166666667,-5365.56177236003,-1056.24041955286
"MP_-1",1550,5650,2500,60.4,52.7,50,60.4,"Protein",0.739,"Comparstic Spotlight F2Ba Au 240926.csv",-5194.79166666667,673.958333333333,-4239.79148821525,-2868.88158774061
"MP_-1",1550,6525,1875,60.4,39.6,30,60.4,"Protein",0.704,"Comparstic Spotlight F2Ba Au 240926.csv",-5194.79166666667,1548.95833333333,-3814.51547830043,-3570.72463055914
"MP_-1",1650,4500,2500,60.4,52.7,50,60.4,"Protein",0.773,"Comparstic Spotlight F2Ba Au 240926.csv",-5094.79166666667,-476.041666666667,-4718.51503920975,-1897.85633033171
"MP_-1",1675,2900,2500,75,42.4,55,75,"Cellulose",0.692,"Comparstic Spotlight F2Ba Au 240926.csv",-5069.79166666667,-2076.04166666667,-5476.10994183061,-602.335451751692
"MP_-1",1700,2700,5000,128.1,49.7,50,128.1,"Cellulose",0.769,"Comparstic Spotlight F2Ba Au 240926.csv",-5044.79166666667,-2276.04166666667,-5553.26322858776,-429.763441681318
"MP_-1",1725,5475,3750,80.9,59,55,80.9,"Protein",0.833,"Comparstic Spotlight F2Ba Au 240926.csv",-5019.79166666667,498.958333333333,-4184.47808163451,-2643.45777719394
"MP_-1",1800,6325,6250,104.1,76.5,100,104.1,"Protein",0.884,"Comparstic Spotlight F2Ba Au 240926.csv",-4944.79166666667,1348.95833333333,-3711.19483976138,-3288.79593222495
"MP_-1",1825,7725,1875,60.4,39.6,50,60.4,"Protein",0.725,"Comparstic Spotlight F2Ba Au 240926.csv",-4919.79166666667,2748.95833333333,-3010.70056553142,-4399.59405759417
"MP_-1",1950,9500,3125,80.9,49.2,50,80.9,"Cellulose",0.886,"Comparstic Spotlight F2Ba Au 240926.csv",-4794.79166666667,4523.95833333333,-2047.73451073013,-5762.57908589536
"MP_-1",1975,2550,16250,200.9,103,175,200.9,"Cellulose",0.693,"Comparstic Spotlight F2Ba Au 240926.csv",-4769.79166666667,-2426.04166666667,-5405.58844540162,-175.789316939199
"MP_-1",1975,7200,6250,115.1,69.1,75,115.1,"Protein",0.947,"Comparstic Spotlight F2Ba Au 240926.csv",-4769.79166666667,2223.95833333333,-3145.55022128285,-3905.58377306052
"MP_-1",1975,9750,3125,80.9,49.2,50,80.9,"Protein",0.796,"Comparstic Spotlight F2Ba Au 240926.csv",-4769.79166666667,4773.95833333333,-1906.17442095965,-5950.95492641737
"MP_-1",2000,4850,2500,60.4,52.7,50,60.4,"Protein",0.898,"Comparstic Spotlight F2Ba Au 240926.csv",-4744.79166666667,-126.041666666667,-4267.66741811641,-2008.48314349319
"MP_-1",2000,9575,3125,80.9,49.2,55,80.9,"Protein",0.796,"Comparstic Spotlight F2Ba Au 240926.csv",-4744.79166666667,4598.95833333333,-1971.17696457638,-5798.43557471324
"MP_-1",2050,10250,2500,60.4,52.7,50,60.4,"Protein",0.799,"Comparstic Spotlight F2Ba Au 240926.csv",-4694.79166666667,5273.95833333333,-1603.00158305245,-6315.55586432097
"MP_-1",2050,5300,2500,60.4,52.7,50,60.4,"Protein",0.75,"Comparstic Spotlight F2Ba Au 240926.csv",-4694.79166666667,323.958333333333,-4008.8487248563,-2345.12950780473
"MP_-1",2125,7025,2500,75,42.4,55,75,"Protein",0.769,"Comparstic Spotlight F2Ba Au 240926.csv",-4619.79166666667,2048.95833333333,-3110.28947306835,-3692.31070565427
"MP_-1",2150,9000,2500,60.4,52.7,50,60.4,"Protein",0.674,"Comparstic Spotlight F2Ba Au 240926.csv",-4594.79166666667,4023.95833333333,-2130.32810660865,-5264.3199734471
"MP_-1",2175,9775,1875,60.4,39.6,30,60.4,"Protein",0.67,"Comparstic Spotlight F2Ba Au 240926.csv",-4569.79166666667,4798.95833333333,-1733.60241088928,-5873.80163966023
"MP_-1",2225,7700,3125,80.9,49.2,75,80.9,"Cellulose",0.773,"Comparstic Spotlight F2Ba Au 240926.csv",-4519.79166666667,2723.95833333333,-2702.00877481194,-4185.12950898116
"MP_-1",2225,4850,3125,80.9,49.2,50,80.9,"Protein",0.722,"Comparstic Spotlight F2Ba Au 240926.csv",-4519.79166666667,-126.041666666667,-4087.19349282022,-1899.12645522938
"MP_-1",2200,10000,2500,60.4,52.7,50,60.4,"Protein",0.788,"Comparstic Spotlight F2Ba Au 240926.csv",-4544.79166666667,5023.95833333333,-1604.19306425923,-6042.12482181599
"MP_-1",2250,7875,4375,95.7,58.2,75,95.7,"Cellulose",0.813,"Comparstic Spotlight F2Ba Au 240926.csv",-4494.79166666667,2898.95833333333,-2596.90091446274,-4313.34737440444
"MP_-1",2300,4550,2500,60.4,52.7,50,60.4,"Protein",0.72,"Comparstic Spotlight F2Ba Au 240926.csv",-4444.79166666667,-426.041666666667,-4172.84443540657,-1622.04232541319
"MP_-1",2300,9575,1250,50,31.8,30,50,"Protein",0.677,"Comparstic Spotlight F2Ba Au 240926.csv",-4444.79166666667,4598.95833333333,-1730.54506418145,-5652.62665702816
"MP_-1",2350,2250,3750,80.9,59,50,80.9,"Protein",0.863,"Comparstic Spotlight F2Ba Au 240926.csv",-4394.79166666667,-2726.04166666667,-5250.60748759304,247.103730562078
"MP_-1",2350,7500,2500,60.4,52.7,50,60.4,"Protein",0.74,"Comparstic Spotlight F2Ba Au 240926.csv",-4394.79166666667,2523.95833333333,-2698.95142810411,-3963.95452634909
"MP_3",2500,2675,31875,292.5,138.7,195,292.5,"PET",0.91,"Comparstic Spotlight F2Ba Au 240926.csv",-4244.79166666667,-2301.04166666667,-4923.72890400838,-20.8870028215237
"MP_-1",2425,2775,8750,150,74.3,97.5,150,"Protein",0.95,"Comparstic Spotlight F2Ba Au 240926.csv",-4319.79166666667,-2201.04166666667,-4935.28390654542,-137.549865707769
"MP_-1",2450,1850,3125,75,53.1,55,75,"Protein",0.775,"Comparstic Spotlight F2Ba Au 240926.csv",-4294.79166666667,-3126.04166666667,-5364.80874437484,616.549236983669
"MP_-1",2450,3575,1250,50,31.8,30,50,"Protein",0.687,"Comparstic Spotlight F2Ba Au 240926.csv",-4294.79166666667,-1401.04166666667,-4526.40746768562,-767.084190287142
"MP_-1",2500,4775,3125,80.9,49.2,62.5,80.9,"Protein",0.746,"Comparstic Spotlight F2Ba Au 240926.csv",-4244.79166666667,-201.041666666667,-3903.06648021281,-1705.31030558599
"MP_-1",2550,5175,1250,50,31.8,50,50,"Cellulose",0.687,"Comparstic Spotlight F2Ba Au 240926.csv",-4194.79166666667,198.958333333333,-3668.54927323355,-2001.85135316504
"MP_-1",2600,4750,1875,60.4,39.6,50,60.4,"Protein",0.696,"Comparstic Spotlight F2Ba Au 240926.csv",-4144.79166666667,-226.041666666667,-3835.00658988826,-1636.65467465805
"MP_-1",2600,2050,3750,100,47.7,50,100,"Cellulose",0.845,"Comparstic Spotlight F2Ba Au 240926.csv",-4144.79166666667,-2926.04166666667,-5147.28684905399,529.032428896261
"MP_-1",2675,5600,1875,60.4,39.6,30,60.4,"Protein",0.838,"Comparstic Spotlight F2Ba Au 240926.csv",-4069.79166666667,623.958333333333,-3361.72334801513,-2281.99282968907
"MP_-1",2675,8050,1875,60.4,39.6,30,60.4,"Protein",0.73,"Comparstic Spotlight F2Ba Au 240926.csv",-4069.79166666667,3073.95833333333,-2170.95052025363,-4247.15334958094
"MP_4",3075,1275,140625,743.7,240.7,352.5,743.7,"PET",0.911,"Comparstic Spotlight F2Ba Au 240926.csv",-3669.79166666667,-3701.04166666667,-5142.95937744849,1381.52895791786
"MP_-1",2750,6500,2500,80.9,39.3,50,80.9,"Protein",0.835,"Comparstic Spotlight F2Ba Au 240926.csv",-3994.79166666667,1523.95833333333,-2864.13861986115,-2967.43630145257
"MP_-1",2775,7850,1875,60.4,39.6,30,60.4,"Protein",0.712,"Comparstic Spotlight F2Ba Au 240926.csv",-3969.79166666667,2873.95833333333,-2187.94583191204,-4038.1291100893
"MP_-1",2800,5050,1875,60.4,39.6,30,60.4,"Protein",0.759,"Comparstic Spotlight F2Ba Au 240926.csv",-3944.79166666667,73.958333333333,-3528.77640527323,-1780.08062992959
"MP_5",2925,5850,19375,255.4,96.6,150,255.4,"PET",0.802,"Comparstic Spotlight F2Ba Au 240926.csv",-3819.79166666667,873.958333333333,-3039.68933294846,-2361.01198194727
"MP_-1",2900,2850,5000,95.7,66.5,75,95.7,"Cellulose",0.819,"Comparstic Spotlight F2Ba Au 240926.csv",-3844.79166666667,-2126.04166666667,-4517.83116816552,33.1562788615463
"MP_-1",2875,9075,3125,80.9,49.2,55,80.9,"Protein",0.779,"Comparstic Spotlight F2Ba Au 240926.csv",-3869.79166666667,4098.95833333333,-1512.34878456632,-4972.10639747355
"MP_-1",2900,5400,2500,60.4,52.7,50,60.4,"Protein",0.721,"Comparstic Spotlight F2Ba Au 240926.csv",-3844.79166666667,423.958333333333,-3278.45536784232,-2012.21487449531
"MP_-1",2950,6300,3750,80.9,59,75,80.9,"Cellulose",0.84,"Comparstic Spotlight F2Ba Au 240926.csv",-3794.79166666667,1323.95833333333,-2800.92329805459,-2709.80908939923
"MP_-1",2975,3375,1875,60.4,39.6,30,60.4,"Protein",0.793,"Comparstic Spotlight F2Ba Au 240926.csv",-3769.79166666667,-1601.04166666667,-4202.5075871179,-351.4973174083
"MP_-1",2975,4000,1875,60.4,39.6,30,60.4,"Protein",0.731,"Comparstic Spotlight F2Ba Au 240926.csv",-3769.79166666667,-976.041666666667,-3898.73900860731,-852.813776564391
"MP_-1",3025,6900,2500,80.9,39.3,55,80.9,"Protein",0.79,"Comparstic Spotlight F2Ba Au 240926.csv",-3719.79166666667,1923.95833333333,-2449.1474875857,-3154.62066076781
"MP_-1",3100,8200,2500,60.4,52.7,50,60.4,"Protein",0.797,"Comparstic Spotlight F2Ba Au 240926.csv",-3644.79166666667,3223.95833333333,-1757.15086918495,-4160.90666639121
"MP_-1",3175,5750,1875,60.4,39.6,50,60.4,"Protein",0.789,"Comparstic Spotlight F2Ba Au 240926.csv",-3569.79166666667,773.958333333333,-2887.76572184772,-2159.29391707806
"MP_-1",3150,8050,1875,60.4,39.6,30,60.4,"Protein",0.709,"Comparstic Spotlight F2Ba Au 240926.csv",-3594.79166666667,3073.95833333333,-1789.950011295,-4016.2892299129
"MP_-1",3200,10200,5000,95.7,66.5,75,95.7,"Protein",0.924,"Comparstic Spotlight F2Ba Au 240926.csv",-3544.79166666667,5223.95833333333,-704.880784486093,-5716.51636312901
"MP_-1",3200,3450,8125,150,69,112.5,150,"Cellulose",0.771,"Comparstic Spotlight F2Ba Au 240926.csv",-3544.79166666667,-1526.04166666667,-3985.58143240043,-302.29860424322
"MP_-1",3200,7750,1875,60.4,39.6,50,60.4,"Protein",0.773,"Comparstic Spotlight F2Ba Au 240926.csv",-3544.79166666667,2773.95833333333,-1895.65361224759,-3751.35584323713
"MP_6",3350,10500,36250,266.7,173.1,230,266.7,"PET",0.859,"Comparstic Spotlight F2Ba Au 240926.csv",-3394.79166666667,5523.95833333333,-438.75591660355,-5884.24380468139
"MP_-1",3250,3475,1875,60.4,39.6,50,60.4,"Protein",0.698,"Comparstic Spotlight F2Ba Au 240926.csv",-3494.79166666667,-1501.04166666667,-3933.32537252752,-298.049776328616
"MP_-1",3250,10350,2500,60.4,52.7,50,60.4,"Protein",0.757,"Comparstic Spotlight F2Ba Au 240926.csv",-3494.79166666667,5373.95833333333,-591.871008911065,-5812.53082704562
"MP_-1",3300,3900,3125,80.9,49.2,50,80.9,"Cellulose",0.717,"Comparstic Spotlight F2Ba Au 240926.csv",-3444.79166666667,-1076.04166666667,-3686.65742240783,-614.643482273911
"MP_-1",3250,4550,2500,60.4,52.7,50,60.4,"Protein",0.714,"Comparstic Spotlight F2Ba Au 240926.csv",-3494.79166666667,-426.041666666667,-3410.84341748931,-1160.31408607709
"MP_-1",3275,6250,3125,80.9,49.2,50,80.9,"Protein",0.671,"Comparstic Spotlight F2Ba Au 240926.csv",-3469.79166666667,1273.95833333333,-2564.54022557427,-2511.74411184124
"MP_-1",3325,9950,1875,60.4,39.6,50,60.4,"Protein",0.754,"Comparstic Spotlight F2Ba Au 240926.csv",-3419.79166666667,4973.95833333333,-726.12492405911,-5455.23606376445
"MP_-1",3300,10025,1250,50,31.8,30,50,"Protein",0.694,"Comparstic Spotlight F2Ba Au 240926.csv",-3444.79166666667,5048.95833333333,-709.725353004083,-5527.54478200361
"MP_-1",3350,11900,2500,60.4,52.7,50,60.4,"Protein",0.664,"Comparstic Spotlight F2Ba Au 240926.csv",-3394.79166666667,6923.95833333333,241.685699260165,-7007.19267319103
"MP_-1",3600,7700,2500,60.4,52.7,50,60.4,"Protein",0.791,"Comparstic Spotlight F2Ba Au 240926.csv",-3144.79166666667,2723.95833333333,-1599.11256466854,-3516.83863625786
"MP_-1",3600,7875,2500,80.9,39.3,50,80.9,"Protein",0.763,"Comparstic Spotlight F2Ba Au 240926.csv",-3144.79166666667,2898.95833333333,-1514.05736268558,-3657.20724482157
"MP_-1",3650,8950,3125,80.9,49.2,50,80.9,"Protein",0.837,"Comparstic Spotlight F2Ba Au 240926.csv",-3094.79166666667,3973.95833333333,-951.470090914881,-4495.1700682892
"MP_-1",3650,3250,2500,60.4,52.7,50,60.4,"Protein",0.796,"Comparstic Spotlight F2Ba Au 240926.csv",-3094.79166666667,-1726.04166666667,-3721.83952693143,76.8360392143523
"MP_-1",3700,2150,3125,80.9,49.2,50,80.9,"Protein",0.832,"Comparstic Spotlight F2Ba Au 240926.csv",-3044.79166666667,-2826.04166666667,-4216.36690837758,983.454493609919
"MP_-1",3700,3150,2500,80.9,39.3,55,80.9,"Cellulose",0.672,"Comparstic Spotlight F2Ba Au 240926.csv",-3044.79166666667,-1826.04166666667,-3730.33718276064,181.348158960174
"MP_-1",3700,8850,2500,60.4,52.7,50,60.4,"Protein",0.784,"Comparstic Spotlight F2Ba Au 240926.csv",-3044.79166666667,3873.95833333333,-959.967746744088,-4390.65794854338
"MP_-1",3725,8100,1875,60.4,39.6,30,60.4,"Protein",0.782,"Comparstic Spotlight F2Ba Au 240926.csv",-3019.79166666667,3123.95833333333,-1304.43738259055,-3776.92745441565
"MP_-1",3750,9550,3125,80.9,49.2,55,80.9,"Protein",0.811,"Comparstic Spotlight F2Ba Au 240926.csv",-2994.79166666667,4573.95833333333,-579.641622079743,-4927.83089651735
"MP_-1",3700,10575,3750,95.7,49.9,62.5,95.7,"Protein",0.758,"Comparstic Spotlight F2Ba Au 240926.csv",-3044.79166666667,5598.95833333333,-121.566470054868,-5774.29137581419
"MP_-1",3775,3425,4375,104.1,53.5,80,104.1,"Cellulose",0.788,"Comparstic Spotlight F2Ba Au 240926.csv",-2969.79166666667,-1551.04166666667,-3536.52103311725,-2.77885364723599
"MP_-1",3825,3325,1875,60.4,39.6,30,60.4,"Cellulose",0.669,"Comparstic Spotlight F2Ba Au 240926.csv",-2919.79166666667,-1651.04166666667,-3545.01868894646,101.733266098586
"MP_-1",3925,4600,1875,60.4,39.6,30,60.4,"Protein",0.786,"Comparstic Spotlight F2Ba Au 240926.csv",-2819.79166666667,-376.041666666667,-2845.12015531989,-872.349338018147
"MP_-1",3900,9950,2500,60.4,52.7,50,60.4,"Protein",0.69,"Comparstic Spotlight F2Ba Au 240926.csv",-2844.79166666667,4973.95833333333,-264.913781635505,-5175.76897153471
"MP_-1",3950,950,4375,80.9,68.9,75,80.9,"Protein",0.733,"Comparstic Spotlight F2Ba Au 240926.csv",-2794.79166666667,-4026.04166666667,-4599.07599545547,2067.48952659385
"MP_-1",3975,3375,1875,60.4,39.6,30,60.4,"Protein",0.738,"Comparstic Spotlight F2Ba Au 240926.csv",-2769.79166666667,-1601.04166666667,-3400.40125246815,134.532408208639
"MP_-1",4050,1150,3750,104.1,45.9,62.5,104.1,"Cellulose",0.686,"Comparstic Spotlight F2Ba Au 240926.csv",-2694.79166666667,-3826.04166666667,-4421.65941686711,1955.67123222559
"MP_-1",4050,9750,3125,75,53.1,55,75,"Protein",0.852,"Comparstic Spotlight F2Ba Au 240926.csv",-2694.79166666667,4773.95833333333,-241.803776561432,-4942.44324576222
"MP_-1",4200,1550,28125,417.9,85.7,150,417.9,"Cellulose",0.893,"Comparstic Spotlight F2Ba Au 240926.csv",-2544.79166666667,-3426.04166666667,-4106.93157642287,1707.73315720824
"MP_-1",4100,2600,3125,80.9,49.2,55,80.9,"Protein",0.913,"Comparstic Spotlight F2Ba Au 240926.csv",-2644.79166666667,-2376.04166666667,-3676.81099799006,816.91853326431
"MP_-1",4100,7025,1875,60.4,39.6,50,60.4,"Protein",0.713,"Comparstic Spotlight F2Ba Au 240926.csv",-2644.79166666667,2048.95833333333,-1526.1294621351,-2732.40199756082
"MP_-1",4100,9550,2500,60.4,52.7,50,60.4,"Protein",0.724,"Comparstic Spotlight F2Ba Au 240926.csv",-2644.79166666667,4573.95833333333,-298.904404952332,-4757.72049255143
"MP_-1",4125,2800,1250,50,31.8,25,50,"Protein",0.747,"Comparstic Spotlight F2Ba Au 240926.csv",-2619.79166666667,-2176.04166666667,-3559.55239450043,668.648009474784
"MP_-1",4200,3600,3125,80.9,49.2,55,80.9,"Protein",0.798,"Comparstic Spotlight F2Ba Au 240926.csv",-2544.79166666667,-1376.04166666667,-3110.57063890815,63.4151711762575
"MP_-1",4175,10800,3125,80.9,49.2,75,80.9,"Protein",0.901,"Comparstic Spotlight F2Ba Au 240926.csv",-2569.79166666667,5823.95833333333,368.790727167572,-5723.90118144234
"MP_-1",4200,1200,1875,60.4,39.6,30,60.4,"Protein",0.766,"Comparstic Spotlight F2Ba Au 240926.csv",-2544.79166666667,-3776.04166666667,-4277.0419803888,1988.47037433565
"MP_-1",4200,9000,2500,60.4,52.7,50,60.4,"Protein",0.823,"Comparstic Spotlight F2Ba Au 240926.csv",-2544.79166666667,4023.95833333333,-486.010120576674,-4267.95903593237
"MP_-1",4225,8925,1875,60.4,39.6,30,60.4,"Protein",0.745,"Comparstic Spotlight F2Ba Au 240926.csv",-2519.79166666667,3948.95833333333,-502.409691631701,-4195.65031769322
"MP_-1",4250,1600,1250,50,31.8,30,50,"Protein",0.704,"Comparstic Spotlight F2Ba Au 240926.csv",-2494.79166666667,-3376.04166666667,-4042.52477340954,1691.9293267566
"MP_-1",4250,3275,3750,80.9,59,50,80.9,"Protein",0.83,"Comparstic Spotlight F2Ba Au 240926.csv",-2494.79166666667,-1701.04166666667,-3228.42498300116,348.401216218272
"MP_7",4300,8325,3125,80.9,49.2,55,80.9,"PET",0.733,"Comparstic Spotlight F2Ba Au 240926.csv",-2444.79166666667,3348.95833333333,-733.869551903133,-3677.9342874821
"MP_-1",4300,1200,1875,60.4,39.6,50,60.4,"Protein",0.779,"Comparstic Spotlight F2Ba Au 240926.csv",-2444.79166666667,-3776.04166666667,-4196.83134692382,2037.07334689734
"MP_-1",4300,1550,1250,50,31.8,25,50,"Protein",0.703,"Comparstic Spotlight F2Ba Au 240926.csv",-2444.79166666667,-3426.04166666667,-4026.7209429579,1756.33612976993
"MP_-1",4350,6375,3750,80.9,59,55,80.9,"Protein",0.814,"Comparstic Spotlight F2Ba Au 240926.csv",-2394.79166666667,1398.95833333333,-1641.52220012368,-2089.52544863425
"MP_-1",4350,5450,5000,104.1,61.2,80,104.1,"Protein",0.859,"Comparstic Spotlight F2Ba Au 240926.csv",-2394.79166666667,473.958333333333,-2091.09969631935,-1347.57708908323
"MP_-1",4375,1775,1875,60.4,39.6,30,60.4,"Protein",0.707,"Comparstic Spotlight F2Ba Au 240926.csv",-2369.79166666667,-3201.04166666667,-3857.20627959535,1612.31443389501
"MP_-1",4375,7575,1875,60.4,39.6,30,60.4,"Protein",0.701,"Comparstic Spotlight F2Ba Au 240926.csv",-2369.79166666667,2598.95833333333,-1038.23387101711,-3039.90230707352
"MP_-1",4425,3200,1250,50,31.8,25,50,"Cellulose",0.666,"Comparstic Spotlight F2Ba Au 240926.csv",-2319.79166666667,-1776.04166666667,-3124.50860385873,493.614393299967
"MP_-1",4500,7950,2500,60.4,52.7,50,60.4,"Protein",0.735,"Comparstic Spotlight F2Ba Au 240926.csv",-2244.79166666667,2973.95833333333,-755.709432079536,-3279.93846686506
"MP_-1",4550,7250,1250,50,31.8,50,50,"Protein",0.674,"Comparstic Spotlight F2Ba Au 240926.csv",-2194.79166666667,2273.95833333333,-1055.82492327891,-2694.16254632939
"MP_-1",4550,3500,2500,60.4,52.7,50,60.4,"Protein",0.667,"Comparstic Spotlight F2Ba Au 240926.csv",-2194.79166666667,-1476.04166666667,-2878.43639434243,313.736208607161
"MP_-1",4550,3650,4375,80.9,68.9,75,80.9,"Protein",0.842,"Comparstic Spotlight F2Ba Au 240926.csv",-2194.79166666667,-1326.04166666667,-2805.53193549989,193.420258409699
"MP_-1",4550,7575,1250,50,31.8,30,50,"Protein",0.822,"Comparstic Spotlight F2Ba Au 240926.csv",-2194.79166666667,2598.95833333333,-897.865262453401,-2954.84710509055
"MP_-1",4600,11000,1875,60.4,39.6,50,60.4,"Protein",0.664,"Comparstic Spotlight F2Ba Au 240926.csv",-2144.79166666667,6023.95833333333,806.891864517102,-5677.75981498509
"MP_-1",4650,9250,1250,50,31.8,50,50,"Protein",0.68,"Comparstic Spotlight F2Ba Au 240926.csv",-2094.79166666667,4273.95833333333,-3.55483858005363,-4249.77224306718
"MP_-1",4800,1350,48750,777.7,79.8,217.5,777.7,"Cellulose",0.8,"Comparstic Spotlight F2Ba Au 240926.csv",-1944.79166666667,-3626.04166666667,-3722.87372075641,2159.77225950835
"MP_-1",4650,2075,6250,170.8,46.6,72.5,170.8,"Cellulose",0.698,"Comparstic Spotlight F2Ba Au 240926.csv",-2094.79166666667,-2901.04166666667,-3490.81811988159,1505.34070804474
"MP_8",4725,7200,6250,115.1,69.1,75,115.1,"PET",0.788,"Comparstic Spotlight F2Ba Au 240926.csv",-2019.79166666667,2223.95833333333,-939.757800996048,-2569.00202761393
"MP_-1",4825,10275,8750,207,53.8,75,207,"Cellulose",0.821,"Comparstic Spotlight F2Ba Au 240926.csv",-1919.79166666667,5298.95833333333,634.994238741014,-4986.87603410021
"MP_-1",4800,2775,1250,50,31.8,50,50,"Protein",0.722,"Comparstic Spotlight F2Ba Au 240926.csv",-1944.79166666667,-2201.04166666667,-3030.28136175227,1016.77073263246
"MP_-1",4850,4800,2500,60.4,52.7,50,60.4,"Protein",0.808,"Comparstic Spotlight F2Ba Au 240926.csv",-1894.79166666667,-176.041666666667,-2005.96585064548,-583.193108752427
"MP_-1",4825,9475,4375,104.1,53.5,77.5,104.1,"Protein",0.737,"Comparstic Spotlight F2Ba Au 240926.csv",-1919.79166666667,4498.95833333333,246.170458247463,-4345.19096638041
"MP_-1",4875,6950,3125,80.9,49.2,55,80.9,"Protein",0.825,"Comparstic Spotlight F2Ba Au 240926.csv",-1869.79166666667,1973.95833333333,-940.949282202821,-2295.57098510896
"MP_-1",4875,11100,1875,60.4,39.6,30,60.4,"Protein",0.756,"Comparstic Spotlight F2Ba Au 240926.csv",-1869.79166666667,6123.95833333333,1076.07407910748,-5624.3122739054
"MP_-1",4925,4150,1250,50,31.8,25,50,"Protein",0.666,"Comparstic Spotlight F2Ba Au 240926.csv",-1819.79166666667,-826.041666666667,-2261.72719719776,-25.371761808822
"MP_-1",4950,2475,1875,60.4,39.6,30,60.4,"Protein",0.721,"Comparstic Spotlight F2Ba Au 240926.csv",-1794.79166666667,-2501.04166666667,-3055.77432923989,1330.30709186993
"MP_9",4950,5450,3125,80.9,49.2,55,80.9,"Polypro",0.676,"Comparstic Spotlight F2Ba Au 240926.csv",-1794.79166666667,473.958333333333,-1609.8358955295,-1055.95925371307
"MP_-1",4975,5500,5000,95.7,66.5,75,95.7,"Protein",0.937,"Comparstic Spotlight F2Ba Au 240926.csv",-1769.79166666667,523.958333333333,-1565.48175088241,-1083.91382730513
"MP_-1",5000,3650,2500,60.4,52.7,50,60.4,"Protein",0.717,"Comparstic Spotlight F2Ba Au 240926.csv",-1744.79166666667,-1326.04166666667,-2444.5840849075,412.133634937322
"MP_-1",4950,9750,2500,60.4,52.7,50,60.4,"Protein",0.67,"Comparstic Spotlight F2Ba Au 240926.csv",-1794.79166666667,4773.95833333333,480.09192462334,-4505.01649270698
"MP_-1",5000,775,1250,50,31.8,30,50,"Protein",0.728,"Comparstic Spotlight F2Ba Au 240926.csv",-1744.79166666667,-4201.04166666667,-3841.9195460562,2718.18934705534
"MP_-1",5050,1950,13125,177.1,94.4,150,177.1,"Protein",0.956,"Comparstic Spotlight F2Ba Au 240926.csv",-1694.79166666667,-3026.04166666667,-3230.72930172381,1800.01589012274
"MP_-1",5025,8475,1875,60.4,39.6,50,60.4,"Protein",0.665,"Comparstic Spotlight F2Ba Au 240926.csv",-1719.79166666667,3498.95833333333,-79.4380004395265,-3445.87868660728
"MP_-1",5100,8400,2500,100,31.8,52.5,100,"Protein",0.792,"Comparstic Spotlight F2Ba Au 240926.csv",-1644.79166666667,3423.95833333333,-55.732254762066,-3349.26848208728
"MP_-1",5100,2900,2500,60.4,52.7,50,60.4,"Protein",0.684,"Comparstic Spotlight F2Ba Au 240926.csv",-1644.79166666667,-2076.04166666667,-2728.89574565523,1062.31635848632
"MP_-1",5100,3100,2500,60.4,52.7,50,60.4,"Protein",0.726,"Comparstic Spotlight F2Ba Au 240926.csv",-1644.79166666667,-1876.04166666667,-2631.68980053184,901.895091556376
"MP_-1",5100,10675,1875,60.4,39.6,30,60.4,"Protein",0.712,"Comparstic Spotlight F2Ba Au 240926.csv",-1644.79166666667,5698.95833333333,1049.98537101647,-5174.06039341545
"MP_-1",5150,3725,2500,75,42.4,50,75,"Protein",0.706,"Comparstic Spotlight F2Ba Au 240926.csv",-1594.79166666667,-1251.04166666667,-2287.81590528877,424.880118681131
"MP_-1",5150,9300,2500,60.4,52.7,50,60.4,"Protein",0.722,"Comparstic Spotlight F2Ba Au 240926.csv",-1594.79166666667,4323.95833333333,421.799815025666,-4046.8626969912
"MP_-1",5200,6850,2500,60.4,52.7,50,60.4,"Protein",0.771,"Comparstic Spotlight F2Ba Au 240926.csv",-1544.79166666667,1873.95833333333,-728.867696003347,-2057.40069081848
"MP_-1",5300,10150,1250,50,31.8,50,50,"Protein",0.834,"Comparstic Spotlight F2Ba Au 240926.csv",-1444.79166666667,5173.95833333333,955.241031997526,-4655.74862260095
"MP_-1",5300,2700,1875,60.4,39.6,30,60.4,"Protein",0.698,"Comparstic Spotlight F2Ba Au 240926.csv",-1444.79166666667,-2276.04166666667,-2665.68042384867,1319.94357053966
"MP_-1",5325,7725,3750,80.9,59,75,80.9,"Protein",0.803,"Comparstic Spotlight F2Ba Au 240926.csv",-1419.79166666667,2748.95833333333,-203.328394257307,-2698.49001793489
"MP_-1",5400,11400,3750,80.9,59,50,80.9,"Protein",0.936,"Comparstic Spotlight F2Ba Au 240926.csv",-1344.79166666667,6423.95833333333,1642.98882248367,-5609.77856835143
"MP_-1",5425,2000,3750,80.9,59,75,80.9,"Protein",0.835,"Comparstic Spotlight F2Ba Au 240926.csv",-1319.79166666667,-2976.04166666667,-2905.63793994931,1942.1717204966
"MP_-1",5400,5650,1250,50,31.8,25,50,"Protein",0.664,"Comparstic Spotlight F2Ba Au 240926.csv",-1344.79166666667,673.958333333333,-1151.68209981372,-997.667144115395
"MP_-1",5450,8025,1875,60.4,39.6,30,60.4,"Protein",0.738,"Comparstic Spotlight F2Ba Au 240926.csv",-1294.79166666667,3048.95833333333,42.7438152589928,-2878.36820262769
"MP_-1",5550,8975,3750,95.7,49.9,75,95.7,"Protein",0.91,"Comparstic Spotlight F2Ba Au 240926.csv",-1194.79166666667,3998.95833333333,584.68268806006,-3591.76624798326
"MP_-1",5575,11525,3750,95.7,49.9,75,95.7,"Protein",0.92,"Comparstic Spotlight F2Ba Au 240926.csv",-1169.79166666667,6548.95833333333,1844.1111467495,-5624.98665819969
"MP_-1",5575,8000,1875,60.4,39.6,50,60.4,"Protein",0.729,"Comparstic Spotlight F2Ba Au 240926.csv",-1169.79166666667,3023.95833333333,130.856363949788,-2797.56182855933
"MP_-1",5600,9600,1250,50,31.8,30,50,"Protein",0.734,"Comparstic Spotlight F2Ba Au 240926.csv",-1144.79166666667,4623.95833333333,928.556583303133,-4068.7812208585
"MP_-1",5625,8400,1250,50,31.8,25,50,"Protein",0.694,"Comparstic Spotlight F2Ba Au 240926.csv",-1119.79166666667,3423.95833333333,365.373570929051,-3094.10287613839
"MP_-1",5675,975,3750,95.7,49.9,55,95.7,"Cellulose",0.701,"Comparstic Spotlight F2Ba Au 240926.csv",-1069.79166666667,-4001.04166666667,-3203.29182504423,2885.83814491683
"MP_-1",5675,7650,3750,80.9,59,55,80.9,"Protein",0.775,"Comparstic Spotlight F2Ba Au 240926.csv",-1069.79166666667,2673.95833333333,40.9565934488335,-2468.22163887023
"MP_-1",5700,3100,3125,80.9,49.2,50,80.9,"Protein",0.716,"Comparstic Spotlight F2Ba Au 240926.csv",-1044.79166666667,-1876.04166666667,-2150.425999742,1193.51292692654
"MP_-1",5700,7150,1250,50,31.8,25,50,"Cellulose",0.72,"Comparstic Spotlight F2Ba Au 240926.csv",-1044.79166666667,2173.95833333333,-182.005610993392,-2055.01772840493
"MP_-1",5750,5325,3750,80.9,59,50,80.9,"Cellulose",0.737,"Comparstic Spotlight F2Ba Au 240926.csv",-994.791666666667,348.958333333333,-1028.90454351182,-566.872181388299
"MP_-1",5825,11675,3125,80.9,49.2,50,80.9,"Cellulose",0.863,"Comparstic Spotlight F2Ba Au 240926.csv",-919.791666666667,6698.95833333333,2117.54218925448,-5623.79517699292
"MP_-1",5850,5900,1250,50,31.8,25,50,"Protein",0.709,"Comparstic Spotlight F2Ba Au 240926.csv",-894.791666666667,923.958333333333,-669.226817817104,-979.480351250209
"MP_-1",5900,8050,2500,60.4,52.7,50,60.4,"Protein",0.833,"Comparstic Spotlight F2Ba Au 240926.csv",-844.791666666667,3073.95833333333,415.842408991802,-2679.70748446632
"MP_-1",5975,3275,2500,95.7,33.3,55,95.7,"Protein",0.743,"Comparstic Spotlight F2Ba Au 240926.csv",-769.791666666667,-1701.04166666667,-1844.79155573035,1186.80249290749
"MP_-1",6000,8575,5625,136.8,52.4,95,136.8,"Protein",0.79,"Comparstic Spotlight F2Ba Au 240926.csv",-744.791666666667,3598.95833333333,751.21864840567,-3052.21033759574
"MP_-1",6050,3375,1875,75,31.8,52.5,75,"Protein",0.766,"Comparstic Spotlight F2Ba Au 240926.csv",-694.791666666667,-1601.04166666667,-1736.03060806993,1143.04408886379
"MP_-1",6125,8700,3125,80.9,49.2,50,80.9,"Protein",0.762,"Comparstic Spotlight F2Ba Au 240926.csv",-619.791666666667,3723.95833333333,912.235655939005,-3091.71991372484
"MP_-1",6200,6950,625,31.8,25,25,31.8,"Protein",0.701,"Comparstic Spotlight F2Ba Au 240926.csv",-544.791666666667,1973.95833333333,121.841611208093,-1651.58159866651
"MP_-1",6200,9350,2500,60.4,52.7,50,60.4,"Protein",0.671,"Comparstic Spotlight F2Ba Au 240926.csv",-544.791666666667,4373.95833333333,1288.31295268875,-3576.6368018259
"MP_-1",6200,2150,2500,60.4,52.7,50,60.4,"Protein",0.728,"Comparstic Spotlight F2Ba Au 240926.csv",-544.791666666667,-2826.04166666667,-2211.10107175321,2198.52880765227
"MP_10",6275,2275,21875,228.9,121.7,145,228.9,"PET",0.942,"Comparstic Spotlight F2Ba Au 240926.csv",-469.791666666667,-2701.04166666667,-2090.18938095237,2134.71774524232
"MP_-1",6225,10175,625,31.8,25,25,31.8,"Protein",0.669,"Comparstic Spotlight F2Ba Au 240926.csv",-519.791666666667,5198.95833333333,1709.34013468897,-4226.22378477152
"MP_-1",6325,2375,1875,60.4,39.6,50,60.4,"Protein",0.713,"Comparstic Spotlight F2Ba Au 240926.csv",-419.791666666667,-2601.04166666667,-2001.48109165819,2078.80859805819
"MP_-1",6325,9975,3125,80.9,49.2,55,80.9,"Protein",0.831,"Comparstic Spotlight F2Ba Au 240926.csv",-419.791666666667,4998.95833333333,1692.34482303055,-4017.19954527988
"MP_-1",6450,1900,2500,60.4,52.7,50,60.4,"Protein",0.779,"Comparstic Spotlight F2Ba Au 240926.csv",-294.791666666667,-3076.04166666667,-2132.08191949501,2520.56282271894
"MP_-1",6475,4175,5000,104.1,61.2,95,104.1,"Cellulose",0.712,"Comparstic Spotlight F2Ba Au 240926.csv",-269.791666666667,-801.041666666667,-1006.31163535023,707.92165453119
"MP_-1",6500,8325,11250,183.1,78.2,117.5,183.1,"Cellulose",0.85,"Comparstic Spotlight F2Ba Au 240926.csv",-244.791666666667,3348.95833333333,1030.76438432631,-2608.66889112483
"MP_-1",6475,4025,4375,104.1,53.5,75,104.1,"Cellulose",0.714,"Comparstic Spotlight F2Ba Au 240926.csv",-269.791666666667,-951.041666666667,-1079.21609419277,828.237604728652
"MP_11",6700,4825,114375,445.8,326.7,397.5,445.8,"PET",0.866,"Comparstic Spotlight F2Ba Au 240926.csv",-44.791666666667,-151.041666666667,-509.918388403029,295.909225272666
"MP_-1",6525,5075,2500,75,42.4,30,75,"Protein",0.773,"Comparstic Spotlight F2Ba Au 240926.csv",-219.791666666667,98.958333333333,-528.7795655625,10.3274396272654
"MP_-1",6550,11375,3750,115.1,41.5,72.5,115.1,"Protein",0.858,"Comparstic Spotlight F2Ba Au 240926.csv",-194.791666666667,6398.95833333333,2553.26036419046,-5030.79172552571
"MP_-1",6550,5825,1250,50,31.8,30,50,"Protein",0.698,"Comparstic Spotlight F2Ba Au 240926.csv",-194.791666666667,848.958333333333,-144.204612983552,-579.101568219621
"MP_-1",6650,11225,1875,60.4,39.6,30,60.4,"Protein",0.829,"Comparstic Spotlight F2Ba Au 240926.csv",-94.791666666667,6248.95833333333,2560.56653881289,-4861.87280276656
"MP_-1",6700,4450,2500,60.4,52.7,50,60.4,"Protein",0.7,"Comparstic Spotlight F2Ba Au 240926.csv",-44.791666666667,-526.041666666667,-692.179535509382,596.699100766321
"MP_-1",6750,6925,10625,152.5,88.7,100,152.5,"Protein",0.971,"Comparstic Spotlight F2Ba Au 240926.csv",5.20833333333303,1948.95833333333,550.84935212503,-1364.21259121095
"MP_-1",6700,11100,1875,60.4,39.6,30,60.4,"Protein",0.714,"Comparstic Spotlight F2Ba Au 240926.csv",-44.791666666667,6123.95833333333,2539.91813984326,-4737.30802465449
"MP_-1",6725,4375,1875,60.4,39.6,30,60.4,"Protein",0.883,"Comparstic Spotlight F2Ba Au 240926.csv",-19.791666666667,-601.041666666667,-708.579106564408,669.007819005475
"MP_-1",6825,4050,3125,80.9,49.2,55,80.9,"Protein",0.793,"Comparstic Spotlight F2Ba Au 240926.csv",80.208333333333,-926.041666666667,-786.328133924939,978.295350328337
"MP_-1",6800,7450,1875,60.4,39.6,30,60.4,"Protein",0.748,"Comparstic Spotlight F2Ba Au 240926.csv",55.208333333333,2473.95833333333,846.12027480641,-1761.01693062122
"MP_-1",6850,5950,2500,60.4,52.7,50,60.4,"Protein",0.748,"Comparstic Spotlight F2Ba Au 240926.csv",105.208333333333,973.958333333333,157.181003113489,-533.555942365757
"MP_-1",6875,1075,4375,80.9,68.9,75,80.9,"Cellulose",0.885,"Comparstic Spotlight F2Ba Au 240926.csv",130.208333333333,-3901.04166666667,-2192.16125090285,3388.86318219218
"MP_-1",6850,7100,1875,60.4,39.6,30,60.4,"Protein",0.782,"Comparstic Spotlight F2Ba Au 240926.csv",105.208333333333,2123.95833333333,716.115187572969,-1455.97822721297
"MP_-1",6850,10800,2500,60.4,52.7,50,60.4,"Protein",0.675,"Comparstic Spotlight F2Ba Au 240926.csv",105.208333333333,5823.95833333333,2514.42517235564,-4423.77166541703
"MP_-1",6950,4175,1875,60.4,39.6,30,60.4,"Cellulose",0.711,"Comparstic Spotlight F2Ba Au 240926.csv",205.208333333333,-801.041666666667,-625.311126391603,938.785774199236
"MP_-1",7000,3500,3125,80.9,49.2,50,80.9,"Protein",0.786,"Comparstic Spotlight F2Ba Au 240926.csv",255.208333333333,-1476.04166666667,-913.27587445055,1504.50903636866
"MP_-1",6950,6450,2500,60.4,52.7,50,60.4,"Protein",0.681,"Comparstic Spotlight F2Ba Au 240926.csv",205.208333333333,1473.95833333333,480.406499386933,-886.006137128936
"MP_-1",7000,1525,3750,80.9,59,75,80.9,"Protein",0.838,"Comparstic Spotlight F2Ba Au 240926.csv",255.208333333333,-3451.04166666667,-1873.184582544,3088.66904730191
"MP_-1",7000,7800,2500,60.4,52.7,50,60.4,"Protein",0.807,"Comparstic Spotlight F2Ba Au 240926.csv",255.208333333333,2823.95833333333,1176.65194570229,-1944.54820262525
"MP_-1",7050,2650,1875,60.4,39.6,50,60.4,"Protein",0.676,"Comparstic Spotlight F2Ba Au 240926.csv",305.208333333333,-2326.04166666667,-1286.29582449246,2210.60090710179
"MP_12",7075,7800,3125,80.9,49.2,55,80.9,"PET",0.698,"Comparstic Spotlight F2Ba Au 240926.csv",330.208333333333,2823.95833333333,1236.80992080102,-1908.09597320398
"MP_-1",7100,8250,1250,50,31.8,25,50,"Protein",0.72,"Comparstic Spotlight F2Ba Au 240926.csv",355.208333333333,3273.95833333333,1475.57595569489,-2256.89308065594
"MP_-1",7125,10800,1875,60.4,39.6,30,60.4,"Protein",0.676,"Comparstic Spotlight F2Ba Au 240926.csv",380.208333333333,5823.95833333333,2735.00441438432,-4290.11349087237
"MP_-1",7150,3600,1875,60.4,39.6,30,60.4,"Protein",0.789,"Comparstic Spotlight F2Ba Au 240926.csv",405.208333333333,-1376.04166666667,-744.356951691394,1497.20286174623
"MP_-1",7175,10025,1875,60.4,39.6,30,60.4,"Protein",0.721,"Comparstic Spotlight F2Ba Au 240926.csv",430.208333333333,5048.95833333333,2398.43669376368,-3644.17959523797
"MP_-1",7350,11550,2500,60.4,52.7,50,60.4,"Protein",0.794,"Comparstic Spotlight F2Ba Au 240926.csv",605.208333333333,6573.95833333333,3280.00063389322,-4782.33655359587
"MP_-1",7375,6775,625,31.8,25,25,31.8,"Cellulose",0.673,"Comparstic Spotlight F2Ba Au 240926.csv",630.208333333333,1798.95833333333,979.26135243858,-940.128062502905
"MP_-1",7400,1550,3125,80.9,49.2,75,80.9,"Cellulose",0.685,"Comparstic Spotlight F2Ba Au 240926.csv",655.208333333333,-3426.04166666667,-1540.19130554368,3263.02827918244
"MP_-1",7450,4350,3125,80.9,49.2,75,80.9,"Protein",0.8,"Comparstic Spotlight F2Ba Au 240926.csv",705.208333333333,-626.041666666667,-139.202757083766,1041.432028444
"MP_-1",7475,5850,1875,60.4,39.6,50,60.4,"Protein",0.685,"Comparstic Spotlight F2Ba Au 240926.csv",730.208333333333,873.958333333333,609.894489707886,-149.576730390196
"MP_-1",7525,10675,4375,80.9,68.9,55,80.9,"Protein",0.815,"Comparstic Spotlight F2Ba Au 240926.csv",780.208333333333,5698.95833333333,2995.0932325421,-3995.43830879437
"MP_-1",7550,650,3125,80.9,49.2,50,80.9,"Protein",0.827,"Comparstic Spotlight F2Ba Au 240926.csv",805.208333333333,-4326.04166666667,-1857.30210840147,4057.82843920975
"MP_-1",7550,2525,4375,80.9,68.9,55,80.9,"Protein",0.895,"Comparstic Spotlight F2Ba Au 240926.csv",805.208333333333,-2451.04166666667,-945.996372869705,2553.87906174148
"MP_-1",7550,4275,3750,80.9,59,50,80.9,"Protein",0.732,"Comparstic Spotlight F2Ba Au 240926.csv",805.208333333333,-701.041666666667,-95.4443530400618,1150.19297610442
"MP_-1",7550,10500,2500,60.4,52.7,50,60.4,"Protein",0.698,"Comparstic Spotlight F2Ba Au 240926.csv",805.208333333333,5523.95833333333,2930.09068892538,-3842.91895709024
"MP_-1",7550,7025,2500,75,42.4,30,75,"Protein",0.775,"Comparstic Spotlight F2Ba Au 240926.csv",805.208333333333,2048.95833333333,1241.13739240652,-1055.59944418238
"MP_-1",7575,4775,1875,60.4,39.6,30,60.4,"Protein",0.663,"Comparstic Spotlight F2Ba Au 240926.csv",830.208333333333,-201.041666666667,167.623168134651,761.290551919975
"MP_-1",7550,9400,2500,60.4,52.7,50,60.4,"Protein",0.783,"Comparstic Spotlight F2Ba Au 240926.csv",805.208333333333,4423.95833333333,2395.45799074675,-2960.60198897552
"MP_-1",7600,4650,2500,60.4,52.7,50,60.4,"Protein",0.703,"Comparstic Spotlight F2Ba Au 240926.csv",855.208333333333,-326.041666666667,126.922110798778,873.704586891617
"MP_-1",7600,6450,1250,50,31.8,30,50,"Protein",0.699,"Comparstic Spotlight F2Ba Au 240926.csv",855.208333333333,1473.95833333333,1001.77561690927,-570.086815477926
"MP_-1",7725,5200,4375,95.7,58.2,75,95.7,"Protein",0.875,"Comparstic Spotlight F2Ba Au 240926.csv",980.208333333333,223.958333333333,494.501751719312,493.299818536374
"MP_-1",7825,450,10625,150,90.2,100,150,"Protein",0.945,"Comparstic Spotlight F2Ba Au 240926.csv",1080.20833333333,-4526.04166666667,-1733.92881149617,4351.90788068436
"MP_-1",7775,1350,625,31.8,25,25,31.8,"Protein",0.66,"Comparstic Spotlight F2Ba Au 240926.csv",1030.20833333333,-3626.04166666667,-1336.60737517342,3605.71069321874
"MP_-1",7875,7225,4375,128.1,43.5,75,128.1,"Protein",0.779,"Comparstic Spotlight F2Ba Au 240926.csv",1130.20833333333,2248.95833333333,1599.02789629108,-1058.06105028682
"MP_-1",7900,4350,3750,80.9,59,75,80.9,"Protein",0.954,"Comparstic Spotlight F2Ba Au 240926.csv",1155.20833333333,-626.041666666667,221.74509350862,1260.14540497162
"MP_14",7900,3025,3750,80.9,59,75,80.9,"PET",0.746,"Comparstic Spotlight F2Ba Au 240926.csv",1155.20833333333,-1951.04166666667,-422.244292933825,2322.93629838254
"MP_-1",7950,4875,4375,104.1,53.5,82.5,104.1,"Protein",0.823,"Comparstic Spotlight F2Ba Au 240926.csv",1205.20833333333,-101.041666666667,517.01601619,863.341065561353
"MP_-1",7900,7500,1875,60.4,39.6,50,60.4,"Protein",0.782,"Comparstic Spotlight F2Ba Au 240926.csv",1155.20833333333,2523.95833333333,1752.73872920198,-1266.48954917508
"MP_-1",8000,2175,35625,543.7,83.4,130,543.7,"Cellulose",0.878,"Comparstic Spotlight F2Ba Au 240926.csv",1255.20833333333,-2801.04166666667,-755.158926243248,3053.32965539651
"MP_15",8175,5300,119375,672.4,226,297.5,672.4,"PET",0.945,"Comparstic Spotlight F2Ba Au 240926.csv",1430.20833333333,323.958333333333,904.052574873392,631.802561599022
"MP_-1",7950,3550,2500,75,42.4,55,75,"Protein",0.763,"Comparstic Spotlight F2Ba Au 240926.csv",1205.20833333333,-1426.04166666667,-126.973370252444,1926.13195897227
"MP_-1",8000,7700,2500,60.4,52.7,50,60.4,"Protein",0.781,"Comparstic Spotlight F2Ba Au 240926.csv",1255.20833333333,2723.95833333333,1930.15530779034,-1378.30784354333
"MP_-1",8000,8375,1250,50,31.8,30,50,"Protein",0.666,"Comparstic Spotlight F2Ba Au 240926.csv",1255.20833333333,3398.95833333333,2258.22537258177,-1919.72961943191
"MP_-1",8050,3350,2500,60.4,52.7,50,60.4,"Protein",0.667,"Comparstic Spotlight F2Ba Au 240926.csv",1305.20833333333,-1626.04166666667,-143.968681910857,2135.15619846391
"MP_-1",8075,5075,3750,80.9,59,55,80.9,"Protein",0.911,"Comparstic Spotlight F2Ba Au 240926.csv",1330.20833333333,98.958333333333,714.485253144606,763.673514333521
"MP_-1",8100,10525,1875,60.4,39.6,30,60.4,"Protein",0.738,"Comparstic Spotlight F2Ba Au 240926.csv",1355.20833333333,5548.95833333333,3383.39991612317,-3595.65526636717
"MP_-1",8150,11350,2500,60.4,52.7,50,60.4,"Protein",0.829,"Comparstic Spotlight F2Ba Au 240926.csv",1405.20833333333,6373.95833333333,3824.47975648963,-4233.09150617236
"MP_-1",8150,9400,1250,50,31.8,50,50,"Protein",0.661,"Comparstic Spotlight F2Ba Au 240926.csv",1405.20833333333,4423.95833333333,2876.7217915366,-2668.98415360536
"MP_-1",8225,4650,625,31.8,25,25,31.8,"Protein",0.688,"Comparstic Spotlight F2Ba Au 240926.csv",1480.20833333333,-326.041666666667,628.238569954869,1177.4731654022
"MP_-1",8275,8650,2500,80.9,39.3,55,80.9,"Protein",0.793,"Comparstic Spotlight F2Ba Au 240926.csv",1530.20833333333,3673.95833333333,2612.46278915511,-2006.65068691593
"MP_-1",8350,4950,3750,104.1,45.9,50,104.1,"Cellulose",0.835,"Comparstic Spotlight F2Ba Au 240926.csv",1605.20833333333,-26.041666666667,874.310779471169,997.594980709397
"MP_-1",8325,5200,1250,50,31.8,25,50,"Protein",0.745,"Comparstic Spotlight F2Ba Au 240926.csv",1580.20833333333,223.958333333333,975.76555250916,784.917653906537
"MP_-1",8400,400,2500,60.4,52.7,50,60.4,"Protein",0.664,"Comparstic Spotlight F2Ba Au 240926.csv",1655.20833333333,-4576.04166666667,-1297.01915535342,4671.48028964659
"MP_-1",8400,2625,1875,60.4,39.6,50,60.4,"Protein",0.684,"Comparstic Spotlight F2Ba Au 240926.csv",1655.20833333333,-2351.04166666667,-215.603015855727,2886.7936950509
"MP_-1",8475,9900,1875,60.4,39.6,50,60.4,"Protein",0.772,"Comparstic Spotlight F2Ba Au 240926.csv",1730.20833333333,4923.95833333333,3380.42121310623,-2912.07766010473
"MP_-1",8500,3000,2500,60.4,52.7,50,60.4,"Protein",0.793,"Comparstic Spotlight F2Ba Au 240926.csv",1755.20833333333,-1976.04166666667,46.8687647155998,2634.60679211894
"MP_-1",8575,7075,2500,75,42.4,30,75,"Protein",0.753,"Comparstic Spotlight F2Ba Au 240926.csv",1830.20833333333,2098.95833333333,2087.59787170336,-597.524292157502
"MP_-1",8650,4400,1250,50,31.8,25,50,"Protein",0.698,"Comparstic Spotlight F2Ba Au 240926.csv",1905.20833333333,-576.041666666667,847.626330776776,1584.56238245184
"MP_-1",8675,3900,1875,60.4,39.6,50,60.4,"Protein",0.735,"Comparstic Spotlight F2Ba Au 240926.csv",1930.20833333333,-1076.04166666667,624.66412633455,1997.76629291714
"MP_-1",8675,8750,3125,80.9,49.2,50,80.9,"Protein",0.768,"Comparstic Spotlight F2Ba Au 240926.csv",1930.20833333333,3773.95833333333,2981.9082955767,-1892.44943013413
"MP_-1",8700,4800,1875,60.4,39.6,30,60.4,"Protein",0.745,"Comparstic Spotlight F2Ba Au 240926.csv",1955.20833333333,-176.041666666667,1082.14353775604,1288.02133487279
"MP_-1",8750,8700,2500,60.4,52.7,50,60.4,"Protein",0.779,"Comparstic Spotlight F2Ba Au 240926.csv",2005.20833333333,3723.95833333333,3017.76478439459,-1815.89188398037
"MP_-1",8750,1775,2500,80.9,39.3,50,80.9,"Protein",0.853,"Comparstic Spotlight F2Ba Au 240926.csv",2005.20833333333,-3201.04166666667,-347.991065502714,3738.69448346912
"MP_-1",8750,10650,1875,60.4,39.6,30,60.4,"Protein",0.72,"Comparstic Spotlight F2Ba Au 240926.csv",2005.20833333333,5673.95833333333,3965.52274934762,-3379.99923654738
"MP_-1",8875,7975,4375,80.9,68.9,75,80.9,"Protein",0.945,"Comparstic Spotlight F2Ba Au 240926.csv",2130.20833333333,2998.95833333333,2765.65652515353,-1173.61107565719
"MP_-1",8900,10150,2500,60.4,52.7,50,60.4,"Protein",0.786,"Comparstic Spotlight F2Ba Au 240926.csv",2155.20833333333,5173.95833333333,3842.82383673661,-2906.04161037997
"MP_-1",8950,4200,2500,60.4,52.7,50,60.4,"Cellulose",0.748,"Comparstic Spotlight F2Ba Au 240926.csv",2205.20833333333,-776.041666666667,991.052286048312,1890.79256706687
"MP_-1",8950,8625,1875,60.4,39.6,50,60.4,"Protein",0.755,"Comparstic Spotlight F2Ba Au 240926.csv",2205.20833333333,3648.95833333333,3141.73382190327,-1658.52796375826
"MP_-1",8975,4025,4375,95.7,58.2,75,95.7,"Protein",0.844,"Comparstic Spotlight F2Ba Au 240926.csv",2230.20833333333,-951.041666666667,926.049742431592,2043.311918771
"MP_-1",8975,11100,1250,50,31.8,25,50,"Protein",0.675,"Comparstic Spotlight F2Ba Au 240926.csv",2230.20833333333,6123.95833333333,4364.71005117144,-3631.59039887595
"MP_-1",9000,7800,2500,60.4,52.7,50,60.4,"Protein",0.668,"Comparstic Spotlight F2Ba Au 240926.csv",2255.20833333333,2823.95833333333,2780.86461500178,-972.488751391368
"MP_-1",9125,10575,1875,60.4,39.6,30,60.4,"Protein",0.756,"Comparstic Spotlight F2Ba Au 240926.csv",2380.20833333333,5598.95833333333,4229.86039542,-3137.5801143423
"MP_17",9425,4325,91875,638.7,183.1,252.5,638.7,"PET",0.959,"Comparstic Spotlight F2Ba Au 240926.csv",2680.20833333333,-651.041666666667,1432.80651070906,2021.3933949037
"MP_-1",9150,7200,1875,60.4,39.6,50,60.4,"Protein",0.682,"Comparstic Spotlight F2Ba Au 240926.csv",2405.20833333333,2223.95833333333,2609.56272982908,-418.32049175898
"MP_-1",9200,4725,3750,80.9,59,50,80.9,"Protein",0.811,"Comparstic Spotlight F2Ba Au 240926.csv",2455.20833333333,-251.041666666667,1446.74447565964,1591.19417277999
"MP_-1",9275,10450,3125,80.9,49.2,55,80.9,"Protein",0.79,"Comparstic Spotlight F2Ba Au 240926.csv",2530.20833333333,5473.95833333333,4289.42262991535,-2964.41236366854
"MP_-1",9425,8150,18125,258.2,89.4,142.5,258.2,"Cellulose",0.901,"Comparstic Spotlight F2Ba Au 240926.csv",2680.20833333333,3173.95833333333,3291.87021119385,-1046.66333513158
"MP_-1",9325,8525,1875,60.4,39.6,50,60.4,"Protein",0.703,"Comparstic Spotlight F2Ba Au 240926.csv",2580.20833333333,3548.95833333333,3393.92072483523,-1396.05618318693
"MP_-1",9375,5600,1875,60.4,39.6,50,60.4,"Protein",0.716,"Comparstic Spotlight F2Ba Au 240926.csv",2630.20833333333,623.958333333333,2012.38909413817,974.406331944425
"MP_-1",9350,6100,2500,60.4,52.7,50,60.4,"Protein",0.798,"Comparstic Spotlight F2Ba Au 240926.csv",2605.20833333333,1123.95833333333,2235.35129858039,561.202421479128
"MP_-1",9400,1200,4375,80.9,68.9,75,80.9,"Protein",0.899,"Comparstic Spotlight F2Ba Au 240926.csv",2655.20833333333,-3776.04166666667,-106.089040210119,4515.82494754373
"MP_-1",9400,9500,2500,60.4,52.7,50,60.4,"Protein",0.736,"Comparstic Spotlight F2Ba Au 240926.csv",2655.20833333333,4523.95833333333,3927.95768241048,-2141.65763004916
"MP_-1",9450,7875,9375,226.6,52.7,75,226.6,"Cellulose",0.754,"Comparstic Spotlight F2Ba Au 240926.csv",2705.20833333333,2898.95833333333,3178.26469501544,-813.933349962477
"MP_18",9500,7925,5000,95.7,66.5,75,95.7,"PET",0.816,"Comparstic Spotlight F2Ba Au 240926.csv",2755.20833333333,2948.95833333333,3242.67149802877,-829.737180414117
"MP_-1",9500,9700,1875,60.4,39.6,50,60.4,"Protein",0.68,"Comparstic Spotlight F2Ba Au 240926.csv",2755.20833333333,4723.95833333333,4105.37426099884,-2253.47592441742
"MP_-1",9500,3050,3750,80.9,59,50,80.9,"Protein",0.857,"Comparstic Spotlight F2Ba Au 240926.csv",2755.20833333333,-1926.04166666667,873.276585646193,3080.53120100339
"MP_-1",9550,6600,1250,50,31.8,50,50,"Cellulose",0.722,"Comparstic Spotlight F2Ba Au 240926.csv",2805.20833333333,1623.95833333333,2638.78742831881,257.355199277643
"MP_-1",9625,2025,2500,75,42.4,50,75,"Protein",0.717,"Comparstic Spotlight F2Ba Au 240926.csv",2880.20833333333,-2951.04166666667,475.359408720049,3963.4439097215
"MP_-1",9750,5850,1875,60.4,39.6,50,60.4,"Protein",0.75,"Comparstic Spotlight F2Ba Au 240926.csv",3005.20833333333,873.958333333333,2434.68640103606,956.140895388341
"MP_19",9825,6925,9375,175,68.2,75,175,"PET",0.856,"Comparstic Spotlight F2Ba Au 240926.csv",3080.20833333333,1948.95833333333,3017.326331173,130.328815061134
"MP_-1",9950,2750,1875,60.4,39.6,50,60.4,"Protein",0.682,"Comparstic Spotlight F2Ba Au 240926.csv",3205.20833333333,-2226.04166666667,1088.4155185535,3539.87647792594
"MP_-1",9975,9125,1875,60.4,39.6,50,60.4,"Cellulose",0.697,"Comparstic Spotlight F2Ba Au 240926.csv",3230.20833333333,4148.95833333333,4206.90767772773,-1561.40066232577
"MP_-1",10050,5975,625,31.8,25,25,31.8,"Protein",0.694,"Comparstic Spotlight F2Ba Au 240926.csv",3305.20833333333,998.958333333333,2736.0720171331,1001.6865212422
"MP_-1",10100,2400,4375,104.1,53.5,77.5,104.1,"Cellulose",0.668,"Comparstic Spotlight F2Ba Au 240926.csv",3355.20833333333,-2576.04166666667,1038.62106478503,3893.51815389589
"MP_-1",10100,2500,3750,80.9,59,75,80.9,"Protein",0.761,"Comparstic Spotlight F2Ba Au 240926.csv",3355.20833333333,-2476.04166666667,1087.22403734672,3813.30752043092
"MP_-1",10100,9950,4375,95.7,58.2,72.5,95.7,"Protein",0.672,"Comparstic Spotlight F2Ba Au 240926.csv",3355.20833333333,4973.95833333333,4708.14549319292,-2162.38467270969
"MP_-1",10125,9625,2500,75,42.4,50,75,"Protein",0.698,"Comparstic Spotlight F2Ba Au 240926.csv",3380.20833333333,4648.95833333333,4570.23849073366,-1889.5493708081
"MP_-1",10150,3000,2500,60.4,52.7,50,60.4,"Protein",0.753,"Comparstic Spotlight F2Ba Au 240926.csv",3405.20833333333,-1976.04166666667,1370.34421688768,3436.55583938689
"MP_-1",10150,5400,2500,60.4,52.7,50,60.4,"Protein",0.737,"Comparstic Spotlight F2Ba Au 240926.csv",3405.20833333333,423.958333333333,2536.81555836833,1511.5006362275
"MP_-1",10225,7575,7500,136.8,69.8,75,136.8,"Cellulose",0.872,"Comparstic Spotlight F2Ba Au 240926.csv",3480.20833333333,2598.95833333333,3654.08818668391,-196.628412214425
"MP_-1",10200,2250,3125,80.9,49.2,70,80.9,"Protein",0.671,"Comparstic Spotlight F2Ba Au 240926.csv",3455.20833333333,-2726.04166666667,1045.92723940746,4062.43707665505
"MP_-1",10225,4775,4375,80.9,68.9,75,80.9,"Cellulose",0.779,"Comparstic Spotlight F2Ba Au 240926.csv",3480.20833333333,-201.041666666667,2293.20495495648,2049.26932480486
"MP_-1",10275,2675,3125,80.9,49.2,50,80.9,"Protein",0.696,"Comparstic Spotlight F2Ba Au 240926.csv",3530.20833333333,-2301.04166666667,1312.64784789339,3757.99411385018
"MP_-1",10275,3325,3750,80.9,59,75,80.9,"Cellulose",0.785,"Comparstic Spotlight F2Ba Au 240926.csv",3530.20833333333,-1651.04166666667,1628.5671695444,3236.62499632784
"MP_-1",10300,8300,2500,60.4,52.7,50,60.4,"Protein",0.751,"Comparstic Spotlight F2Ba Au 240926.csv",3555.20833333333,3323.95833333333,4066.61771285492,-741.703275414221
"MP_-1",10300,6025,625,31.8,25,25,31.8,"Protein",0.673,"Comparstic Spotlight F2Ba Au 240926.csv",3555.20833333333,1048.95833333333,2960.90008707638,1083.08863591395
"MP_-1",10300,9850,3750,80.9,59,50,80.9,"Protein",0.835,"Comparstic Spotlight F2Ba Au 240926.csv",3555.20833333333,4873.95833333333,4819.96378756118,-1984.96809412133
"MP_20",10425,5775,43750,369.1,150.9,175,369.1,"PET",0.903,"Comparstic Spotlight F2Ba Au 240926.csv",3680.20833333333,798.958333333333,2939.65594750337,1344.36893527851
"MP_-1",10350,7075,1250,50,31.8,30,50,"Protein",0.679,"Comparstic Spotlight F2Ba Au 240926.csv",3605.20833333333,2098.95833333333,3511.33661570666,265.178470812565
"MP_-1",10400,5500,2500,60.4,52.7,50,60.4,"Protein",0.794,"Comparstic Spotlight F2Ba Au 240926.csv",3655.20833333333,523.958333333333,2785.94511459246,1552.79743416676
"MP_-1",10450,6000,2500,60.4,52.7,50,60.4,"Protein",0.742,"Comparstic Spotlight F2Ba Au 240926.csv",3705.20833333333,1023.95833333333,3069.06529413342,1176.04575312274
"MP_-1",10450,8350,2500,60.4,52.7,50,60.4,"Protein",0.756,"Comparstic Spotlight F2Ba Au 240926.csv",3705.20833333333,3373.95833333333,4211.23514933323,-708.904133304167
"MP_-1",10500,4350,4375,104.1,53.5,75,104.1,"Protein",0.839,"Comparstic Spotlight F2Ba Au 240926.csv",3755.20833333333,-626.041666666667,2307.22156359796,2523.82269157566
"MP_-1",10600,2500,1875,60.4,39.6,50,60.4,"Protein",0.735,"Comparstic Spotlight F2Ba Au 240926.csv",3855.20833333333,-2476.04166666667,1488.2772046716,4056.32238323939
"MP_-1",10675,8350,6250,150,53.1,80,150,"Protein",0.757,"Comparstic Spotlight F2Ba Au 240926.csv",3930.20833333333,3373.95833333333,4391.70907462942,-599.547445040356
"MP_-1",10700,5100,2500,60.4,52.7,50,60.4,"Protein",0.69,"Comparstic Spotlight F2Ba Au 240926.csv",3955.20833333333,123.958333333333,2832.16512474061,2019.44888571174
"MP_-1",10700,5350,2500,60.4,52.7,50,60.4,"Protein",0.756,"Comparstic Spotlight F2Ba Au 240926.csv",3955.20833333333,373.958333333333,2953.67255614485,1818.92230204931
"MP_-1",10700,5925,1875,60.4,39.6,50,60.4,"Protein",0.773,"Comparstic Spotlight F2Ba Au 240926.csv",3955.20833333333,948.958333333333,3233.13964837459,1357.7111596257
"MP_-1",10700,7350,1875,60.4,39.6,30,60.4,"Protein",0.766,"Comparstic Spotlight F2Ba Au 240926.csv",3955.20833333333,2373.95833333333,3925.73200737873,214.709632749814
"MP_-1",10750,7450,1250,50,31.8,25,50,"Protein",0.66,"Comparstic Spotlight F2Ba Au 240926.csv",4005.20833333333,2473.95833333333,4014.44029667291,158.800485565686
"MP_-1",10750,9350,2500,60.4,52.7,50,60.4,"Protein",0.753,"Comparstic Spotlight F2Ba Au 240926.csv",4005.20833333333,4373.95833333333,4937.89677534509,-1365.20155026883
"MP_-1",10950,5200,2500,60.4,52.7,50,60.4,"Protein",0.782,"Comparstic Spotlight F2Ba Au 240926.csv",4205.20833333333,223.958333333333,3081.29468096474,2060.745683651
"MP_-1",11000,8525,3125,80.9,49.2,50,80.9,"Protein",0.805,"Comparstic Spotlight F2Ba Au 240926.csv",4255.20833333333,3548.95833333333,4737.44883537355,-581.956392778557
"MP_21",11100,2475,3750,80.9,59,50,80.9,"PET",0.848,"Comparstic Spotlight F2Ba Au 240926.csv",4355.20833333333,-2501.04166666667,1877.17962885605,4319.3899044141
"MP_-1",11175,2475,32500,326,126.9,215,326,"Cellulose",0.893,"Comparstic Spotlight F2Ba Au 240926.csv",4430.20833333333,-2501.04166666667,1937.33760395478,4355.84213383537
"MP_-1",11200,3700,2500,60.4,52.7,50,60.4,"Protein",0.747,"Comparstic Spotlight F2Ba Au 240926.csv",4455.20833333333,-1276.04166666667,2552.77667620177,3385.41261702986
"MP_-1",11200,6050,5000,104.1,61.2,50,104.1,"Cellulose",0.894,"Comparstic Spotlight F2Ba Au 240926.csv",4455.20833333333,1073.95833333333,3694.94653140158,1500.46273060295
"MP_22",11475,7200,119375,595.1,255.4,382.5,595.1,"PET",0.959,"Comparstic Spotlight F2Ba Au 240926.csv",4730.20833333333,2223.95833333333,4474.45995788974,711.698620300403
"MP_23",11300,5175,1875,75,31.8,52.5,75,"PET",0.733,"Comparstic Spotlight F2Ba Au 240926.csv",4555.20833333333,198.958333333333,3349.88115495173,2250.90874598317
"MP_-1",11400,3650,18750,282.9,84.4,132.5,282.9,"Cellulose",0.843,"Comparstic Spotlight F2Ba Au 240926.csv",4655.20833333333,-1326.04166666667,2688.89645685087,3522.72387888573
"MP_-1",11325,3650,3125,80.9,49.2,75,80.9,"Protein",0.756,"Comparstic Spotlight F2Ba Au 240926.csv",4580.20833333333,-1326.04166666667,2628.73848175214,3486.27164946446
"MP_-1",11350,8350,2500,60.4,52.7,50,60.4,"Protein",0.781,"Comparstic Spotlight F2Ba Au 240926.csv",4605.20833333333,3373.95833333333,4933.130850518,-271.477380248922
"MP_-1",11350,4150,2500,80.9,39.3,55,80.9,"Protein",0.724,"Comparstic Spotlight F2Ba Au 240926.csv",4605.20833333333,-826.041666666667,2891.80600292686,3097.36922528001
"MP_-1",11350,8550,2500,60.4,52.7,50,60.4,"Protein",0.694,"Comparstic Spotlight F2Ba Au 240926.csv",4605.20833333333,3573.95833333333,5030.33679564139,-431.898647178871
"MP_-1",11400,7650,2500,60.4,52.7,50,60.4,"Protein",0.757,"Comparstic Spotlight F2Ba Au 240926.csv",4655.20833333333,2673.95833333333,4633.01535931863,314.298540286747
"MP_-1",11450,8725,1875,60.4,39.6,30,60.4,"Protein",0.807,"Comparstic Spotlight F2Ba Au 240926.csv",4705.20833333333,3748.95833333333,5195.60263108933,-523.664283180883
"MP_24",11625,3150,28750,238.6,153.4,192.5,238.6,"PET",0.888,"Comparstic Spotlight F2Ba Au 240926.csv",4880.20833333333,-1826.04166666667,2626.3555193386,4033.13373447442
"MP_-1",11575,4825,1875,60.4,39.6,50,60.4,"Protein",0.704,"Comparstic Spotlight F2Ba Au 240926.csv",4830.20833333333,-151.041666666667,3400.34999301448,2665.30413765524
