"particle_id","x_um","y_um","area_um2","major_um","minor_um","feret_min_um","feret_max_um","material","quality","source_file","diameter_um","aspect_ratio"
"A1",NA,NA,134687.5,739,323,323,739,"Polyethylene terephthalate",0.839804702046538,"Comparstic LDIR F2Ba Au MP2 240925.xlsx",414.112848365656,0.436986952993901
"A2",NA,NA,127225,648,282,282,648,"Polyethylene terephthalate",0.844333495567771,"Comparstic LDIR F2Ba Au MP2 240925.xlsx",402.477205663788,2.29917670131412
"A3",NA,NA,122862.5,427,367,367,427,"Polyethylene terephthalate",0.812781291857113,"Comparstic LDIR F2Ba Au MP2 240925.xlsx",395.516616041632,0.859259087827103
"A4",NA,NA,110687.5,633,331,331,633,"Polyethylene terephthalate",0.877067095480206,"Comparstic LDIR F2Ba Au MP2 240925.xlsx",375.408713414957,1.91130130013285
"A5",NA,NA,83125,656,200,200,656,"Polyethylene terephthalate",0.750639130991263,"Comparstic LDIR F2Ba Au MP2 240925.xlsx",325.327584376287,0.305047015828511
"A6",NA,NA,46587.5,308,219,219,308,"Polyethylene terephthalate",0.855330065989846,"Comparstic LDIR F2Ba Au MP2 240925.xlsx",243.550913137991,1.40574005859434
"A7",NA,NA,43325,362,175,175,362,"Polyethylene terephthalate",0.784742605201264,"Comparstic LDIR F2Ba Au MP2 240925.xlsx",234.868267919808,2.06825403298173
"A8",NA,NA,41987.5,272,264,264,272,"Polyethylene terephthalate",0.810669600094303,"Comparstic LDIR F2Ba Au MP2 240925.xlsx",231.21450080946,0.974011960996269
"A9",NA,NA,39200,1113,318,318,1113,"Cellulosic",0.932922337685594,"Comparstic LDIR F2Ba Au MP2 240925.xlsx",223.407677024802,0.286009461614576
"A10",NA,NA,30512.5,235,171,171,235,"Polyethylene terephthalate",0.893747145334681,"Comparstic LDIR F2Ba Au MP2 240925.xlsx",197.10332723912,1.37198063330004
"A11",NA,NA,27050,269,177,177,269,"Cellulosic",0.777987093272813,"Comparstic LDIR F2Ba Au MP2 240925.xlsx",185.583214987472,1.52002962514685
"A12",NA,NA,24787.5,297,147,147,297,"Polyethylene terephthalate",0.85274100878399,"Comparstic LDIR F2Ba Au MP2 240925.xlsx",177.652540694252,2.02253527198147
"A13",NA,NA,23425,263,130,130,263,"Polyethylene terephthalate",0.781167895347737,"Comparstic LDIR F2Ba Au MP2 240925.xlsx",172.701002705315,0.495667293872211
"A14",NA,NA,21112.5,437,191,191,437,"Polyethylene terephthalate",0.906822932618016,"Comparstic LDIR F2Ba Au MP2 240925.xlsx",163.955084972138,0.437253457896217
"A15",NA,NA,18800,220,120,120,220,"Polyethylene terephthalate",0.87095202394214,"Comparstic LDIR F2Ba Au MP2 240925.xlsx",154.715556557901,1.83333333333333
"A16",NA,NA,18375,831,79,79,831,"Polyvinyl chloride",0.692078609187708,"Comparstic LDIR F2Ba Au MP2 240925.xlsx",152.956780282891,0.0946254456384251
"A17",NA,NA,16550,447,135,135,447,"Polyethylene terephthalate",0.884980070766979,"Comparstic LDIR F2Ba Au MP2 240925.xlsx",145.162372760185,0.302042575961249
"A18",NA,NA,14337.5,646,66,66,646,"Cellulosic",0.867312864284858,"Comparstic LDIR F2Ba Au MP2 240925.xlsx",135.111331769916,0.102597408274143
"A19",NA,NA,13425,371,65,65,371,"Rubber",0.757959687261123,"Comparstic LDIR F2Ba Au MP2 240925.xlsx",130.74112164147,5.75074564753788
"A20",NA,NA,12862.5,152,110,110,152,"Polyethylene terephthalate",0.910899743593897,"Comparstic LDIR F2Ba Au MP2 240925.xlsx",127.97282385005,0.723684219607356
"A21",NA,NA,10525,497,95,95,497,"Polyethylene terephthalate",0.911626678055639,"Comparstic LDIR F2Ba Au MP2 240925.xlsx",115.762024033521,5.20911818823921
"A22",NA,NA,9250,143,106,106,143,"Polyethylene terephthalate",0.855234937742436,"Comparstic LDIR F2Ba Au MP2 240925.xlsx",108.524033231355,1.35475579425798
"A23",NA,NA,9212.5,263,86,86,263,"Cellulosic",0.917786851676572,"Comparstic LDIR F2Ba Au MP2 240925.xlsx",108.303828675965,3.04473685574197
"A24",NA,NA,9050,145,100,100,145,"Polyamide (naturally occurring)",0.781205877791979,"Comparstic LDIR F2Ba Au MP2 240925.xlsx",107.344389140063,0.689655172413793
"A25",NA,NA,8875,417,53,53,417,"Cellulosic",0.928891530055395,"Comparstic LDIR F2Ba Au MP2 240925.xlsx",106.30146264057,0.127386197322976
"A26",NA,NA,8087.5,175,72,72,175,"Polyethylene terephthalate",0.921203429248864,"Comparstic LDIR F2Ba Au MP2 240925.xlsx",101.475735119513,0.412422379390774
"A27",NA,NA,7062.5,375,54,54,375,"Cellulosic",0.910976576782371,"Comparstic LDIR F2Ba Au MP2 240925.xlsx",94.8274975136014,0.144067807594663
"A28",NA,NA,6925,107,89,89,107,"Polyethylene terephthalate",0.866495534103227,"Comparstic LDIR F2Ba Au MP2 240925.xlsx",93.8998607415954,0.830845715471495
"A29",NA,NA,6787.5,291,80,80,291,"Cellulosic",0.844400536822395,"Comparstic LDIR F2Ba Au MP2 240925.xlsx",92.9629679490168,3.62500035579862
"A30",NA,NA,6725,140,71,71,140,"Polyethylene terephthalate",0.892760518130499,"Comparstic LDIR F2Ba Au MP2 240925.xlsx",92.5339718068125,1.98611115707511
"A31",NA,NA,6600,113,74,74,113,"Cellulosic",0.927399984619523,"Comparstic LDIR F2Ba Au MP2 240925.xlsx",91.6699568847508,1.52380948711022
"A32",NA,NA,6450,111,81,81,111,"Polyethylene terephthalate",0.881695252838208,"Comparstic LDIR F2Ba Au MP2 240925.xlsx",90.6222658265715,1.37755096363061
"A33",NA,NA,6375,416,57,57,416,"Cellulosic",0.833985981033295,"Comparstic LDIR F2Ba Au MP2 240925.xlsx",90.0938516086789,7.29736184865589
"A34",NA,NA,4662.5,97,65,65,97,"Polyethylene terephthalate",0.893210651413161,"Comparstic LDIR F2Ba Au MP2 240925.xlsx",77.0485520780741,1.48148141136173
"A35",NA,NA,4650,97,62,62,97,"Polyamide (naturally occurring)",0.933982588596863,"Comparstic LDIR F2Ba Au MP2 240925.xlsx",76.9452005197108,0.638095174277552
"A36",NA,NA,4600,94,66,66,94,"Polyethylene terephthalate",0.906023235391562,"Comparstic LDIR F2Ba Au MP2 240925.xlsx",76.5303985732581,1.43749992724326
"A37",NA,NA,4575,164,62,62,164,"Carbonate",0.796739607038821,"Comparstic LDIR F2Ba Au MP2 240925.xlsx",76.3221522047392,2.63671880999908
"A38",NA,NA,4550,110,57,57,110,"Polyethylene terephthalate",0.918361068411598,"Comparstic LDIR F2Ba Au MP2 240925.xlsx",76.1133360755196,0.516129006996268
"A39",NA,NA,4537.5,192,45,45,192,"Polyamide (naturally occurring)",0.878685457165586,"Comparstic LDIR F2Ba Au MP2 240925.xlsx",76.0087128836938,4.28308803841678
"A40",NA,NA,4150,104,59,59,104,"Polyamide (naturally occurring)",0.939859813213134,"Comparstic LDIR F2Ba Au MP2 240925.xlsx",72.6907429501923,0.566037701226032
"A41",NA,NA,4000,135,49,49,135,"Polyethylene terephthalate",0.892249441085367,"Comparstic LDIR F2Ba Au MP2 240925.xlsx",71.3649646461108,0.360902294401041
"A42",NA,NA,3912.5,105,47,47,105,"Cellulosic",0.910002468582759,"Comparstic LDIR F2Ba Au MP2 240925.xlsx",70.580094352277,2.23809512204187
"A43",NA,NA,3875,103,50,50,103,"Polyamide (naturally occurring)",0.93290560793875,"Comparstic LDIR F2Ba Au MP2 240925.xlsx",70.2410366940064,0.487684770546574
"A44",NA,NA,3875,106,59,59,106,"Polypropylene",0.978589994635303,"Comparstic LDIR F2Ba Au MP2 240925.xlsx",70.2410366940064,1.81081079979626
"A45",NA,NA,3562.5,105,47,47,105,"Polyamide (naturally occurring)",0.925932956436204,"Comparstic LDIR F2Ba Au MP2 240925.xlsx",67.3492084446359,0.446808533806944
"A46",NA,NA,3475,167,43,43,167,"Cellulosic",0.894828861564227,"Comparstic LDIR F2Ba Au MP2 240925.xlsx",66.5169709018284,0.254237275107038
"A47",NA,NA,3362.5,190,32,32,190,"Cellulosic",0.822389400336825,"Comparstic LDIR F2Ba Au MP2 240925.xlsx",65.4313989547219,5.98689921030809
"A48",NA,NA,3325,94,46,46,94,"Polyethylene terephthalate",0.877625051256687,"Comparstic LDIR F2Ba Au MP2 240925.xlsx",65.0655168752575,0.485294150366557
"A49",NA,NA,3275,80,50,50,80,"Polyethylene terephthalate",0.911702241758719,"Comparstic LDIR F2Ba Au MP2 240925.xlsx",64.5744493511765,0.625
"A50",NA,NA,3187.5,128,36,36,128,"Cellulosic",0.911693399418307,"Comparstic LDIR F2Ba Au MP2 240925.xlsx",63.7059734157114,0.282786881267485
"A51",NA,NA,3100,96,48,48,96,"Polyamide (naturally occurring)",0.917033491970952,"Comparstic LDIR F2Ba Au MP2 240925.xlsx",62.8254931431422,0.5
"A52",NA,NA,3087.5,103,41,41,103,"Cellulosic",0.969097963071682,"Comparstic LDIR F2Ba Au MP2 240925.xlsx",62.6987008985817,0.393333277173359
"A53",NA,NA,2987.5,100,44,44,100,"Polyamide (naturally occurring)",0.898473024242733,"Comparstic LDIR F2Ba Au MP2 240925.xlsx",61.6749798532298,2.26956480933648
"A54",NA,NA,2950,74,57,57,74,"Polyethylene terephthalate",0.922683503707088,"Comparstic LDIR F2Ba Au MP2 240925.xlsx",61.2866760150094,1.31250003161014
"A55",NA,NA,2887.5,99,59,59,99,"Polyethylene terephthalate",0.913073340982825,"Comparstic LDIR F2Ba Au MP2 240925.xlsx",60.633977153266,0.597484148081609
"A56",NA,NA,2862.5,64,57,57,64,"Polyamide (naturally occurring)",0.910238033900315,"Comparstic LDIR F2Ba Au MP2 240925.xlsx",60.3709217819672,1.12359546800437
"A57",NA,NA,2712.5,60,60,60,60,"Cellulosic",0.822302459045794,"Comparstic LDIR F2Ba Au MP2 240925.xlsx",58.7678676241884,1
"A58",NA,NA,2700,80,45,45,80,"Cellulosic",0.870641190372022,"Comparstic LDIR F2Ba Au MP2 240925.xlsx",58.6323014283504,0.5625
"A59",NA,NA,2625,91,45,45,91,"Cellulosic",0.942414338697657,"Comparstic LDIR F2Ba Au MP2 240925.xlsx",57.8122288528111,0.492125970663283
"A60",NA,NA,2612.5,85,49,49,85,"Polyethylene terephthalate",0.918982893681545,"Comparstic LDIR F2Ba Au MP2 240925.xlsx",57.6744164306897,1.72881339107393
"A61",NA,NA,2600,132,39,39,132,"Cellulosic",0.955328688477602,"Comparstic LDIR F2Ba Au MP2 240925.xlsx",57.5362739175159,0.297640633911645
"A62",NA,NA,2487.5,78,53,53,78,"Polyamide (naturally occurring)",0.93182349408159,"Comparstic LDIR F2Ba Au MP2 240925.xlsx",56.2777342074885,0.674157369262837
"A63",NA,NA,2462.5,73,54,54,73,"Carbonate",0.860504115038641,"Comparstic LDIR F2Ba Au MP2 240925.xlsx",55.9942173702815,0.735849120257435
"A64",NA,NA,2437.5,55,55,55,55,"Carbonate",0.732827477267805,"Comparstic LDIR F2Ba Au MP2 240925.xlsx",55.7092576713418,1
"A65",NA,NA,2437.5,60,60,60,60,"Polyamide (naturally occurring)",0.92175196503736,"Comparstic LDIR F2Ba Au MP2 240925.xlsx",55.7092576713418,1
"A66",NA,NA,2387.5,180,30,30,180,"Cellulosic",0.94209901081891,"Comparstic LDIR F2Ba Au MP2 240925.xlsx",55.1349200875017,6
"A67",NA,NA,2387.5,64,53,53,64,"Polyamide (naturally occurring)",0.925614174181343,"Comparstic LDIR F2Ba Au MP2 240925.xlsx",55.1349200875017,0.833333308357424
"A68",NA,NA,2287.5,70,45,45,70,"Polyamide (naturally occurring)",0.92593733437578,"Comparstic LDIR F2Ba Au MP2 240925.xlsx",53.9679113787229,1.55555555555556
"A69",NA,NA,2237.5,76,46,46,76,"Cellulosic",0.93580260113498,"Comparstic LDIR F2Ba Au MP2 240925.xlsx",53.3748394034579,0.604166631325456
"A70",NA,NA,2175,75,40,40,75,"Polyethylene terephthalate",0.873115309564973,"Comparstic LDIR F2Ba Au MP2 240925.xlsx",52.6241010355424,0.533333333333333
"A71",NA,NA,2125,64,42,42,64,"Polyethylene terephthalate",0.895910031452128,"Comparstic LDIR F2Ba Au MP2 240925.xlsx",52.015709478601,1.4999998876084
"A72",NA,NA,2100,65,40,40,65,"Polyethylene terephthalate",0.930434884804005,"Comparstic LDIR F2Ba Au MP2 240925.xlsx",51.7088294582641,1.625
"A73",NA,NA,2012.5,66,43,43,66,"Polyamide (naturally occurring)",0.91134245757931,"Comparstic LDIR F2Ba Au MP2 240925.xlsx",50.6201005903733,1.55555558037681
"A74",NA,NA,1975,79,34,34,79,"Polyethylene terephthalate",0.89249911252012,"Comparstic LDIR F2Ba Au MP2 240925.xlsx",50.1462670679677,0.435643561363349
"A75",NA,NA,1975,65,45,45,65,"Polyamide (naturally occurring)",0.926064872381839,"Comparstic LDIR F2Ba Au MP2 240925.xlsx",50.1462670679677,1.44444444444444
"A76",NA,NA,1962.5,165,28,28,165,"Cellulosic",0.828862653882412,"Comparstic LDIR F2Ba Au MP2 240925.xlsx",49.9873244587341,5.98795227053529
"A77",NA,NA,1937.5,60,40,40,60,"Polyamide (naturally occurring)",0.971180570520754,"Comparstic LDIR F2Ba Au MP2 240925.xlsx",49.667913363905,0.666666666666667
"A78",NA,NA,1862.5,60,45,45,60,"Polyamide (naturally occurring)",0.91894503916936,"Comparstic LDIR F2Ba Au MP2 240925.xlsx",48.6971113318772,1.33333333333333
"A79",NA,NA,1837.5,56,42,42,56,"Polyamide (naturally occurring)",0.914585244700799,"Comparstic LDIR F2Ba Au MP2 240925.xlsx",48.369180925987,1.31578952684855
"A80",NA,NA,1825,106,31,31,106,"Cellulosic",0.900970428432625,"Comparstic LDIR F2Ba Au MP2 240925.xlsx",48.2043791490117,3.35483855329695
"A81",NA,NA,1812.5,60,42,42,60,"Polyamide (naturally occurring)",0.927072222024821,"Comparstic LDIR F2Ba Au MP2 240925.xlsx",48.0390120093293,1.4166666853986
"A82",NA,NA,1775,50,45,45,50,"Polyamide (naturally occurring)",0.804518698923528,"Comparstic LDIR F2Ba Au MP2 240925.xlsx",47.5394593143939,1.11111111111111
"A83",NA,NA,1750,50,40,40,50,"Polyethylene terephthalate",0.941419101723752,"Comparstic LDIR F2Ba Au MP2 240925.xlsx",47.2034871941315,0.8
"A84",NA,NA,1712.5,63,38,38,63,"Chitin",0.884059143024926,"Comparstic LDIR F2Ba Au MP2 240925.xlsx",46.6949967379693,1.6470589858636
"A85",NA,NA,1700,60,39,39,60,"Polycarbonate",0.887871498426707,"Comparstic LDIR F2Ba Au MP2 240925.xlsx",46.5242649168128,1.54545453430827
"A86",NA,NA,1637.5,53,42,42,53,"Carbonate",0.860705010415341,"Comparstic LDIR F2Ba Au MP2 240925.xlsx",45.6610310276042,1.2500000561958
"A87",NA,NA,1625,55,40,40,55,"Polyamide (naturally occurring)",0.925915615362264,"Comparstic LDIR F2Ba Au MP2 240925.xlsx",45.4864184146723,1.40000012063134
"A88",NA,NA,1612.5,63,35,35,63,"Polyamide (naturally occurring)",0.956803703803018,"Comparstic LDIR F2Ba Au MP2 240925.xlsx",45.3111329132858,0.549999988690813
"A89",NA,NA,1487.5,60,35,35,60,"Polyamide (naturally occurring)",0.931131812857365,"Comparstic LDIR F2Ba Au MP2 240925.xlsx",43.5194648725551,0.583333333333333
"A90",NA,NA,1475,65,31,31,65,"Polyamide (naturally occurring)",0.940899868441385,"Comparstic LDIR F2Ba Au MP2 240925.xlsx",43.3362242065961,0.471428559899464
"A91",NA,NA,1475,68,36,36,68,"Polycarbonate",0.869741025025116,"Comparstic LDIR F2Ba Au MP2 240925.xlsx",43.3362242065961,0.523364520461789
"A92",NA,NA,1475,50,45,45,50,"Polyamide (naturally occurring)",0.939254523355852,"Comparstic LDIR F2Ba Au MP2 240925.xlsx",43.3362242065961,0.9
"A93",NA,NA,1475,63,36,36,63,"Polyamide (naturally occurring)",0.934617438466672,"Comparstic LDIR F2Ba Au MP2 240925.xlsx",43.3362242065961,1.76923072301354
"A94",NA,NA,1462.5,49,42,42,49,"Rubber",0.769118095199971,"Comparstic LDIR F2Ba Au MP2 240925.xlsx",43.1522054381369,0.857142884667332
"A95",NA,NA,1462.5,45,40,40,45,"Cellulosic",0.936736016673243,"Comparstic LDIR F2Ba Au MP2 240925.xlsx",43.1522054381369,0.888888888888889
"A96",NA,NA,1425,60,32,32,60,"Cellulosic",0.949829707431432,"Comparstic LDIR F2Ba Au MP2 240925.xlsx",42.5953794588991,1.88888877233464
"A97",NA,NA,1425,57,35,35,57,"Rubber",0.731294542350706,"Comparstic LDIR F2Ba Au MP2 240925.xlsx",42.5953794588991,1.5999998381561
"A98",NA,NA,1425,53,35,35,53,"Polyamide (naturally occurring)",0.970435445372751,"Comparstic LDIR F2Ba Au MP2 240925.xlsx",42.5953794588991,0.666666666666667
"A99",NA,NA,1412.5,55,34,34,55,"Polyamide (naturally occurring)",0.94536476687416,"Comparstic LDIR F2Ba Au MP2 240925.xlsx",42.408146115321,0.618181835521351
"A100",NA,NA,1412.5,49,43,43,49,"Polyamide (naturally occurring)",0.88344206265084,"Comparstic LDIR F2Ba Au MP2 240925.xlsx",42.408146115321,1.12903230457938
"A101",NA,NA,1400,45,40,40,45,"Polyamide (naturally occurring)",0.92007180937491,"Comparstic LDIR F2Ba Au MP2 240925.xlsx",42.2200824564475,0.888888888888889
"A102",NA,NA,1387.5,45,40,40,45,"Polyamide (naturally occurring)",0.896877786873762,"Comparstic LDIR F2Ba Au MP2 240925.xlsx",42.0311773368298,1.125
"A103",NA,NA,1375,65,41,41,65,"Polyamide (naturally occurring)",0.805443938699752,"Comparstic LDIR F2Ba Au MP2 240925.xlsx",41.84141935942,0.627906964891254
"A104",NA,NA,1350,60,30,30,60,"Polyamide (naturally occurring)",0.878473654949501,"Comparstic LDIR F2Ba Au MP2 240925.xlsx",41.4592979365603,2
"A105",NA,NA,1312.5,49,36,36,49,"Polyamide (naturally occurring)",0.957740705779612,"Comparstic LDIR F2Ba Au MP2 240925.xlsx",40.8794190573313,0.727272652371551
"A106",NA,NA,1312.5,40,40,40,40,"Polyamide (naturally occurring)",0.914073981047385,"Comparstic LDIR F2Ba Au MP2 240925.xlsx",40.8794190573313,1
"A107",NA,NA,1300,60,33,33,60,"Polyamide (naturally occurring)",0.94860957659758,"Comparstic LDIR F2Ba Au MP2 240925.xlsx",40.6842894512822,1.82258054568935
"A108",NA,NA,1300,103,23,23,103,"Cellulosic",0.872267480562829,"Comparstic LDIR F2Ba Au MP2 240925.xlsx",40.6842894512822,4.51923051991095
"A109",NA,NA,1287.5,46,35,35,46,"Polyamide (naturally occurring)",0.91345423626879,"Comparstic LDIR F2Ba Au MP2 240925.xlsx",40.4882194452476,0.769230817113582
"A110",NA,NA,1275,40,40,40,40,"Polyamide (naturally occurring)",0.911695689243465,"Comparstic LDIR F2Ba Au MP2 240925.xlsx",40.291195310357,1
"A111",NA,NA,1262.5,42,39,39,42,"Carbonate",0.874503002090825,"Comparstic LDIR F2Ba Au MP2 240925.xlsx",40.0932029804073,0.9166666853986
"A112",NA,NA,1250,62,28,28,62,"Cellulosic",0.916479030282102,"Comparstic LDIR F2Ba Au MP2 240925.xlsx",39.8942280401433,2.25000012894456
"A113",NA,NA,1250,58,29,29,58,"Polyamide (naturally occurring)",0.914672228900686,"Comparstic LDIR F2Ba Au MP2 240925.xlsx",39.8942280401433,0.499999958990759
"A114",NA,NA,1237.5,74,27,27,74,"Cellulosic",0.885332988884678,"Comparstic LDIR F2Ba Au MP2 240925.xlsx",39.6942557130092,2.77419330535399
"A115",NA,NA,1225,49,34,34,49,"Polyamide (naturally occurring)",0.932774540992415,"Comparstic LDIR F2Ba Au MP2 240925.xlsx",39.4932708483429,1.46666673301051
"A116",NA,NA,1212.5,40,35,35,40,"Polyamide (naturally occurring)",0.899545375294274,"Comparstic LDIR F2Ba Au MP2 240925.xlsx",39.2912579079798,0.875
"A117",NA,NA,1212.5,67,27,27,67,"Polycarbonate",0.714527233622709,"Comparstic LDIR F2Ba Au MP2 240925.xlsx",39.2912579079798,0.395348846291433
"A118",NA,NA,1187.5,50,30,30,50,"Polyamide (naturally occurring)",0.899157106870072,"Comparstic LDIR F2Ba Au MP2 240925.xlsx",38.8840836252188,1.66666666666667
"A119",NA,NA,1175,60,35,35,60,"Polyethylene terephthalate",0.87396817573455,"Comparstic LDIR F2Ba Au MP2 240925.xlsx",38.6788891394752,0.588235312784764
"A120",NA,NA,1175,69,25,25,69,"Cellulosic",0.955462782980767,"Comparstic LDIR F2Ba Au MP2 240925.xlsx",38.6788891394752,0.35483870191084
"A121",NA,NA,1175,50,30,30,50,"Polyamide (naturally occurring)",0.917022459004057,"Comparstic LDIR F2Ba Au MP2 240925.xlsx",38.6788891394752,0.6
"A122",NA,NA,1150,57,28,28,57,"Polyamide (naturally occurring)",0.970035437145177,"Comparstic LDIR F2Ba Au MP2 240925.xlsx",38.2651992866291,0.5
"A123",NA,NA,1150,42,35,35,42,"Polyamide (naturally occurring)",0.967228630447921,"Comparstic LDIR F2Ba Au MP2 240925.xlsx",38.2651992866291,1.19999994605203
"A124",NA,NA,1150,49,31,31,49,"Polyamide (naturally occurring)",0.927433535301946,"Comparstic LDIR F2Ba Au MP2 240925.xlsx",38.2651992866291,0.636363601116024
"A125",NA,NA,1150,40,35,35,40,"Polyamide (naturally occurring)",0.948391180267762,"Comparstic LDIR F2Ba Au MP2 240925.xlsx",38.2651992866291,1.14285714285714
"A126",NA,NA,1137.5,65,24,24,65,"Polyamide (naturally occurring)",0.951513394065782,"Comparstic LDIR F2Ba Au MP2 240925.xlsx",38.0566680377598,2.71428570009993
"A127",NA,NA,1137.5,40,35,35,40,"Polyamide (naturally occurring)",0.932803804108519,"Comparstic LDIR F2Ba Au MP2 240925.xlsx",38.0566680377598,0.875
"A128",NA,NA,1137.5,49,32,32,49,"Polyamide (naturally occurring)",0.909828476003282,"Comparstic LDIR F2Ba Au MP2 240925.xlsx",38.0566680377598,0.645161326411559
"A129",NA,NA,1125,40,35,35,40,"Polyamide (naturally occurring)",0.925494398314711,"Comparstic LDIR F2Ba Au MP2 240925.xlsx",37.8469878303024,0.875
"A130",NA,NA,1125,52,35,35,52,"Polyamide (naturally occurring)",0.937622494627555,"Comparstic LDIR F2Ba Au MP2 240925.xlsx",37.8469878303024,1.4705883994562
"A131",NA,NA,1125,74,23,23,74,"Polyamide (naturally occurring)",0.922771687456672,"Comparstic LDIR F2Ba Au MP2 240925.xlsx",37.8469878303024,0.306666677472898
"A132",NA,NA,1112.5,50,30,30,50,"Polyamide (naturally occurring)",0.933069125103516,"Comparstic LDIR F2Ba Au MP2 240925.xlsx",37.6361394608675,0.6
"A133",NA,NA,1100,65,27,27,65,"Polyamide (naturally occurring)",0.9363918972627,"Comparstic LDIR F2Ba Au MP2 240925.xlsx",37.4241031850956,2.44186044224542
"A134",NA,NA,1100,40,35,35,40,"Cellulosic",0.851687567362317,"Comparstic LDIR F2Ba Au MP2 240925.xlsx",37.4241031850956,1.14285714285714
"A135",NA,NA,1087.5,40,35,35,40,"Polyamide (naturally occurring)",0.93285967297164,"Comparstic LDIR F2Ba Au MP2 240925.xlsx",37.2108586960781,0.875
"A136",NA,NA,1087.5,40,35,35,40,"Polyamide (naturally occurring)",0.935471825715886,"Comparstic LDIR F2Ba Au MP2 240925.xlsx",37.2108586960781,0.875
"A137",NA,NA,1062.5,40,35,35,40,"Polyamide (naturally occurring)",0.928388537933136,"Comparstic LDIR F2Ba Au MP2 240925.xlsx",36.7806609005481,0.875
"A138",NA,NA,1062.5,55,25,25,55,"Polyethylene terephthalate",0.913744115578168,"Comparstic LDIR F2Ba Au MP2 240925.xlsx",36.7806609005481,2.2
"A139",NA,NA,1050,49,40,40,49,"Polyamide (naturally occurring)",0.923709636857136,"Comparstic LDIR F2Ba Au MP2 240925.xlsx",36.5636639571573,0.818181800558012
"A140",NA,NA,1050,40,35,35,40,"Polyamide (naturally occurring)",0.959788191092708,"Comparstic LDIR F2Ba Au MP2 240925.xlsx",36.5636639571573,0.875
"A141",NA,NA,1037.5,55,25,25,55,"Polyethylene terephthalate",0.948961338968528,"Comparstic LDIR F2Ba Au MP2 240925.xlsx",36.3453714750961,0.454545454545455
"A142",NA,NA,1037.5,60,27,27,60,"Polyamide (naturally occurring)",0.953825080018043,"Comparstic LDIR F2Ba Au MP2 240925.xlsx",36.3453714750961,0.444444418117524
"A143",NA,NA,1012.5,45,30,30,45,"Carbonate",0.802803126661236,"Comparstic LDIR F2Ba Au MP2 240925.xlsx",35.9048052361289,1.5
"A144",NA,NA,987.5,50,25,25,50,"Polyamide (naturally occurring)",0.900482979042572,"Comparstic LDIR F2Ba Au MP2 240925.xlsx",35.4587654949516,2
"A145",NA,NA,987.5,38,31,31,38,"Polyamide (naturally occurring)",0.97741251978851,"Comparstic LDIR F2Ba Au MP2 240925.xlsx",35.4587654949516,0.823529492931798
"A146",NA,NA,975,35,35,35,35,"Polyamide (naturally occurring)",0.93025516856779,"Comparstic LDIR F2Ba Au MP2 240925.xlsx",35.2336281997296,1
"A147",NA,NA,975,46,28,28,46,"Polyamide (naturally occurring)",0.937900148445519,"Comparstic LDIR F2Ba Au MP2 240925.xlsx",35.2336281997296,0.620689730477352
"A148",NA,NA,962.5,43,31,31,43,"Polyamide (naturally occurring)",0.899673539667777,"Comparstic LDIR F2Ba Au MP2 240925.xlsx",35.0070430314757,1.38709687839314
"A149",NA,NA,962.5,40,30,30,40,"Polyamide (naturally occurring)",0.941494671029114,"Comparstic LDIR F2Ba Au MP2 240925.xlsx",35.0070430314757,1.33333333333333
"A150",NA,NA,962.5,35,35,35,35,"Cellulosic",0.911131013108027,"Comparstic LDIR F2Ba Au MP2 240925.xlsx",35.0070430314757,1
"A151",NA,NA,950,57,21,21,57,"Cellulosic",0.970433624467308,"Comparstic LDIR F2Ba Au MP2 240925.xlsx",34.7789816915102,0.375000021073426
"A152",NA,NA,937.5,35,30,30,35,"Rubber",0.772333042386798,"Comparstic LDIR F2Ba Au MP2 240925.xlsx",34.5494149471335,1.16666666666667
"A153",NA,NA,925,40,30,30,40,"Polyamide (naturally occurring)",0.878134211710042,"Comparstic LDIR F2Ba Au MP2 240925.xlsx",34.3183125878885,0.75
"A154",NA,NA,925,35,32,32,35,"Polytetrafluoroethylene",0.659396083088727,"Comparstic LDIR F2Ba Au MP2 240925.xlsx",34.3183125878885,1.11111124431598
"A155",NA,NA,912.5,39,32,32,39,"Polyamide (naturally occurring)",0.924571891780872,"Comparstic LDIR F2Ba Au MP2 240925.xlsx",34.0856433791536,1.22222233877648
"A156",NA,NA,900,36,34,34,36,"Cellulosic",0.839816627593298,"Comparstic LDIR F2Ba Au MP2 240925.xlsx",33.8513750128654,1.06666668088321
"A157",NA,NA,887.5,40,30,30,40,"Polyamide (naturally occurring)",0.947236752252524,"Comparstic LDIR F2Ba Au MP2 240925.xlsx",33.6154740551499,1.33333333333333
"A158",NA,NA,887.5,56,32,32,56,"Cellulosic",0.939837039840846,"Comparstic LDIR F2Ba Au MP2 240925.xlsx",33.6154740551499,0.577235796726732
"A159",NA,NA,875,40,25,25,40,"Polyvinyl chloride",0.674151835167838,"Comparstic LDIR F2Ba Au MP2 240925.xlsx",33.3779058906227,0.625
"A160",NA,NA,875,38,31,31,38,"Carbonate",0.819768104945177,"Comparstic LDIR F2Ba Au MP2 240925.xlsx",33.3779058906227,0.82352944128001
"A161",NA,NA,862.5,49,35,35,49,"Polyamide",0.809742489366288,"Comparstic LDIR F2Ba Au MP2 240925.xlsx",33.1386346630949,1.40000002697398
"A162",NA,NA,850,56,22,22,56,"Polyamide (naturally occurring)",0.921464999904045,"Comparstic LDIR F2Ba Au MP2 240925.xlsx",32.8976232123977,2.50000021357691
"A163",NA,NA,850,35,35,35,35,"Cellulosic",0.948296980620076,"Comparstic LDIR F2Ba Au MP2 240925.xlsx",32.8976232123977,1
"A164",NA,NA,837.5,41,28,28,41,"Polyamide (naturally occurring)",0.958400288917463,"Comparstic LDIR F2Ba Au MP2 240925.xlsx",32.6548330070098,0.6818181287635
"A165",NA,NA,825,46,27,27,46,"Cellulosic",0.957407166211825,"Comparstic LDIR F2Ba Au MP2 240925.xlsx",32.4102240721429,0.57999997740295
"A166",NA,NA,825,35,30,30,35,"Polyamide (naturally occurring)",0.894654602117043,"Comparstic LDIR F2Ba Au MP2 240925.xlsx",32.4102240721429,0.857142857142857
"A167",NA,NA,812.5,35,30,30,35,"Rubber",0.857084832986266,"Comparstic LDIR F2Ba Au MP2 240925.xlsx",32.1637549129034,1.16666666666667
"A168",NA,NA,812.5,35,35,35,35,"Polyamide (naturally occurring)",0.965773891299914,"Comparstic LDIR F2Ba Au MP2 240925.xlsx",32.1637549129034,1
"A169",NA,NA,800,45,25,25,45,"Polyamide",0.694726033409494,"Comparstic LDIR F2Ba Au MP2 240925.xlsx",31.9153824321146,1.8
"A170",NA,NA,800,34,31,31,34,"Polyamide (naturally occurring)",0.94995253895931,"Comparstic LDIR F2Ba Au MP2 240925.xlsx",31.9153824321146,1.07142858230857
"A171",NA,NA,800,35,28,28,35,"Polycarbonate",0.838984365484226,"Comparstic LDIR F2Ba Au MP2 240925.xlsx",31.9153824321146,1.25000012644056
"A172",NA,NA,800,42,27,27,42,"Polyamide (naturally occurring)",0.929841015772383,"Comparstic LDIR F2Ba Au MP2 240925.xlsx",31.9153824321146,1.58333334814223
"A173",NA,NA,800,42,28,28,42,"Polyamide (naturally occurring)",0.885576840828974,"Comparstic LDIR F2Ba Au MP2 240925.xlsx",31.9153824321146,1.49999995701848
"A174",NA,NA,787.5,55,20,20,55,"Carbonate",0.864125561005239,"Comparstic LDIR F2Ba Au MP2 240925.xlsx",31.6650618423356,0.363636363636364
"A175",NA,NA,787.5,35,30,30,35,"Cellulosic",0.896571768697195,"Comparstic LDIR F2Ba Au MP2 240925.xlsx",31.6650618423356,0.857142857142857
"A176",NA,NA,787.5,35,30,30,35,"Polyamide (naturally occurring)",0.970222003369141,"Comparstic LDIR F2Ba Au MP2 240925.xlsx",31.6650618423356,0.857142857142857
"A177",NA,NA,775,40,25,25,40,"Polyamide (naturally occurring)",0.924178145895416,"Comparstic LDIR F2Ba Au MP2 240925.xlsx",31.4127465715711,0.625
"A178",NA,NA,775,30,30,30,30,"Polyamide (naturally occurring)",0.933518357332773,"Comparstic LDIR F2Ba Au MP2 240925.xlsx",31.4127465715711,1
"A179",NA,NA,775,35,30,30,35,"Polyamide (naturally occurring)",0.950747285026925,"Comparstic LDIR F2Ba Au MP2 240925.xlsx",31.4127465715711,1.16666666666667
"A180",NA,NA,775,30,30,30,30,"Carbonate",0.686957881547874,"Comparstic LDIR F2Ba Au MP2 240925.xlsx",31.4127465715711,1
"A181",NA,NA,775,40,30,30,40,"Polyamide (naturally occurring)",0.917362687058753,"Comparstic LDIR F2Ba Au MP2 240925.xlsx",31.4127465715711,1.33333333333333
"A182",NA,NA,775,57,21,21,57,"Cellulosic",0.915730224189129,"Comparstic LDIR F2Ba Au MP2 240925.xlsx",31.4127465715711,2.6666665168112
"A183",NA,NA,762.5,35,30,30,35,"Polyamide (naturally occurring)",0.933151115187775,"Comparstic LDIR F2Ba Au MP2 240925.xlsx",31.1583881621075,1.16666666666667
"A184",NA,NA,762.5,35,25,25,35,"Cellulosic",0.857782237441678,"Comparstic LDIR F2Ba Au MP2 240925.xlsx",31.1583881621075,1.4
"A185",NA,NA,762.5,33,29,29,33,"Polyamide (naturally occurring)",0.888156963241818,"Comparstic LDIR F2Ba Au MP2 240925.xlsx",31.1583881621075,0.874999937318622
"A186",NA,NA,762.5,32,28,28,32,"Polyamide (naturally occurring)",0.955234345501191,"Comparstic LDIR F2Ba Au MP2 240925.xlsx",31.1583881621075,1.12499997892657
"A187",NA,NA,762.5,44,24,24,44,"Polyamide (naturally occurring)",0.920401598358279,"Comparstic LDIR F2Ba Au MP2 240925.xlsx",31.1583881621075,1.88235281029849
"A188",NA,NA,762.5,50,20,20,50,"Cellulosic",0.951939672642685,"Comparstic LDIR F2Ba Au MP2 240925.xlsx",31.1583881621075,2.5
"A189",NA,NA,750,35,28,28,35,"Polyamide (naturally occurring)",0.916358019690294,"Comparstic LDIR F2Ba Au MP2 240925.xlsx",30.9019361618552,1.25000012644056
"A190",NA,NA,750,35,28,28,35,"Polyamide (naturally occurring)",0.951073079205133,"Comparstic LDIR F2Ba Au MP2 240925.xlsx",30.9019361618552,0.799999919078051
"A191",NA,NA,750,32,32,32,32,"Carbonate",0.640328729755508,"Comparstic LDIR F2Ba Au MP2 240925.xlsx",30.9019361618552,1.00000014985548
"A192",NA,NA,750,35,30,30,35,"Polyamide (naturally occurring)",0.971536211064836,"Comparstic LDIR F2Ba Au MP2 240925.xlsx",30.9019361618552,0.857142857142857
"A193",NA,NA,737.5,40,25,25,40,"Polyamide (naturally occurring)",0.970980710900523,"Comparstic LDIR F2Ba Au MP2 240925.xlsx",30.6433380075047,1.6
"A194",NA,NA,737.5,40,20,20,40,"Polyamide (naturally occurring)",0.884271822228978,"Comparstic LDIR F2Ba Au MP2 240925.xlsx",30.6433380075047,2
"A195",NA,NA,737.5,30,30,30,30,"Chitin",0.759995023201463,"Comparstic LDIR F2Ba Au MP2 240925.xlsx",30.6433380075047,1
"A196",NA,NA,737.5,35,30,30,35,"Polyamide (naturally occurring)",0.90807277105187,"Comparstic LDIR F2Ba Au MP2 240925.xlsx",30.6433380075047,0.857142857142857
"A197",NA,NA,737.5,30,30,30,30,"Polyamide (naturally occurring)",0.926626991285697,"Comparstic LDIR F2Ba Au MP2 240925.xlsx",30.6433380075047,1
"A198",NA,NA,737.5,30,30,30,30,"Polyamide (naturally occurring)",0.947245249153435,"Comparstic LDIR F2Ba Au MP2 240925.xlsx",30.6433380075047,1
"A199",NA,NA,737.5,35,25,25,35,"Polyamide (naturally occurring)",0.949374759682262,"Comparstic LDIR F2Ba Au MP2 240925.xlsx",30.6433380075047,1.4
"A200",NA,NA,725,30,30,30,30,"Polyamide (naturally occurring)",0.937432938110214,"Comparstic LDIR F2Ba Au MP2 240925.xlsx",30.3825388987325,1
"A201",NA,NA,725,35,25,25,35,"Polyamide (naturally occurring)",0.940423370402516,"Comparstic LDIR F2Ba Au MP2 240925.xlsx",30.3825388987325,1.4
"A202",NA,NA,725,40,25,25,40,"Polyamide (naturally occurring)",0.95017311182442,"Comparstic LDIR F2Ba Au MP2 240925.xlsx",30.3825388987325,1.6
"A203",NA,NA,725,35,25,25,35,"Polyamide (naturally occurring)",0.963845759382545,"Comparstic LDIR F2Ba Au MP2 240925.xlsx",30.3825388987325,1.4
"A204",NA,NA,725,41,28,28,41,"Polyethylene terephthalate",0.858466609997686,"Comparstic LDIR F2Ba Au MP2 240925.xlsx",30.3825388987325,0.690476187719499
"A205",NA,NA,725,37,26,26,37,"Polyamide (naturally occurring)",0.972780674923961,"Comparstic LDIR F2Ba Au MP2 240925.xlsx",30.3825388987325,1.42105267444141
"A206",NA,NA,712.5,35,25,25,35,"Polyamide (naturally occurring)",0.949650640398687,"Comparstic LDIR F2Ba Au MP2 240925.xlsx",30.1194816626018,0.714285714285714
"A207",NA,NA,712.5,35,25,25,35,"Polyamide (naturally occurring)",0.941450452795813,"Comparstic LDIR F2Ba Au MP2 240925.xlsx",30.1194816626018,1.4
"A208",NA,NA,712.5,34,31,31,34,"Polyamide (naturally occurring)",0.911035875201105,"Comparstic LDIR F2Ba Au MP2 240925.xlsx",30.1194816626018,1.07142858230857
"A209",NA,NA,712.5,36,28,28,36,"Polyamide (naturally occurring)",0.940334600848329,"Comparstic LDIR F2Ba Au MP2 240925.xlsx",30.1194816626018,0.783783837065053
"A210",NA,NA,712.5,32,28,28,32,"Polyamide (naturally occurring)",0.93579021553149,"Comparstic LDIR F2Ba Au MP2 240925.xlsx",30.1194816626018,0.888888905539498
"A211",NA,NA,712.5,30,30,30,30,"Polyamide (naturally occurring)",0.934788459042757,"Comparstic LDIR F2Ba Au MP2 240925.xlsx",30.1194816626018,1
"A212",NA,NA,700,36,28,28,36,"Polyamide (naturally occurring)",0.930803105523634,"Comparstic LDIR F2Ba Au MP2 240925.xlsx",29.8541066072092,1.30000010315565
"A213",NA,NA,700,42,21,21,42,"Polycarbonate",0.692949627009735,"Comparstic LDIR F2Ba Au MP2 240925.xlsx",29.8541066072092,0.5
"A214",NA,NA,700,35,25,25,35,"Polyamide (naturally occurring)",0.853869071996376,"Comparstic LDIR F2Ba Au MP2 240925.xlsx",29.8541066072092,0.714285714285714
"A215",NA,NA,700,35,25,25,35,"Polyamide (naturally occurring)",0.91235335604251,"Comparstic LDIR F2Ba Au MP2 240925.xlsx",29.8541066072092,1.4
"A216",NA,NA,687.5,32,28,28,32,"Polyamide (naturally occurring)",0.952123909011037,"Comparstic LDIR F2Ba Au MP2 240925.xlsx",29.586351363516,0.888888905539498
"A217",NA,NA,687.5,53,22,22,53,"Polyethylene terephthalate",0.90668700525846,"Comparstic LDIR F2Ba Au MP2 240925.xlsx",29.586351363516,2.4444443959
"A218",NA,NA,675,30,30,30,30,"Carbonate",0.739916183928179,"Comparstic LDIR F2Ba Au MP2 240925.xlsx",29.3161507141752,1
"A219",NA,NA,675,35,25,25,35,"Polycarbonate",0.864297192693158,"Comparstic LDIR F2Ba Au MP2 240925.xlsx",29.3161507141752,0.714285714285714
"A220",NA,NA,675,30,30,30,30,"Polyamide (naturally occurring)",0.940643229375813,"Comparstic LDIR F2Ba Au MP2 240925.xlsx",29.3161507141752,1
"A221",NA,NA,675,30,25,25,30,"Polyamide (naturally occurring)",0.866809520082321,"Comparstic LDIR F2Ba Au MP2 240925.xlsx",29.3161507141752,0.833333333333333
"A222",NA,NA,675,30,25,25,30,"Polyamide (naturally occurring)",0.937795511675505,"Comparstic LDIR F2Ba Au MP2 240925.xlsx",29.3161507141752,1.2
"A223",NA,NA,675,28,28,28,28,"Polyamide (naturally occurring)",0.959281921288804,"Comparstic LDIR F2Ba Au MP2 240925.xlsx",29.3161507141752,1
"A224",NA,NA,675,42,22,22,42,"Rubber",0.805345164262843,"Comparstic LDIR F2Ba Au MP2 240925.xlsx",29.3161507141752,0.526315765845089
"A225",NA,NA,662.5,35,25,25,35,"Polyamide (naturally occurring)",0.922057074096031,"Comparstic LDIR F2Ba Au MP2 240925.xlsx",29.0434364080259,1.42857153866933
"A226",NA,NA,662.5,30,25,25,30,"Cellulosic",0.857929704870774,"Comparstic LDIR F2Ba Au MP2 240925.xlsx",29.0434364080259,1.2
"A227",NA,NA,662.5,35,25,25,35,"Polyethylene terephthalate",0.879502786203839,"Comparstic LDIR F2Ba Au MP2 240925.xlsx",29.0434364080259,0.714285714285714
"A228",NA,NA,662.5,35,25,25,35,"Polyamide (naturally occurring)",0.91486452605047,"Comparstic LDIR F2Ba Au MP2 240925.xlsx",29.0434364080259,1.4
"A229",NA,NA,662.5,30,25,25,30,"Rubber",0.70451537726586,"Comparstic LDIR F2Ba Au MP2 240925.xlsx",29.0434364080259,0.833333333333333
"A230",NA,NA,662.5,30,30,30,30,"Chitin",0.828103633690543,"Comparstic LDIR F2Ba Au MP2 240925.xlsx",29.0434364080259,1
"A231",NA,NA,662.5,30,25,25,30,"Polyamide (naturally occurring)",0.967814555602615,"Comparstic LDIR F2Ba Au MP2 240925.xlsx",29.0434364080259,1.2
"A232",NA,NA,650,30,30,30,30,"Polyamide (naturally occurring)",0.915708199824675,"Comparstic LDIR F2Ba Au MP2 240925.xlsx",28.768136958758,1
"A233",NA,NA,650,38,25,25,38,"Polyamide (naturally occurring)",0.901091221197316,"Comparstic LDIR F2Ba Au MP2 240925.xlsx",28.768136958758,1.54545430753316
"A234",NA,NA,650,28,28,28,28,"Polyamide (naturally occurring)",0.944869669401983,"Comparstic LDIR F2Ba Au MP2 240925.xlsx",28.768136958758,1
"A235",NA,NA,637.5,39,21,21,39,"Polyamide (naturally occurring)",0.949812015469865,"Comparstic LDIR F2Ba Au MP2 240925.xlsx",28.490177426065,1.8333333707972
"A236",NA,NA,637.5,35,25,25,35,"Polyamide (naturally occurring)",0.915357706517027,"Comparstic LDIR F2Ba Au MP2 240925.xlsx",28.490177426065,1.42857153866933
"A237",NA,NA,637.5,30,25,25,30,"Polyamide (naturally occurring)",0.969545731973827,"Comparstic LDIR F2Ba Au MP2 240925.xlsx",28.490177426065,0.833333333333333
"A238",NA,NA,637.5,30,25,25,30,"Polyamide (naturally occurring)",0.909261335902999,"Comparstic LDIR F2Ba Au MP2 240925.xlsx",28.490177426065,1.2
"A239",NA,NA,637.5,30,25,25,30,"Cellulosic",0.944614896333655,"Comparstic LDIR F2Ba Au MP2 240925.xlsx",28.490177426065,0.833333333333333
"A240",NA,NA,637.5,30,25,25,30,"Polyamide (naturally occurring)",0.948715287677415,"Comparstic LDIR F2Ba Au MP2 240925.xlsx",28.490177426065,1.2
"A241",NA,NA,637.5,30,25,25,30,"Polyamide (naturally occurring)",0.921882136678206,"Comparstic LDIR F2Ba Au MP2 240925.xlsx",28.490177426065,1.2
"A242",NA,NA,637.5,32,28,28,32,"Polyamide (naturally occurring)",0.948076441487583,"Comparstic LDIR F2Ba Au MP2 240925.xlsx",28.490177426065,0.888888905539498
"A243",NA,NA,637.5,39,21,21,39,"Polyamide (naturally occurring)",0.914187638323926,"Comparstic LDIR F2Ba Au MP2 240925.xlsx",28.490177426065,1.8333333707972
"A244",NA,NA,637.5,39,21,21,39,"Polyamide (naturally occurring)",0.92180761624123,"Comparstic LDIR F2Ba Au MP2 240925.xlsx",28.490177426065,1.8333333707972
"A245",NA,NA,625,32,25,25,32,"Polyamide (naturally occurring)",0.947139047880254,"Comparstic LDIR F2Ba Au MP2 240925.xlsx",28.2094791773878,1.28571442333666
"A246",NA,NA,625,28,28,28,28,"Polyamide (naturally occurring)",0.950522771750033,"Comparstic LDIR F2Ba Au MP2 240925.xlsx",28.2094791773878,1
"A247",NA,NA,625,30,25,25,30,"Polyamide (naturally occurring)",0.95757956575154,"Comparstic LDIR F2Ba Au MP2 240925.xlsx",28.2094791773878,1.2
"A248",NA,NA,625,30,25,25,30,"Polyamide (naturally occurring)",0.97276566394641,"Comparstic LDIR F2Ba Au MP2 240925.xlsx",28.2094791773878,0.833333333333333
"A249",NA,NA,625,35,20,20,35,"Polyamide (naturally occurring)",0.903985177441214,"Comparstic LDIR F2Ba Au MP2 240925.xlsx",28.2094791773878,0.571428571428571
"A250",NA,NA,625,39,25,25,39,"Cellulosic",0.883321038884495,"Comparstic LDIR F2Ba Au MP2 240925.xlsx",28.2094791773878,0.636363602924814
"A251",NA,NA,625,30,25,25,30,"Polyamide (naturally occurring)",0.945224783067511,"Comparstic LDIR F2Ba Au MP2 240925.xlsx",28.2094791773878,1.2
"A252",NA,NA,625,40,20,20,40,"Polyamide (naturally occurring)",0.959672078576031,"Comparstic LDIR F2Ba Au MP2 240925.xlsx",28.2094791773878,2
"A253",NA,NA,612.5,30,25,25,30,"Polyamide (naturally occurring)",0.957048639492698,"Comparstic LDIR F2Ba Au MP2 240925.xlsx",27.9259596281003,1.2
"A254",NA,NA,612.5,35,20,20,35,"Polyamide (naturally occurring)",0.948804958581335,"Comparstic LDIR F2Ba Au MP2 240925.xlsx",27.9259596281003,0.571428571428571
"A255",NA,NA,612.5,30,25,25,30,"Polyamide (naturally occurring)",0.918731642282479,"Comparstic LDIR F2Ba Au MP2 240925.xlsx",27.9259596281003,1.2
"A256",NA,NA,612.5,30,25,25,30,"Polyamide (naturally occurring)",0.953831033312895,"Comparstic LDIR F2Ba Au MP2 240925.xlsx",27.9259596281003,1.2
"A257",NA,NA,612.5,30,25,25,30,"Polyethylene terephthalate",0.724431794959143,"Comparstic LDIR F2Ba Au MP2 240925.xlsx",27.9259596281003,0.833333333333333
"A258",NA,NA,600,32,25,25,32,"Polyamide (naturally occurring)",0.928027954200423,"Comparstic LDIR F2Ba Au MP2 240925.xlsx",27.6395319577068,1.28571423066534
"A259",NA,NA,600,35,21,21,35,"Polyamide (naturally occurring)",0.924933895428387,"Comparstic LDIR F2Ba Au MP2 240925.xlsx",27.6395319577068,0.599999973026017
"A260",NA,NA,600,30,25,25,30,"Sand",0.770421172824445,"Comparstic LDIR F2Ba Au MP2 240925.xlsx",27.6395319577068,1.2
"A261",NA,NA,600,30,25,25,30,"Polyamide (naturally occurring)",0.967622113903948,"Comparstic LDIR F2Ba Au MP2 240925.xlsx",27.6395319577068,0.833333333333333
"A262",NA,NA,600,35,25,25,35,"Polyamide (naturally occurring)",0.951555409422418,"Comparstic LDIR F2Ba Au MP2 240925.xlsx",27.6395319577068,1.4
"A263",NA,NA,600,30,25,25,30,"Polyamide (naturally occurring)",0.949210424715306,"Comparstic LDIR F2Ba Au MP2 240925.xlsx",27.6395319577068,1.2
"A264",NA,NA,600,30,25,25,30,"Polyamide (naturally occurring)",0.972102100468779,"Comparstic LDIR F2Ba Au MP2 240925.xlsx",27.6395319577068,1.2
"A265",NA,NA,600,30,25,25,30,"Polyamide (naturally occurring)",0.935189290172542,"Comparstic LDIR F2Ba Au MP2 240925.xlsx",27.6395319577068,1.2
"A266",NA,NA,600,30,25,25,30,"Polyamide (naturally occurring)",0.958380848164594,"Comparstic LDIR F2Ba Au MP2 240925.xlsx",27.6395319577068,0.833333333333333
"A267",NA,NA,600,30,25,25,30,"Polyamide (naturally occurring)",0.9649490125108,"Comparstic LDIR F2Ba Au MP2 240925.xlsx",27.6395319577068,1.2
"A268",NA,NA,600,30,25,25,30,"Polyamide (naturally occurring)",0.97133510260454,"Comparstic LDIR F2Ba Au MP2 240925.xlsx",27.6395319577068,1.2
"A269",NA,NA,600,30,25,25,30,"Polyamide (naturally occurring)",0.957101745689369,"Comparstic LDIR F2Ba Au MP2 240925.xlsx",27.6395319577068,1.2
"A270",NA,NA,600,36,28,28,36,"Polyamide (naturally occurring)",0.937971985734079,"Comparstic LDIR F2Ba Au MP2 240925.xlsx",27.6395319577068,0.785714295171479
"A271",NA,NA,587.5,35,20,20,35,"Cellulosic",0.957588050747499,"Comparstic LDIR F2Ba Au MP2 240925.xlsx",27.3501047992857,0.571428571428571
"A272",NA,NA,587.5,35,25,25,35,"Polyamide (naturally occurring)",0.969211173944635,"Comparstic LDIR F2Ba Au MP2 240925.xlsx",27.3501047992857,0.714285714285714
"A273",NA,NA,587.5,48,22,22,48,"Polyamide (naturally occurring)",0.93235243343228,"Comparstic LDIR F2Ba Au MP2 240925.xlsx",27.3501047992857,0.448979610064654
"A274",NA,NA,587.5,30,25,25,30,"Polyamide (naturally occurring)",0.863885628334836,"Comparstic LDIR F2Ba Au MP2 240925.xlsx",27.3501047992857,1.2
"A275",NA,NA,587.5,36,22,22,36,"Polyamide (naturally occurring)",0.917005215195633,"Comparstic LDIR F2Ba Au MP2 240925.xlsx",27.3501047992857,0.608695617968431
"A276",NA,NA,587.5,30,25,25,30,"Polyamide (naturally occurring)",0.93402509159184,"Comparstic LDIR F2Ba Au MP2 240925.xlsx",27.3501047992857,0.833333333333333
"A277",NA,NA,587.5,28,25,25,28,"Polyamide (naturally occurring)",0.967805796044635,"Comparstic LDIR F2Ba Au MP2 240925.xlsx",27.3501047992857,1.14285711533267
"A278",NA,NA,587.5,36,24,24,36,"Polyamide (naturally occurring)",0.929661223515047,"Comparstic LDIR F2Ba Au MP2 240925.xlsx",27.3501047992857,0.652173904492108
"A279",NA,NA,587.5,36,22,22,36,"Polyethylene terephthalate",0.933458855729851,"Comparstic LDIR F2Ba Au MP2 240925.xlsx",27.3501047992857,1.62499998656827
"A280",NA,NA,587.5,36,24,24,36,"Polyamide (naturally occurring)",0.951151784209478,"Comparstic LDIR F2Ba Au MP2 240925.xlsx",27.3501047992857,1.53333335343856
"A281",NA,NA,575,46,25,25,46,"Polyamide (naturally occurring)",0.970070997757321,"Comparstic LDIR F2Ba Au MP2 240925.xlsx",27.05758189903,0.538461474617794
"A282",NA,NA,575,35,21,21,35,"Cellulosic",0.913497830375121,"Comparstic LDIR F2Ba Au MP2 240925.xlsx",27.05758189903,0.599999973026017
"A283",NA,NA,575,30,25,25,30,"Polyamide (naturally occurring)",0.96630679112058,"Comparstic LDIR F2Ba Au MP2 240925.xlsx",27.05758189903,1.2
"A284",NA,NA,575,35,20,20,35,"Polyethylene terephthalate",0.880940166433867,"Comparstic LDIR F2Ba Au MP2 240925.xlsx",27.05758189903,1.75
"A285",NA,NA,575,35,20,20,35,"Polyamide (naturally occurring)",0.927075358183687,"Comparstic LDIR F2Ba Au MP2 240925.xlsx",27.05758189903,0.571428571428571
"A286",NA,NA,575,34,22,22,34,"Polyamide (naturally occurring)",0.922949798646161,"Comparstic LDIR F2Ba Au MP2 240925.xlsx",27.05758189903,1.5
"A287",NA,NA,575,30,25,25,30,"Polyamide (naturally occurring)",0.958199966475364,"Comparstic LDIR F2Ba Au MP2 240925.xlsx",27.05758189903,1.2
"A288",NA,NA,575,30,25,25,30,"Polyamide (naturally occurring)",0.958325482295452,"Comparstic LDIR F2Ba Au MP2 240925.xlsx",27.05758189903,1.2
"A289",NA,NA,575,38,22,22,38,"Polyamide (naturally occurring)",0.94598865985969,"Comparstic LDIR F2Ba Au MP2 240925.xlsx",27.05758189903,1.71428585276557
"A290",NA,NA,562.5,56,19,19,56,"Polypropylene",0.950282962175133,"Comparstic LDIR F2Ba Au MP2 240925.xlsx",26.7618617422916,2.97297285290685
"A291",NA,NA,562.5,25,25,25,25,"Polyamide (naturally occurring)",0.965349923454516,"Comparstic LDIR F2Ba Au MP2 240925.xlsx",26.7618617422916,1
"A292",NA,NA,562.5,46,19,19,46,"Cellulosic",0.922325682799352,"Comparstic LDIR F2Ba Au MP2 240925.xlsx",26.7618617422916,2.41666652530182
"A293",NA,NA,562.5,40,20,20,40,"Polyamide",0.687808759340656,"Comparstic LDIR F2Ba Au MP2 240925.xlsx",26.7618617422916,2
"A294",NA,NA,562.5,35,20,20,35,"Polyamide (naturally occurring)",0.840771430916692,"Comparstic LDIR F2Ba Au MP2 240925.xlsx",26.7618617422916,0.571428571428571
"A295",NA,NA,562.5,35,20,20,35,"Polyamide (naturally occurring)",0.949254365409916,"Comparstic LDIR F2Ba Au MP2 240925.xlsx",26.7618617422916,1.75
"A296",NA,NA,562.5,35,20,20,35,"Polyamide (naturally occurring)",0.941737660047569,"Comparstic LDIR F2Ba Au MP2 240925.xlsx",26.7618617422916,0.571428571428571
"A297",NA,NA,562.5,28,25,25,28,"Polyamide (naturally occurring)",0.944291424496274,"Comparstic LDIR F2Ba Au MP2 240925.xlsx",26.7618617422916,1.14285711533267
"A298",NA,NA,562.5,30,25,25,30,"Polyamide (naturally occurring)",0.912865766046697,"Comparstic LDIR F2Ba Au MP2 240925.xlsx",26.7618617422916,1.2
"A299",NA,NA,562.5,28,25,25,28,"Polyamide (naturally occurring)",0.966770365626697,"Comparstic LDIR F2Ba Au MP2 240925.xlsx",26.7618617422916,0.875000021073426
"A300",NA,NA,562.5,30,25,25,30,"Polyamide (naturally occurring)",0.940828186962302,"Comparstic LDIR F2Ba Au MP2 240925.xlsx",26.7618617422916,0.833333333333333
"A301",NA,NA,562.5,28,25,25,28,"Polyamide (naturally occurring)",0.924312300171768,"Comparstic LDIR F2Ba Au MP2 240925.xlsx",26.7618617422916,0.875000021073426
"A302",NA,NA,550,30,25,25,30,"Polyamide (naturally occurring)",0.937722753606073,"Comparstic LDIR F2Ba Au MP2 240925.xlsx",26.4628371420061,0.833333333333333
"A303",NA,NA,550,30,25,25,30,"Polyamide (naturally occurring)",0.955524497450158,"Comparstic LDIR F2Ba Au MP2 240925.xlsx",26.4628371420061,1.2
"A304",NA,NA,550,30,25,25,30,"Polyamide (naturally occurring)",0.875017308918085,"Comparstic LDIR F2Ba Au MP2 240925.xlsx",26.4628371420061,0.833333333333333
"A305",NA,NA,550,30,25,25,30,"Polyethylene terephthalate",0.9346571516977,"Comparstic LDIR F2Ba Au MP2 240925.xlsx",26.4628371420061,1.2
"A306",NA,NA,550,30,25,25,30,"Polyamide (naturally occurring)",0.954875118476621,"Comparstic LDIR F2Ba Au MP2 240925.xlsx",26.4628371420061,0.833333333333333
"A307",NA,NA,550,30,25,25,30,"Polyamide",0.627841765540542,"Comparstic LDIR F2Ba Au MP2 240925.xlsx",26.4628371420061,1.2
"A308",NA,NA,550,28,28,28,28,"Cellulosic",0.951758395580761,"Comparstic LDIR F2Ba Au MP2 240925.xlsx",26.4628371420061,1
"A309",NA,NA,550,25,25,25,25,"Polyamide (naturally occurring)",0.929447391034541,"Comparstic LDIR F2Ba Au MP2 240925.xlsx",26.4628371420061,1
"A310",NA,NA,550,25,25,25,25,"Polyamide (naturally occurring)",0.945820704720307,"Comparstic LDIR F2Ba Au MP2 240925.xlsx",26.4628371420061,1
"A311",NA,NA,537.5,35,20,20,35,"Polyamide (naturally occurring)",0.944625528048895,"Comparstic LDIR F2Ba Au MP2 240925.xlsx",26.1603947847725,0.571428571428571
"A312",NA,NA,537.5,28,25,25,28,"Polyamide (naturally occurring)",0.963695846836079,"Comparstic LDIR F2Ba Au MP2 240925.xlsx",26.1603947847725,1.14285711533267
"A313",NA,NA,537.5,41,19,19,41,"Polyamide (naturally occurring)",0.930045299463583,"Comparstic LDIR F2Ba Au MP2 240925.xlsx",26.1603947847725,2.21052638314133
"A314",NA,NA,537.5,30,20,20,30,"Polyamide (naturally occurring)",0.959207519731645,"Comparstic LDIR F2Ba Au MP2 240925.xlsx",26.1603947847725,0.666666666666667
"A315",NA,NA,537.5,30,25,25,30,"Polyamide (naturally occurring)",0.948384138503734,"Comparstic LDIR F2Ba Au MP2 240925.xlsx",26.1603947847725,1.2
"A316",NA,NA,537.5,30,20,20,30,"Polyamide (naturally occurring)",0.973096407933045,"Comparstic LDIR F2Ba Au MP2 240925.xlsx",26.1603947847725,0.666666666666667
"A317",NA,NA,537.5,28,25,25,28,"Polyamide (naturally occurring)",0.969957590332902,"Comparstic LDIR F2Ba Au MP2 240925.xlsx",26.1603947847725,0.875000021073426
"A318",NA,NA,537.5,35,20,20,35,"Polyamide (naturally occurring)",0.975876230798027,"Comparstic LDIR F2Ba Au MP2 240925.xlsx",26.1603947847725,1.75
"A319",NA,NA,537.5,30,25,25,30,"Polyamide (naturally occurring)",0.948860379389287,"Comparstic LDIR F2Ba Au MP2 240925.xlsx",26.1603947847725,0.833333333333333
"A320",NA,NA,537.5,41,19,19,41,"Polyamide (naturally occurring)",0.951839364264435,"Comparstic LDIR F2Ba Au MP2 240925.xlsx",26.1603947847725,0.461538414695679
"A321",NA,NA,537.5,35,20,20,35,"Polyamide (naturally occurring)",0.930325851242443,"Comparstic LDIR F2Ba Au MP2 240925.xlsx",26.1603947847725,1.75
"A322",NA,NA,537.5,30,20,20,30,"Polyamide (naturally occurring)",0.940000872833713,"Comparstic LDIR F2Ba Au MP2 240925.xlsx",26.1603947847725,1.5
"A323",NA,NA,525,31,22,22,31,"Polyamide (naturally occurring)",0.920019766551681,"Comparstic LDIR F2Ba Au MP2 240925.xlsx",25.8544147291321,1.40000008529923
"A324",NA,NA,525,25,25,25,25,"Cellulosic",0.784865772545517,"Comparstic LDIR F2Ba Au MP2 240925.xlsx",25.8544147291321,1
"A325",NA,NA,525,25,25,25,25,"Polyamide (naturally occurring)",0.962711253353756,"Comparstic LDIR F2Ba Au MP2 240925.xlsx",25.8544147291321,1
"A326",NA,NA,525,35,20,20,35,"Polyamide (naturally occurring)",0.953905280384705,"Comparstic LDIR F2Ba Au MP2 240925.xlsx",25.8544147291321,1.75
"A327",NA,NA,525,25,25,25,25,"Polyamide (naturally occurring)",0.949999649219545,"Comparstic LDIR F2Ba Au MP2 240925.xlsx",25.8544147291321,1
"A328",NA,NA,525,25,25,25,25,"Polyamide (naturally occurring)",0.939680680535747,"Comparstic LDIR F2Ba Au MP2 240925.xlsx",25.8544147291321,1
"A329",NA,NA,525,35,21,21,35,"Polyamide (naturally occurring)",0.953848502781251,"Comparstic LDIR F2Ba Au MP2 240925.xlsx",25.8544147291321,1.6666667415944
"A330",NA,NA,525,40,20,20,40,"Polyamide (naturally occurring)",0.951726692770488,"Comparstic LDIR F2Ba Au MP2 240925.xlsx",25.8544147291321,2
"A331",NA,NA,525,36,20,20,36,"Polyethylene terephthalate",0.879181290933633,"Comparstic LDIR F2Ba Au MP2 240925.xlsx",25.8544147291321,0.562500045815016
"A332",NA,NA,525,30,20,20,30,"Polyamide (naturally occurring)",0.965942020163795,"Comparstic LDIR F2Ba Au MP2 240925.xlsx",25.8544147291321,1.5
"A333",NA,NA,525,30,25,25,30,"Polyamide (naturally occurring)",0.967155986327077,"Comparstic LDIR F2Ba Au MP2 240925.xlsx",25.8544147291321,1.2
"A334",NA,NA,525,30,25,25,30,"Polyamide (naturally occurring)",0.967092336603871,"Comparstic LDIR F2Ba Au MP2 240925.xlsx",25.8544147291321,1.2
"A335",NA,NA,512.5,25,25,25,25,"Polyethylene terephthalate",0.926423786205697,"Comparstic LDIR F2Ba Au MP2 240925.xlsx",25.5447698497515,1
"A336",NA,NA,512.5,30,25,25,30,"Polyamide (naturally occurring)",0.951604304839512,"Comparstic LDIR F2Ba Au MP2 240925.xlsx",25.5447698497515,0.833333333333333
"A337",NA,NA,512.5,32,21,21,32,"Polyamide (naturally occurring)",0.947647703170995,"Comparstic LDIR F2Ba Au MP2 240925.xlsx",25.5447698497515,1.4999998876084
"A338",NA,NA,512.5,30,20,20,30,"Carbonate",0.799788225715532,"Comparstic LDIR F2Ba Au MP2 240925.xlsx",25.5447698497515,0.666666666666667
"A339",NA,NA,512.5,32,22,22,32,"Polyamide (naturally occurring)",0.944809928034373,"Comparstic LDIR F2Ba Au MP2 240925.xlsx",25.5447698497515,0.699999917065963
"A340",NA,NA,512.5,32,21,21,32,"Polyamide (naturally occurring)",0.971002271308307,"Comparstic LDIR F2Ba Au MP2 240925.xlsx",25.5447698497515,0.666666716618493
"A341",NA,NA,512.5,25,25,25,25,"Polyamide (naturally occurring)",0.963577711199882,"Comparstic LDIR F2Ba Au MP2 240925.xlsx",25.5447698497515,1
"A342",NA,NA,512.5,25,25,25,25,"Polyamide (naturally occurring)",0.959838203284829,"Comparstic LDIR F2Ba Au MP2 240925.xlsx",25.5447698497515,1
"A343",NA,NA,500,30,20,20,30,"Polyamide (naturally occurring)",0.962105408954194,"Comparstic LDIR F2Ba Au MP2 240925.xlsx",25.2313252202016,1.5
"A344",NA,NA,500,25,25,25,25,"Polyamide (naturally occurring)",0.926758095077795,"Comparstic LDIR F2Ba Au MP2 240925.xlsx",25.2313252202016,1
"A345",NA,NA,500,30,20,20,30,"Polyamide (naturally occurring)",0.774855761290187,"Comparstic LDIR F2Ba Au MP2 240925.xlsx",25.2313252202016,0.666666666666667
"A346",NA,NA,500,35,21,21,35,"Cellulosic",0.837694586202782,"Comparstic LDIR F2Ba Au MP2 240925.xlsx",25.2313252202016,0.599999973026017
"A347",NA,NA,500,29,25,25,29,"Polyamide (naturally occurring)",0.933325674269062,"Comparstic LDIR F2Ba Au MP2 240925.xlsx",25.2313252202016,0.846153902935876
"A348",NA,NA,500,35,20,20,35,"Polyamide (naturally occurring)",0.934525847136481,"Comparstic LDIR F2Ba Au MP2 240925.xlsx",25.2313252202016,1.75
"A349",NA,NA,500,28,21,21,28,"Polyamide (naturally occurring)",0.913288511523365,"Comparstic LDIR F2Ba Au MP2 240925.xlsx",25.2313252202016,1.3333332584056
"A350",NA,NA,500,30,20,20,30,"Carbonate",0.807937621599494,"Comparstic LDIR F2Ba Au MP2 240925.xlsx",25.2313252202016,1.5
"A351",NA,NA,500,33,22,22,33,"Carbonate",0.760266988943002,"Comparstic LDIR F2Ba Au MP2 240925.xlsx",25.2313252202016,1.5000000546125
"A352",NA,NA,500,35,20,20,35,"Cellulosic",0.911055897715493,"Comparstic LDIR F2Ba Au MP2 240925.xlsx",25.2313252202016,0.571428571428571
"A353",NA,NA,487.5,30,20,20,30,"Polyamide (naturally occurring)",0.958094951707511,"Comparstic LDIR F2Ba Au MP2 240925.xlsx",24.9139374258344,1.5
"A354",NA,NA,487.5,28,25,25,28,"Polyamide (naturally occurring)",0.935535237258835,"Comparstic LDIR F2Ba Au MP2 240925.xlsx",24.9139374258344,0.875000105367132
"A355",NA,NA,487.5,25,25,25,25,"Polyamide (naturally occurring)",0.898432304832974,"Comparstic LDIR F2Ba Au MP2 240925.xlsx",24.9139374258344,1
"A356",NA,NA,487.5,30,20,20,30,"Cellulosic",0.948807229322959,"Comparstic LDIR F2Ba Au MP2 240925.xlsx",24.9139374258344,1.5
"A357",NA,NA,487.5,25,25,25,25,"Polyamide (naturally occurring)",0.949394386188322,"Comparstic LDIR F2Ba Au MP2 240925.xlsx",24.9139374258344,1
"A358",NA,NA,487.5,35,15,15,35,"Polyamide (naturally occurring)",0.945323858535642,"Comparstic LDIR F2Ba Au MP2 240925.xlsx",24.9139374258344,0.428571428571429
"A359",NA,NA,487.5,30,20,20,30,"Polyamide (naturally occurring)",0.870970369965427,"Comparstic LDIR F2Ba Au MP2 240925.xlsx",24.9139374258344,0.666666666666667
"A360",NA,NA,487.5,30,20,20,30,"Polyamide (naturally occurring)",0.882892107338418,"Comparstic LDIR F2Ba Au MP2 240925.xlsx",24.9139374258344,0.666666666666667
"A361",NA,NA,475,25,20,20,25,"Polyamide (naturally occurring)",0.953727325265376,"Comparstic LDIR F2Ba Au MP2 240925.xlsx",24.5924537968297,0.8
"A362",NA,NA,475,37,22,22,37,"Chitin",0.819237430467453,"Comparstic LDIR F2Ba Au MP2 240925.xlsx",24.5924537968297,0.599999974321533
"A363",NA,NA,475,32,23,23,32,"Polyamide (naturally occurring)",0.92947733911121,"Comparstic LDIR F2Ba Au MP2 240925.xlsx",24.5924537968297,0.730769195868936
"A364",NA,NA,475,25,25,25,25,"Polyamide (naturally occurring)",0.944604281949416,"Comparstic LDIR F2Ba Au MP2 240925.xlsx",24.5924537968297,1
"A365",NA,NA,475,25,25,25,25,"Polyamide (naturally occurring)",0.942012450840136,"Comparstic LDIR F2Ba Au MP2 240925.xlsx",24.5924537968297,0.999999903664348
"A366",NA,NA,475,44,19,19,44,"Carbonate",0.777911336721805,"Comparstic LDIR F2Ba Au MP2 240925.xlsx",24.5924537968297,2.33333346055198
"A367",NA,NA,475,28,21,21,28,"Polyamide (naturally occurring)",0.953769408398387,"Comparstic LDIR F2Ba Au MP2 240925.xlsx",24.5924537968297,1.3333332584056
"A368",NA,NA,475,30,20,20,30,"Polyamide (naturally occurring)",0.937510940503842,"Comparstic LDIR F2Ba Au MP2 240925.xlsx",24.5924537968297,1.5
"A369",NA,NA,475,35,21,21,35,"Polyamide (naturally occurring)",0.952958685347843,"Comparstic LDIR F2Ba Au MP2 240925.xlsx",24.5924537968297,1.66666662846087
"A370",NA,NA,462.5,25,20,20,25,"Polyamide (naturally occurring)",0.927519031223428,"Comparstic LDIR F2Ba Au MP2 240925.xlsx",24.2667115497756,1.25
"A371",NA,NA,462.5,25,25,25,25,"Polyamide (naturally occurring)",0.950216719543896,"Comparstic LDIR F2Ba Au MP2 240925.xlsx",24.2667115497756,1
"A372",NA,NA,462.5,45,15,15,45,"Cellulosic",0.95481110035359,"Comparstic LDIR F2Ba Au MP2 240925.xlsx",24.2667115497756,0.333333333333333
"A373",NA,NA,462.5,30,20,20,30,"Polyamide (naturally occurring)",0.963653571980297,"Comparstic LDIR F2Ba Au MP2 240925.xlsx",24.2667115497756,0.666666666666667
"A374",NA,NA,462.5,25,20,20,25,"Polyamide (naturally occurring)",0.905579774011368,"Comparstic LDIR F2Ba Au MP2 240925.xlsx",24.2667115497756,0.8
"A375",NA,NA,462.5,30,20,20,30,"Polyamide (naturally occurring)",0.943460137458787,"Comparstic LDIR F2Ba Au MP2 240925.xlsx",24.2667115497756,0.666666666666667
"A376",NA,NA,462.5,25,25,25,25,"Polyamide (naturally occurring)",0.934598424284252,"Comparstic LDIR F2Ba Au MP2 240925.xlsx",24.2667115497756,1
"A377",NA,NA,462.5,30,20,20,30,"Polyamide (naturally occurring)",0.95742539755515,"Comparstic LDIR F2Ba Au MP2 240925.xlsx",24.2667115497756,1.5
"A378",NA,NA,462.5,25,20,20,25,"Polyamide (naturally occurring)",0.960430109195392,"Comparstic LDIR F2Ba Au MP2 240925.xlsx",24.2667115497756,0.8
"A379",NA,NA,462.5,25,20,20,25,"Polyamide (naturally occurring)",0.94883653693476,"Comparstic LDIR F2Ba Au MP2 240925.xlsx",24.2667115497756,1.25
"A380",NA,NA,450,36,19,19,36,"Polyamide (naturally occurring)",0.948097929427761,"Comparstic LDIR F2Ba Au MP2 240925.xlsx",23.936536824086,1.91666661954505
"A381",NA,NA,450,25,20,20,25,"Polyamide (naturally occurring)",0.953584272303069,"Comparstic LDIR F2Ba Au MP2 240925.xlsx",23.936536824086,0.8
"A382",NA,NA,450,28,21,21,28,"Polyamide (naturally occurring)",0.909465260608687,"Comparstic LDIR F2Ba Au MP2 240925.xlsx",23.936536824086,0.750000042146853
"A383",NA,NA,450,28,21,21,28,"Cellulosic",0.641622151549329,"Comparstic LDIR F2Ba Au MP2 240925.xlsx",23.936536824086,1.3333332584056
"A384",NA,NA,450,25,20,20,25,"Polyamide (naturally occurring)",0.965927014115936,"Comparstic LDIR F2Ba Au MP2 240925.xlsx",23.936536824086,0.8
"A385",NA,NA,450,30,20,20,30,"Chitin",0.92005331203168,"Comparstic LDIR F2Ba Au MP2 240925.xlsx",23.936536824086,0.666666666666667
"A386",NA,NA,450,30,20,20,30,"Polycarbonate",0.719971283990988,"Comparstic LDIR F2Ba Au MP2 240925.xlsx",23.936536824086,1.5
"A387",NA,NA,450,30,20,20,30,"Polyamide (naturally occurring)",0.944523414565781,"Comparstic LDIR F2Ba Au MP2 240925.xlsx",23.936536824086,1.5
"A388",NA,NA,437.5,25,25,25,25,"Polyethylene terephthalate",0.859266622324985,"Comparstic LDIR F2Ba Au MP2 240925.xlsx",23.6017435970657,1
"A389",NA,NA,437.5,30,20,20,30,"Polyamide (naturally occurring)",0.92278659197401,"Comparstic LDIR F2Ba Au MP2 240925.xlsx",23.6017435970657,1.5
"A390",NA,NA,437.5,30,20,20,30,"Polyamide (naturally occurring)",0.921605725311557,"Comparstic LDIR F2Ba Au MP2 240925.xlsx",23.6017435970657,1.5
"A391",NA,NA,437.5,30,20,20,30,"Polyamide (naturally occurring)",0.935089582994456,"Comparstic LDIR F2Ba Au MP2 240925.xlsx",23.6017435970657,1.5
"A392",NA,NA,437.5,40,15,15,40,"Carbonate",0.693004986025963,"Comparstic LDIR F2Ba Au MP2 240925.xlsx",23.6017435970657,0.375
"A393",NA,NA,437.5,32,19,19,32,"Polycarbonate",0.808576132423567,"Comparstic LDIR F2Ba Au MP2 240925.xlsx",23.6017435970657,1.64285699373759
"A394",NA,NA,437.5,30,20,20,30,"Polyamide (naturally occurring)",0.868942158480459,"Comparstic LDIR F2Ba Au MP2 240925.xlsx",23.6017435970657,0.666666666666667
"A395",NA,NA,437.5,25,25,25,25,"Cellulosic",0.913587908974417,"Comparstic LDIR F2Ba Au MP2 240925.xlsx",23.6017435970657,1
"A396",NA,NA,437.5,25,20,20,25,"Polyamide (naturally occurring)",0.945369327981254,"Comparstic LDIR F2Ba Au MP2 240925.xlsx",23.6017435970657,1.25
"A397",NA,NA,437.5,27,25,25,27,"Polyamide (naturally occurring)",0.941757882834036,"Comparstic LDIR F2Ba Au MP2 240925.xlsx",23.6017435970657,0.916666740711136
"A398",NA,NA,437.5,30,20,20,30,"Polyamide (naturally occurring)",0.89218120974012,"Comparstic LDIR F2Ba Au MP2 240925.xlsx",23.6017435970657,1.5
"A399",NA,NA,425,25,25,25,25,"Carbonate",0.822068198092886,"Comparstic LDIR F2Ba Au MP2 240925.xlsx",23.2621324584064,1
"A400",NA,NA,425,25,20,20,25,"Polyethylene terephthalate",0.9338797427024,"Comparstic LDIR F2Ba Au MP2 240925.xlsx",23.2621324584064,0.8
"A401",NA,NA,425,25,20,20,25,"Polyamide (naturally occurring)",0.946861381794015,"Comparstic LDIR F2Ba Au MP2 240925.xlsx",23.2621324584064,1.25
"A402",NA,NA,425,30,15,15,30,"Polyamide (naturally occurring)",0.805130344899859,"Comparstic LDIR F2Ba Au MP2 240925.xlsx",23.2621324584064,0.5
"A403",NA,NA,425,28,21,21,28,"Polyamide (naturally occurring)",0.941939942156032,"Comparstic LDIR F2Ba Au MP2 240925.xlsx",23.2621324584064,1.3333332584056
"A404",NA,NA,425,28,21,21,28,"Polyamide",0.913720199643274,"Comparstic LDIR F2Ba Au MP2 240925.xlsx",23.2621324584064,0.750000042146853
"A405",NA,NA,425,35,15,15,35,"Polyamide (naturally occurring)",0.893401078619942,"Comparstic LDIR F2Ba Au MP2 240925.xlsx",23.2621324584064,2.33333333333333
"A406",NA,NA,425,25,20,20,25,"Polyamide (naturally occurring)",0.977740264628638,"Comparstic LDIR F2Ba Au MP2 240925.xlsx",23.2621324584064,0.8
"A407",NA,NA,425,25,20,20,25,"Carbonate",0.783919203644601,"Comparstic LDIR F2Ba Au MP2 240925.xlsx",23.2621324584064,0.8
"A408",NA,NA,425,30,20,20,30,"Carbonate",0.728779598998151,"Comparstic LDIR F2Ba Au MP2 240925.xlsx",23.2621324584064,1.5
"A409",NA,NA,425,25,20,20,25,"Polyamide (naturally occurring)",0.955656811872781,"Comparstic LDIR F2Ba Au MP2 240925.xlsx",23.2621324584064,0.8
"A410",NA,NA,425,25,20,20,25,"Polyamide (naturally occurring)",0.946485552328187,"Comparstic LDIR F2Ba Au MP2 240925.xlsx",23.2621324584064,1.25
"A411",NA,NA,425,32,18,18,32,"Polyamide",0.699331060076559,"Comparstic LDIR F2Ba Au MP2 240925.xlsx",23.2621324584064,0.555555622157991
"A412",NA,NA,425,25,20,20,25,"Polyamide (naturally occurring)",0.954396830772095,"Comparstic LDIR F2Ba Au MP2 240925.xlsx",23.2621324584064,0.8
"A413",NA,NA,425,25,20,20,25,"Polyamide (naturally occurring)",0.955179047592051,"Comparstic LDIR F2Ba Au MP2 240925.xlsx",23.2621324584064,0.8
"A414",NA,NA,425,25,20,20,25,"Polyamide (naturally occurring)",0.952325484941445,"Comparstic LDIR F2Ba Au MP2 240925.xlsx",23.2621324584064,0.8
"A415",NA,NA,425,25,20,20,25,"Polyamide (naturally occurring)",0.96648582664155,"Comparstic LDIR F2Ba Au MP2 240925.xlsx",23.2621324584064,1.25
"A416",NA,NA,425,25,20,20,25,"Polyamide (naturally occurring)",0.967439617606373,"Comparstic LDIR F2Ba Au MP2 240925.xlsx",23.2621324584064,1.25
"A417",NA,NA,425,29,19,19,29,"Carbonate",0.822998721391764,"Comparstic LDIR F2Ba Au MP2 240925.xlsx",23.2621324584064,0.66666669395652
"A418",NA,NA,412.5,25,21,21,25,"Polyamide (naturally occurring)",0.948134892701059,"Comparstic LDIR F2Ba Au MP2 240925.xlsx",22.9174892211877,1.1666666292028
"A419",NA,NA,412.5,25,20,20,25,"Polyamide (naturally occurring)",0.897875915099276,"Comparstic LDIR F2Ba Au MP2 240925.xlsx",22.9174892211877,0.8
"A420",NA,NA,412.5,34,18,18,34,"Polyamide (naturally occurring)",0.92390376041983,"Comparstic LDIR F2Ba Au MP2 240925.xlsx",22.9174892211877,1.87499997500999
"A421",NA,NA,412.5,28,18,18,28,"Carbonate",0.796858376679771,"Comparstic LDIR F2Ba Au MP2 240925.xlsx",22.9174892211877,0.625000063220279
"A422",NA,NA,412.5,25,21,21,25,"Polyamide (naturally occurring)",0.948704288282523,"Comparstic LDIR F2Ba Au MP2 240925.xlsx",22.9174892211877,0.857142884667332
"A423",NA,NA,412.5,29,20,20,29,"Polyethylene",0.867829382616979,"Comparstic LDIR F2Ba Au MP2 240925.xlsx",22.9174892211877,0.692307667071236
"A424",NA,NA,412.5,25,20,20,25,"Polycarbonate",0.750265069121513,"Comparstic LDIR F2Ba Au MP2 240925.xlsx",22.9174892211877,0.8
"A425",NA,NA,412.5,25,20,20,25,"Polyamide (naturally occurring)",0.952625705948835,"Comparstic LDIR F2Ba Au MP2 240925.xlsx",22.9174892211877,0.8
"A426",NA,NA,412.5,25,20,20,25,"Polyurethane",0.679958098054692,"Comparstic LDIR F2Ba Au MP2 240925.xlsx",22.9174892211877,1.25
"A427",NA,NA,412.5,25,20,20,25,"Polyamide (naturally occurring)",0.951332291907509,"Comparstic LDIR F2Ba Au MP2 240925.xlsx",22.9174892211877,0.8
"A428",NA,NA,412.5,25,21,21,25,"Polyamide (naturally occurring)",0.954751288364949,"Comparstic LDIR F2Ba Au MP2 240925.xlsx",22.9174892211877,0.857142802093913
"A429",NA,NA,412.5,25,20,20,25,"Polyamide (naturally occurring)",0.916359984558259,"Comparstic LDIR F2Ba Au MP2 240925.xlsx",22.9174892211877,1.25
"A430",NA,NA,400,25,20,20,25,"Polyamide (naturally occurring)",0.956601468814161,"Comparstic LDIR F2Ba Au MP2 240925.xlsx",22.5675833419103,0.8
"A431",NA,NA,400,25,20,20,25,"Polyamide (naturally occurring)",0.785236924116364,"Comparstic LDIR F2Ba Au MP2 240925.xlsx",22.5675833419103,0.8
"A432",NA,NA,400,25,20,20,25,"Polyamide (naturally occurring)",0.938731611716842,"Comparstic LDIR F2Ba Au MP2 240925.xlsx",22.5675833419103,1.25
"A433",NA,NA,400,25,20,20,25,"Polyamide (naturally occurring)",0.927328848345424,"Comparstic LDIR F2Ba Au MP2 240925.xlsx",22.5675833419103,1.25
"A434",NA,NA,400,25,20,20,25,"Polyamide (naturally occurring)",0.88472437131034,"Comparstic LDIR F2Ba Au MP2 240925.xlsx",22.5675833419103,1.25
"A435",NA,NA,400,25,20,20,25,"Polyamide (naturally occurring)",0.945862620207692,"Comparstic LDIR F2Ba Au MP2 240925.xlsx",22.5675833419103,1.25
"A436",NA,NA,400,25,20,20,25,"Polyamide (naturally occurring)",0.935725697897491,"Comparstic LDIR F2Ba Au MP2 240925.xlsx",22.5675833419103,1.25
"A437",NA,NA,400,32,18,18,32,"Polyamide (naturally occurring)",0.953633872989243,"Comparstic LDIR F2Ba Au MP2 240925.xlsx",22.5675833419103,1.80000005394797
"A438",NA,NA,400,25,24,24,25,"Polyamide (naturally occurring)",0.959716419716355,"Comparstic LDIR F2Ba Au MP2 240925.xlsx",22.5675833419103,1.06666680740323
"A439",NA,NA,400,25,20,20,25,"Polyamide (naturally occurring)",0.932969454999438,"Comparstic LDIR F2Ba Au MP2 240925.xlsx",22.5675833419103,1.25
"A440",NA,NA,400,25,20,20,25,"Polyamide (naturally occurring)",0.936523419568051,"Comparstic LDIR F2Ba Au MP2 240925.xlsx",22.5675833419103,1.25
"A441",NA,NA,400,38,16,16,38,"Chitin",0.787670314452342,"Comparstic LDIR F2Ba Au MP2 240925.xlsx",22.5675833419103,0.411764746465899
"A442",NA,NA,400,35,18,18,35,"Polyamide (naturally occurring)",0.942171426524939,"Comparstic LDIR F2Ba Au MP2 240925.xlsx",22.5675833419103,2.00000013486992
"A443",NA,NA,400,25,20,20,25,"Polyamide (naturally occurring)",0.931053829809302,"Comparstic LDIR F2Ba Au MP2 240925.xlsx",22.5675833419103,1.25
"A444",NA,NA,400,28,21,21,28,"Polyamide",0.762426473851475,"Comparstic LDIR F2Ba Au MP2 240925.xlsx",22.5675833419103,0.750000042146853
"A445",NA,NA,400,25,20,20,25,"Polyamide (naturally occurring)",0.945613839833864,"Comparstic LDIR F2Ba Au MP2 240925.xlsx",22.5675833419103,1.25
"A446",NA,NA,400,25,20,20,25,"Polyamide (naturally occurring)",0.938682943073671,"Comparstic LDIR F2Ba Au MP2 240925.xlsx",22.5675833419103,1.25
"A447",NA,NA,400,25,20,20,25,"Polyamide (naturally occurring)",0.93357967119977,"Comparstic LDIR F2Ba Au MP2 240925.xlsx",22.5675833419103,1.25
"A448",NA,NA,400,31,18,18,31,"Polyamide (naturally occurring)",0.942708238486994,"Comparstic LDIR F2Ba Au MP2 240925.xlsx",22.5675833419103,0.571428544228563
"A449",NA,NA,387.5,25,20,20,25,"Polyamide (naturally occurring)",0.946482232450932,"Comparstic LDIR F2Ba Au MP2 240925.xlsx",22.2121661164524,0.8
"A450",NA,NA,387.5,25,20,20,25,"Polyamide (naturally occurring)",0.961989736542924,"Comparstic LDIR F2Ba Au MP2 240925.xlsx",22.2121661164524,1.25
"A451",NA,NA,387.5,32,18,18,32,"Polyethylene terephthalate",0.832463154464022,"Comparstic LDIR F2Ba Au MP2 240925.xlsx",22.2121661164524,0.555555538904949
"A452",NA,NA,387.5,34,18,18,34,"Polyamide (naturally occurring)",0.938318886999982,"Comparstic LDIR F2Ba Au MP2 240925.xlsx",22.2121661164524,1.87499997500999
"A453",NA,NA,387.5,25,21,21,25,"Polyamide (naturally occurring)",0.937355120751652,"Comparstic LDIR F2Ba Au MP2 240925.xlsx",22.2121661164524,0.857142802093913
"A454",NA,NA,387.5,31,18,18,31,"Cellulosic",0.634142637972076,"Comparstic LDIR F2Ba Au MP2 240925.xlsx",22.2121661164524,1.75000008330003
"A455",NA,NA,387.5,25,20,20,25,"Polyamide (naturally occurring)",0.950447732997554,"Comparstic LDIR F2Ba Au MP2 240925.xlsx",22.2121661164524,1.25
"A456",NA,NA,387.5,25,20,20,25,"Polyamide (naturally occurring)",0.93947347094742,"Comparstic LDIR F2Ba Au MP2 240925.xlsx",22.2121661164524,0.8
"A457",NA,NA,387.5,30,15,15,30,"Polyamide (naturally occurring)",0.942416184904301,"Comparstic LDIR F2Ba Au MP2 240925.xlsx",22.2121661164524,0.5
"A458",NA,NA,387.5,25,20,20,25,"Cellulosic",0.779644318284526,"Comparstic LDIR F2Ba Au MP2 240925.xlsx",22.2121661164524,1.25
"A459",NA,NA,387.5,25,20,20,25,"Polyamide",0.640189130212694,"Comparstic LDIR F2Ba Au MP2 240925.xlsx",22.2121661164524,0.8
"A460",NA,NA,387.5,25,20,20,25,"Polyamide (naturally occurring)",0.962608813336533,"Comparstic LDIR F2Ba Au MP2 240925.xlsx",22.2121661164524,0.8
"A461",NA,NA,387.5,28,18,18,28,"Cellulosic",0.961826261035205,"Comparstic LDIR F2Ba Au MP2 240925.xlsx",22.2121661164524,1.59999994605203
"A462",NA,NA,387.5,28,18,18,28,"Polyamide (naturally occurring)",0.938423131884679,"Comparstic LDIR F2Ba Au MP2 240925.xlsx",22.2121661164524,1.5999998381561
"A463",NA,NA,375,30,19,19,30,"Polyamide (naturally occurring)",0.94281751937392,"Comparstic LDIR F2Ba Au MP2 240925.xlsx",21.8509686118416,1.56250014975772
"A464",NA,NA,375,20,20,20,20,"Polyamide (naturally occurring)",0.929651488658099,"Comparstic LDIR F2Ba Au MP2 240925.xlsx",21.8509686118416,1
"A465",NA,NA,375,34,16,16,34,"Polycarbonate",0.685081002986391,"Comparstic LDIR F2Ba Au MP2 240925.xlsx",21.8509686118416,0.466666695099744
"A466",NA,NA,375,38,18,18,38,"Polyamide (naturally occurring)",0.928741166817533,"Comparstic LDIR F2Ba Au MP2 240925.xlsx",21.8509686118416,0.483870969787773
"A467",NA,NA,375,25,20,20,25,"Polyamide (naturally occurring)",0.956460040270024,"Comparstic LDIR F2Ba Au MP2 240925.xlsx",21.8509686118416,1.25
"A468",NA,NA,375,57,11,11,57,"Cellulosic",0.888946526920094,"Comparstic LDIR F2Ba Au MP2 240925.xlsx",21.8509686118416,0.187500010536713
"A469",NA,NA,375,21,21,21,21,"Polyamide (naturally occurring)",0.960811701791822,"Comparstic LDIR F2Ba Au MP2 240925.xlsx",21.8509686118416,1
"A470",NA,NA,375,25,20,20,25,"Polyethylene terephthalate",0.872893800679742,"Comparstic LDIR F2Ba Au MP2 240925.xlsx",21.8509686118416,1.25
"A471",NA,NA,375,32,18,18,32,"Polyamide (naturally occurring)",0.954776513624124,"Comparstic LDIR F2Ba Au MP2 240925.xlsx",21.8509686118416,0.555555538904949
"A472",NA,NA,362.5,29,20,20,29,"Polyamide",0.663111423319241,"Comparstic LDIR F2Ba Au MP2 240925.xlsx",21.4836992849578,0.692307723853265
"A473",NA,NA,362.5,25,20,20,25,"Polyamide (naturally occurring)",0.937963053398106,"Comparstic LDIR F2Ba Au MP2 240925.xlsx",21.4836992849578,1.25
"A474",NA,NA,362.5,25,20,20,25,"Polyamide (naturally occurring)",0.780131420852028,"Comparstic LDIR F2Ba Au MP2 240925.xlsx",21.4836992849578,0.8
"A475",NA,NA,362.5,35,15,15,35,"Polyamide (naturally occurring)",0.924068016440947,"Comparstic LDIR F2Ba Au MP2 240925.xlsx",21.4836992849578,0.428571428571429
"A476",NA,NA,362.5,30,15,15,30,"Polyethylene terephthalate",0.722903505319137,"Comparstic LDIR F2Ba Au MP2 240925.xlsx",21.4836992849578,0.5
"A477",NA,NA,362.5,20,20,20,20,"Polyamide (naturally occurring)",0.931099240059177,"Comparstic LDIR F2Ba Au MP2 240925.xlsx",21.4836992849578,1
"A478",NA,NA,362.5,20,20,20,20,"Carbonate",0.68860112792649,"Comparstic LDIR F2Ba Au MP2 240925.xlsx",21.4836992849578,1
"A479",NA,NA,362.5,30,15,15,30,"Polyamide (naturally occurring)",0.944594380384408,"Comparstic LDIR F2Ba Au MP2 240925.xlsx",21.4836992849578,2
"A480",NA,NA,350,35,14,14,35,"Polyamide (naturally occurring)",0.949930925759395,"Comparstic LDIR F2Ba Au MP2 240925.xlsx",21.1100412282238,0.399999959539025
"A481",NA,NA,350,25,20,20,25,"Cellulosic",0.945830047196041,"Comparstic LDIR F2Ba Au MP2 240925.xlsx",21.1100412282238,1.25
"A482",NA,NA,350,25,20,20,25,"Polyamide (naturally occurring)",0.942046431801794,"Comparstic LDIR F2Ba Au MP2 240925.xlsx",21.1100412282238,0.8
"A483",NA,NA,350,21,21,21,21,"Chitin",0.813649084421137,"Comparstic LDIR F2Ba Au MP2 240925.xlsx",21.1100412282238,1
"A484",NA,NA,350,25,20,20,25,"Polyamide (naturally occurring)",0.918820274550918,"Comparstic LDIR F2Ba Au MP2 240925.xlsx",21.1100412282238,1.25
"A485",NA,NA,350,25,18,18,25,"Polyamide (naturally occurring)",0.949884530025255,"Comparstic LDIR F2Ba Au MP2 240925.xlsx",21.1100412282238,1.39999989210407
"A486",NA,NA,350,21,21,21,21,"Polyamide (naturally occurring)",0.945603558405025,"Comparstic LDIR F2Ba Au MP2 240925.xlsx",21.1100412282238,1
"A487",NA,NA,350,21,21,21,21,"Polyamide (naturally occurring)",0.954599945842177,"Comparstic LDIR F2Ba Au MP2 240925.xlsx",21.1100412282238,1
"A488",NA,NA,350,36,16,16,36,"Polyethylene terephthalate",0.937560931448466,"Comparstic LDIR F2Ba Au MP2 240925.xlsx",21.1100412282238,2.31250004273949
"A489",NA,NA,350,20,20,20,20,"Rubber",0.809738022125302,"Comparstic LDIR F2Ba Au MP2 240925.xlsx",21.1100412282238,1
"A490",NA,NA,350,21,21,21,21,"Polyamide (naturally occurring)",0.94816445482394,"Comparstic LDIR F2Ba Au MP2 240925.xlsx",21.1100412282238,1
"A491",NA,NA,337.5,20,20,20,20,"Polyamide (naturally occurring)",0.943038305761942,"Comparstic LDIR F2Ba Au MP2 240925.xlsx",20.7296489682801,1
"A492",NA,NA,337.5,20,20,20,20,"Chitin",0.69929550683147,"Comparstic LDIR F2Ba Au MP2 240925.xlsx",20.7296489682801,1
"A493",NA,NA,337.5,20,20,20,20,"Polyamide (naturally occurring)",0.867693427080925,"Comparstic LDIR F2Ba Au MP2 240925.xlsx",20.7296489682801,1
"A494",NA,NA,337.5,27,18,18,27,"Polyamide (naturally occurring)",0.941310880428551,"Comparstic LDIR F2Ba Au MP2 240925.xlsx",20.7296489682801,1.50000016660006
"A495",NA,NA,337.5,20,20,20,20,"Acrylonitrile butadiene styrene",0.913867045548368,"Comparstic LDIR F2Ba Au MP2 240925.xlsx",20.7296489682801,1
"A496",NA,NA,337.5,20,20,20,20,"Polyamide (naturally occurring)",0.923730781957814,"Comparstic LDIR F2Ba Au MP2 240925.xlsx",20.7296489682801,1
"A497",NA,NA,337.5,30,15,15,30,"Polyamide (naturally occurring)",0.918257497157609,"Comparstic LDIR F2Ba Au MP2 240925.xlsx",20.7296489682801,2
"A498",NA,NA,337.5,20,20,20,20,"Polycarbonate",0.678523910199569,"Comparstic LDIR F2Ba Au MP2 240925.xlsx",20.7296489682801,1
"A499",NA,NA,337.5,25,15,15,25,"Polycarbonate",0.778684014132098,"Comparstic LDIR F2Ba Au MP2 240925.xlsx",20.7296489682801,1.66666666666667
"A500",NA,NA,337.5,20,20,20,20,"Chitin",0.747637694317659,"Comparstic LDIR F2Ba Au MP2 240925.xlsx",20.7296489682801,1
"A501",NA,NA,337.5,20,20,20,20,"Polyamide (naturally occurring)",0.936998282408589,"Comparstic LDIR F2Ba Au MP2 240925.xlsx",20.7296489682801,1
"A502",NA,NA,337.5,20,20,20,20,"Polyamide (naturally occurring)",0.944030707179434,"Comparstic LDIR F2Ba Au MP2 240925.xlsx",20.7296489682801,1
"A503",NA,NA,325,20,20,20,20,"Rubber",0.777302079749297,"Comparstic LDIR F2Ba Au MP2 240925.xlsx",20.3421447256411,1
"A504",NA,NA,325,25,20,20,25,"Polyamide (naturally occurring)",0.864640904440669,"Comparstic LDIR F2Ba Au MP2 240925.xlsx",20.3421447256411,1.25
"A505",NA,NA,325,20,20,20,20,"Polyamide (naturally occurring)",0.941880365627804,"Comparstic LDIR F2Ba Au MP2 240925.xlsx",20.3421447256411,1
