"particle_id","x_um","y_um","area_um2","major_um","minor_um","feret_min_um","feret_max_um","material","quality","source_file","x_norm","y_norm"
"791",765.440527594578,-1002.64394397474,794.224,36.533,28.415,28.298,36.533,"Polyethylene (PE)",98.74,"Comparstic Raman F2Ba Au IAEA 240930.csv",-4591.64042546139,-3328.84830570054
"330",2766.06605600853,-3763.33495291096,1093.788,39.537,36.969,36.969,39.781,"Polyamide (PA Nylon 12)",96.83,"Comparstic Raman F2Ba Au IAEA 240930.csv",-2591.01489704744,-6089.53931463676
"30",3666.77809448242,2487.11289597603,438.471,23.95,23.95,23.651,24.507,"Polyamide (PA)",96.63,"Comparstic Raman F2Ba Au IAEA 240930.csv",-1690.30285857355,160.908534250226
"454",1536.41329220288,383.155202536387,1996.93,105.231,29.38,29.38,99.314,"Polypropylene (PP)",96.54,"Comparstic Raman F2Ba Au IAEA 240930.csv",-3820.66766085309,-1943.04915918942
"630",4810.32072076666,3682.32160477312,6329.736,147.861,65.828,65.828,148.421,"Polyethylene terephtalate (PET)",95.76,"Comparstic Raman F2Ba Au IAEA 240930.csv",-546.760232289313,1356.11724304732
"101",11956.3139998762,-3304.08088613014,1986.549,81.91,44.884,44.884,82.666,"Polyamide (PA)",95.48,"Comparstic Raman F2Ba Au IAEA 240930.csv",6599.23304682023,-5630.28524785594
"385",8649.11065147085,4906.23369274401,1112.902,47.709,39.739,39.739,48.305,"Cellulose Acetate Butyrate (CAB)",95.27,"Comparstic Raman F2Ba Au IAEA 240930.csv",3292.02969841488,2580.02933101821
"247",6604.85598671272,5053.76906169735,1168.597,46.902,33.784,33.638,47.074,"Cellulose Acetate Butyrate (CAB)",95.26,"Comparstic Raman F2Ba Au IAEA 240930.csv",1247.77503365675,2727.56469997155
"599",3216.13504145373,-4262.7737505351,653.34,31.764,28.187,28.187,32.605,"Cellulose Acetate Butyrate (CAB)",94.74,"Comparstic Raman F2Ba Au IAEA 240930.csv",-2140.94591160224,-6588.9781122609
"316",5583.01568812539,4985.4550192637,400.078,31.574,18.944,18.592,32.117,"Polypropylene (PP)",94.64,"Comparstic Raman F2Ba Au IAEA 240930.csv",225.934735069417,2659.2506575379
"395",1149.49174094004,1239.66403708262,514.927,26.407,25.833,24.783,29.774,"Polyamide (PA)",94.44,"Comparstic Raman F2Ba Au IAEA 240930.csv",-4207.58921211593,-1086.54032464318
"303",11747.353399491,535.85717974101,800.815,32.722,31.574,31.256,34.232,"Cellulose Acetate Butyrate (CAB)",94.29,"Comparstic Raman F2Ba Au IAEA 240930.csv",6390.27244643503,-1790.34718198479
"690",2107.03647017805,980.185489351456,503.723,30.426,21.815,21.815,30.426,"Polyamide (PA)",94.11,"Comparstic Raman F2Ba Au IAEA 240930.csv",-3250.04448287792,-1346.01887237435
"106",5181.74244727565,1515.21647715111,712.66,32.274,28.897,28.703,33.87,"Cellulose Acetate Butyrate (CAB)",93.94,"Comparstic Raman F2Ba Au IAEA 240930.csv",-175.338505780323,-810.987884574694
"657",6476.26484801409,2663.35164410317,2253.323,80.059,35.944,35.944,80.058,"Polyamide (PA)",93.73,"Comparstic Raman F2Ba Au IAEA 240930.csv",1119.18389495812,337.147282377367
"682",4663.93348698027,-4479.19722950557,761.434,32.722,29.852,29.194,36.533,"Polyacrylamide/acrylate",93.55,"Comparstic Raman F2Ba Au IAEA 240930.csv",-693.147466075703,-6805.40159123137
"50",562.220603044064,2460.13171955265,1161.512,48.731,32.719,32.719,50.063,"Cellulose Acetate Butyrate (CAB)",93.41,"Comparstic Raman F2Ba Au IAEA 240930.csv",-4794.86035001191,133.927357826846
"476",5597.36737771229,6026.23954810574,377.339,32.131,16.616,16.616,31.574,"Cellulose Acetate Butyrate (CAB)",93.4,"Comparstic Raman F2Ba Au IAEA 240930.csv",240.286424656318,3700.03518637994
"61",6429.19130616905,-3234.61870852954,692.557,30.03,29.163,29.043,32.676,"Polyamide (PA)",93.39,"Comparstic Raman F2Ba Au IAEA 240930.csv",1072.11035311308,-5560.82307025534
"568",4731.09939424697,5871.24130056721,488.234,37.995,19.079,19.079,37.888,"Cellulose Acetate Butyrate (CAB)",93.35,"Comparstic Raman F2Ba Au IAEA 240930.csv",-625.981558809002,3545.03693884141
"620",4654.17433806118,1042.18478836687,644.277,43.424,21.146,21.146,43.388,"Cellulose Acetate Butyrate (CAB)",93.26,"Comparstic Raman F2Ba Au IAEA 240930.csv",-702.906614994793,-1284.01957335893
"670",2775.25113734415,-1857.43057577055,447.369,32.605,18.998,18.998,32.605,"Cellulose Acetate Butyrate (CAB)",93.26,"Comparstic Raman F2Ba Au IAEA 240930.csv",-2581.82981571182,-4183.63493749635
"363",5367.16627673841,6241.51489190925,348.668,27.555,17.796,17.033,29.524,"Cellulose Acetate Butyrate (CAB)",93.2,"Comparstic Raman F2Ba Au IAEA 240930.csv",10.0853236824369,3915.31053018345
"595",8254.15215403934,5832.20470489084,693.71,35.592,26.981,26.981,35.592,"Cellulose Acetate Butyrate (CAB)",93.09,"Comparstic Raman F2Ba Au IAEA 240930.csv",2897.07120098337,3506.00034316504
"360",2679.95591848713,2856.23835215111,91420.473,660.172,211.368,211.368,656.27,"Polyethylene terephtalate (PET)",93.07,"Comparstic Raman F2Ba Au IAEA 240930.csv",-2677.12503456884,530.033990425306
"179",400.333544503825,2322.35549951841,657.789,30.038,28.24,27.826,31.835,"Polyacrylamide/acrylate",93.05,"Comparstic Raman F2Ba Au IAEA 240930.csv",-4956.74740855215,-3.84886220739372
"319",9317.89938622042,1295.92266026327,987.013,37.866,34.207,34.207,39.037,"Cellulose Acetate Butyrate (CAB)",92.99,"Comparstic Raman F2Ba Au IAEA 240930.csv",3960.81843316445,-1030.28170146253
"540",4659.91501389594,5924.055518247,929.176,65.932,19.271,19.271,64.953,"Cellulose Acetate Butyrate (CAB)",92.9,"Comparstic Raman F2Ba Au IAEA 240930.csv",-697.165939160032,3597.8511565212
"704",8472.29783576023,3616.87790025685,1859.341,75.74,33.749,33.749,75.736,"Polyethylene terephtalate (PET)",92.9,"Comparstic Raman F2Ba Au IAEA 240930.csv",3115.21688270426,1290.67353853105
"776",3669.07436481632,5513.59719606164,905.613,34.444,34.444,33.1,36.461,"Polyethylene terephtalate (PET)",92.86,"Comparstic Raman F2Ba Au IAEA 240930.csv",-1688.00658823965,3187.39283433584
"408",5533.07180836298,-3889.62982127568,464.341,24.743,22.883,22.883,26.187,"Cellulose Acetate Butyrate (CAB)",92.83,"Comparstic Raman F2Ba Au IAEA 240930.csv",175.990855307007,-6215.83418300148
"475",5066.92893058044,6035.42462944135,640.982,31.67,30.446,29.868,35.686,"Cellulose Acetate Butyrate (CAB)",92.76,"Comparstic Raman F2Ba Au IAEA 240930.csv",-290.152022475533,3709.22026771555
"357",4145.55045910142,492.228043396833,535.36,29.277,23.537,23.307,33.286,"Polyacrylamide/acrylate",92.74,"Comparstic Raman F2Ba Au IAEA 240930.csv",-1211.53049395455,-1833.97631832897
"753",904.938950379252,2560.01947907748,895.727,42.266,28.545,28.545,42.116,"Cellulose Acetate Butyrate (CAB)",92.64,"Comparstic Raman F2Ba Au IAEA 240930.csv",-4452.14200267672,233.815117351676
"507",1736.76287883601,-601.944770708476,1277.02,45.828,36.619,36.166,46.499,"Polyamide (PA)",92.56,"Comparstic Raman F2Ba Au IAEA 240930.csv",-3620.31807421996,-2928.14913243428
"3",10287.4995347114,2507.77932898116,1121.471,38.829,37.803,36.376,41.753,"Polyethylene terephtalate (PET)",92.5,"Comparstic Raman F2Ba Au IAEA 240930.csv",4930.41858165543,181.574967255356
"27",6178.32377219003,831.501985231164,428.255,28.91,23.105,22.963,32.068,"Cellulose Acetate Butyrate (CAB)",92.43,"Comparstic Raman F2Ba Au IAEA 240930.csv",821.242819134057,-1494.70237649464
"41",10313.9066435513,2475.05747672303,339.935,27.615,16.797,16.496,28.182,"Cellulose Acetate Butyrate (CAB)",92.32,"Comparstic Raman F2Ba Au IAEA 240930.csv",4956.82569049533,148.853114997226
"422",4853.37578952736,428.506541630994,609.674,31.067,25.938,25.868,32.148,"Cellulose Acetate Butyrate (CAB)",92.3,"Comparstic Raman F2Ba Au IAEA 240930.csv",-503.705163528613,-1897.69782009481
"754",3995.1447522307,3565.78588532748,612.311,33.296,23.537,23.537,33.375,"Cellulose Acetate Butyrate (CAB)",92.21,"Comparstic Raman F2Ba Au IAEA 240930.csv",-1361.93620082527,1239.58152360168
"557",6641.02224447171,-2715.08754548373,512.291,38.17,18.724,18.724,37.314,"Polyacrylamide/acrylate",92.21,"Comparstic Raman F2Ba Au IAEA 240930.csv",1283.94129141574,-5041.29190720953
"703",9000.44001255818,960.093123929794,665.204,42.593,21.47,21.47,41.874,"Cellulose Acetate Butyrate (CAB)",92.14,"Comparstic Raman F2Ba Au IAEA 240930.csv",3643.35905950221,-1366.11123779601
"131",3639.22285047557,4283.94443225599,1313.601,43.852,38.958,38.098,47.2,"Polyacrylamide/acrylate",92,"Comparstic Raman F2Ba Au IAEA 240930.csv",-1717.8581025804,1957.74007053019
"55",9341.43615714294,-60.0249719071062,802.793,41.299,30.251,25.962,47.648,"Polyethylene terephtalate (PET)",91.85,"Comparstic Raman F2Ba Au IAEA 240930.csv",3984.35520408697,-2386.22933363291
"485",3200.63521669988,-4020.51723030822,357.73,33.001,15.816,15.816,32.148,"Polyacrylamide/acrylate",91.6,"Comparstic Raman F2Ba Au IAEA 240930.csv",-2156.44573635609,-6346.72159203402
"471",1123.08463210014,-1614.02592037671,605.719,33.296,24.111,23.391,34.673,"Polyethylene terephtalate (PET)",91.59,"Comparstic Raman F2Ba Au IAEA 240930.csv",-4233.99632095583,-3940.23028210251
"730",9813.89377834371,1706.38098244863,2039.937,66.21,47.665,47.665,66.572,"Polyethylene terephtalate (PET)",91.53,"Comparstic Raman F2Ba Au IAEA 240930.csv",4456.81282528774,-619.823379277174
"98",7248.38574778934,-1170.84574593322,783.843,36.166,33.87,29.436,42.137,"Cellulose Acetate Butyrate (CAB)",91.51,"Comparstic Raman F2Ba Au IAEA 240930.csv",1891.30479473337,-3497.05010765902
"237",4659.91501389594,5095.10192770762,324.281,22.819,19.472,18.916,23.521,"Polyethylene terephtalate (PET)",91.41,"Comparstic Raman F2Ba Au IAEA 240930.csv",-697.165939160032,2768.89756598182
"606",10255.3517500368,4611.16295483733,558.099,34.349,24.082,24.082,34.098,"Cellulose Acetate Butyrate (CAB)",91.35,"Comparstic Raman F2Ba Au IAEA 240930.csv",4898.27079698083,2284.95859311153
"468",1893.48332912497,3910.80050299658,1345.732,41.59,41.334,41.334,42.874,"Polyamide (PA)",91.23,"Comparstic Raman F2Ba Au IAEA 240930.csv",-3463.597623931,1584.59614127078
"669",2146.6471334379,993.389043771404,670.312,35.722,25.573,25.573,35.722,"Cellulose Acetate Butyrate (CAB)",91.08,"Comparstic Raman F2Ba Au IAEA 240930.csv",-3210.43381961807,-1332.8153179544
"508",1307.93439397942,1954.37817851027,635.874,37.134,23.522,23.522,36.778,"Polyacrylamide/acrylate",91.05,"Comparstic Raman F2Ba Au IAEA 240930.csv",-4049.14655907655,-371.826183215534
"758",4740.85854316606,5552.63379173801,454.125,32.966,19.764,19.764,32.722,"Polyacrylamide/acrylate",91.04,"Comparstic Raman F2Ba Au IAEA 240930.csv",-616.222409889912,3226.42943001221
"367",7696.73253048412,6228.3113374893,1460.911,49.795,39.778,39.778,53.988,"Polyacrylamide/acrylate",91.04,"Comparstic Raman F2Ba Au IAEA 240930.csv",2339.65157742815,3902.1069757635
"637",8384.4654954884,5743.79829703553,691.898,35.764,27.184,25.833,38.463,"Cellulose Acetate Butyrate (CAB)",90.96,"Comparstic Raman F2Ba Au IAEA 240930.csv",3027.38454243243,3417.59393530973
"552",9584.2667449533,4653.06988843108,3575.492,77.04,61.54,61.54,77.221,"Polyethylene terephtalate (PET)",90.88,"Comparstic Raman F2Ba Au IAEA 240930.csv",4227.18579189733,2326.86552670528
"284",8049.78409432188,4095.07619729238,603.083,29.84,27.856,25.67,33.87,"Polyamide (PA)",90.86,"Comparstic Raman F2Ba Au IAEA 240930.csv",2692.70314126591,1768.87183556658
"192",2168.46170160999,5172.60105147688,1356.278,45.262,38.657,38.001,47.575,"Polyethylene terephtalate (PET)",90.75,"Comparstic Raman F2Ba Au IAEA 240930.csv",-3188.61925144598,2846.39668975108
"779",10541.2374066078,-986.570051637415,685.636,32.722,28.129,27.707,35.707,"Polyacrylamide/acrylate",90.69,"Comparstic Raman F2Ba Au IAEA 240930.csv",5184.15645355183,-3312.77441336322
"74",2283.27521830519,-1146.16083984375,1297.452,50.212,32.537,32.512,50.212,"Polyethylene terephtalate (PET)",90.68,"Comparstic Raman F2Ba Au IAEA 240930.csv",-3073.80573475078,-3472.36520156955
"775",3984.23746814466,3526.74928965111,688.932,35.21,25.263,25.263,37.483,"Cellulose Acetate Butyrate (CAB)",90.68,"Comparstic Raman F2Ba Au IAEA 240930.csv",-1372.84348491131,1200.54492792531
"618",11586.6144761177,1813.15755297517,1671.661,59.703,39.611,39.586,60.23,"Cellulose Acetate Butyrate (CAB)",90.59,"Comparstic Raman F2Ba Au IAEA 240930.csv",6229.53352306173,-513.046808750634
"14",6015.86264606632,833.798255565069,527.945,35.429,20.538,20.538,35.429,"Cellulose Acetate Butyrate (CAB)",90.32,"Comparstic Raman F2Ba Au IAEA 240930.csv",658.781693010347,-1492.40610616073
"176",7310.95911438823,1452.64311055223,944.006,35.399,35.274,34.17,37.098,"Polyacrylamide/acrylate",90.31,"Comparstic Raman F2Ba Au IAEA 240930.csv",1953.87816133226,-873.561251173574
"25",1806.22505643661,-3173.76754468108,861.618,35.971,33.627,31.256,44.158,"Cellulose Acetate Butyrate (CAB)",90.02,"Comparstic Raman F2Ba Au IAEA 240930.csv",-3550.85589661936,-5499.97190640688
"516",5235.13073253892,3848.80120398116,382.282,25.052,22.874,21.189,28.497,"Cellulose Acetate Butyrate (CAB)",89.79,"Comparstic Raman F2Ba Au IAEA 240930.csv",-121.950220517053,1522.59684225536
"764",869.920827787215,-983.699713720034,714.967,46.503,22.249,22.249,46.212,"Cellulose Acetate Butyrate (CAB)",89.73,"Comparstic Raman F2Ba Au IAEA 240930.csv",-4487.16012526876,-3309.90407544584
"251",976.697398313756,1377.44025711687,610.168,28.703,27.555,26.385,31.256,"Polyethylene terephtalate (PET)",89.5,"Comparstic Raman F2Ba Au IAEA 240930.csv",-4380.38355474222,-948.764104608934
"219",4150.14299976923,-248.319139287243,638.016,32.479,25.62,25.62,33.416,"Cellulose Acetate Butyrate (CAB)",89.24,"Comparstic Raman F2Ba Au IAEA 240930.csv",-1206.93795328674,-2574.52350101305
"640",9298.38108838224,1727.04741545377,5064.415,178.12,46.122,46.122,178.171,"Polyamide (PA)",89.23,"Comparstic Raman F2Ba Au IAEA 240930.csv",3941.30013532627,-599.156946272034
"511",908.383355880108,1122.55425005351,1980.782,61.787,42.466,42.46,61.999,"Polyethylene terephtalate (PET)",89.17,"Comparstic Raman F2Ba Au IAEA 240930.csv",-4448.69759717586,-1203.65011167229
"494",11049.2872179841,1960.11885434503,1372.755,51.553,35.316,35.272,51.553,"Polyacrylamide/acrylate",88.85,"Comparstic Raman F2Ba Au IAEA 240930.csv",5692.20626492813,-366.085507380774
"369",6192.67546177693,6231.75574299015,583.31,38.377,21.691,21.192,40.185,"Polyacrylamide/acrylate",88.85,"Comparstic Raman F2Ba Au IAEA 240930.csv",835.594508720957,3905.55138126435
"371",8053.22849982273,-3833.37119809503,683.494,40.301,21.603,21.519,41.334,"Cellulose Acetate Butyrate (CAB)",88.83,"Comparstic Raman F2Ba Au IAEA 240930.csv",2696.14754676676,-6159.57555982083
"726",3301.09704380819,4456.73877488228,419.192,26.224,20.681,20.467,26.443,"Polyethylene terephtalate (PET)",88.76,"Comparstic Raman F2Ba Au IAEA 240930.csv",-2055.98390924778,2130.53441315648
"518",878.531841539355,2812.03514822346,809.548,36.626,36.611,33.313,44.671,"Polyacrylamide/acrylate",88.72,"Comparstic Raman F2Ba Au IAEA 240930.csv",-4478.54911151662,485.830786497656
"745",5869.47541227993,4434.92420671019,563.701,30.338,24.947,24.947,31,"Polyethylene terephtalate (PET)",88.71,"Comparstic Raman F2Ba Au IAEA 240930.csv",512.394459223958,2108.71984498439
"152",9335.1214137247,-1233.99318011558,1107.794,38.112,36.923,36.014,45.021,"Polyamide (PA)",88.67,"Comparstic Raman F2Ba Au IAEA 240930.csv",3978.04046066873,-3560.19754184138
"551",7248.38574778934,-1703.0063958155,416.885,29.593,20.851,19.671,32.348,"Cellulose Acetate Butyrate (CAB)",88.47,"Comparstic Raman F2Ba Au IAEA 240930.csv",1891.30479473337,-4029.2107575413
"410",4895.28272312111,6166.88610605736,352.458,25.979,18.673,17.623,28.754,"Cellulose Acetate Butyrate (CAB)",88.32,"Comparstic Raman F2Ba Au IAEA 240930.csv",-461.798229934862,3840.68174433156
"157",3450.35461551195,695.447967947346,519.047,26.629,23.869,23.669,29.227,"Polyamide (PA)",88.27,"Comparstic Raman F2Ba Au IAEA 240930.csv",-1906.72633754402,-1630.75639377846
"212",11045.8428124833,-224.20830078125,360.861,24.111,20.092,20.086,24.922,"Polyacrylamide/acrylate",88.07,"Comparstic Raman F2Ba Au IAEA 240930.csv",5688.76185942733,-2550.41266250705
"376",2269.49759630177,-405.613657159674,398.266,28.391,22.809,21.492,30.551,"Cellulose Acetate Butyrate (CAB)",87.79,"Comparstic Raman F2Ba Au IAEA 240930.csv",-3087.5833567542,-2731.81801888548
"719",1020.90060224141,105.880559717466,664.38,35.172,24.389,24.389,35.187,"Polyamide (PA)",87.21,"Comparstic Raman F2Ba Au IAEA 240930.csv",-4336.18035081456,-2220.32380200834
"393",6567.54159378678,3980.26268059717,17641.663,383.809,72.727,72.727,381.657,"Polyamide (PA)",87.1,"Comparstic Raman F2Ba Au IAEA 240930.csv",1210.46064073081,1654.05831887137
"333",5759.82850383601,1295.34859267979,504.711,32.722,21.241,21.111,32.858,"Cellulose Acetate Butyrate (CAB)",86.98,"Comparstic Raman F2Ba Au IAEA 240930.csv",402.747550780037,-1030.85576904601
"656",1505.41364269518,190.842562071918,641.97,36.514,22.086,22.086,38.567,"Cellulose Acetate Butyrate (CAB)",86.94,"Comparstic Raman F2Ba Au IAEA 240930.csv",-3851.66731036079,-2135.36179965389
"473",1461.21043876752,2865.99750107021,332.849,20.702,20.702,19.837,22.138,"Polyethylene terephtalate (PET)",86.82,"Comparstic Raman F2Ba Au IAEA 240930.csv",-3895.87051428845,539.793139344406
"277",5972.23350972214,562.264288580907,347.679,31.236,18.191,17.335,32.88,"Cellulose Acetate Butyrate (CAB)",86.72,"Comparstic Raman F2Ba Au IAEA 240930.csv",615.152556666168,-1763.9400731449
"488",8375.85448173626,2813.18328339041,4904.581,94.228,71.388,69.839,97.017,"Polyethylene terephtalate (PET)",86.6,"Comparstic Raman F2Ba Au IAEA 240930.csv",3018.77352868029,486.978921664606
"591",1737.33694641949,1848.74974315068,905.778,39.537,32.605,32.605,40.82,"Cellulose Acetate Butyrate (CAB)",86.37,"Comparstic Raman F2Ba Au IAEA 240930.csv",-3619.74400663648,-477.454618575124
"266",1234.45374329449,-2327.01785905394,635.709,34.91,28.009,26.914,37.215,"Cellulose Acetate Butyrate (CAB)",86.25,"Comparstic Raman F2Ba Au IAEA 240930.csv",-4122.62720976148,-4653.22222077974
"384",6917.14875212368,4013.55860043878,696.347,35.018,27.555,27.278,36.456,"Cellulose Acetate Butyrate (CAB)",86.2,"Comparstic Raman F2Ba Au IAEA 240930.csv",1560.06779906771,1687.35423871298
"676",6258.1191662932,-835.590277183219,314.394,20.301,20.301,19.566,21.815,"Polyamide (PA)",85.53,"Comparstic Raman F2Ba Au IAEA 240930.csv",901.038213237227,-3161.79463890902
"625",2546.77223912069,3713.8953218643,711.836,32.564,27.373,26.791,34.222,"Polyacrylamide/acrylate",85.48,"Comparstic Raman F2Ba Au IAEA 240930.csv",-2810.30871393528,1387.6909601385
"217",1143.1769975218,633.448668931935,518.223,31.691,21.781,21.781,31.574,"Polyethylene terephtalate (PET)",85.41,"Comparstic Raman F2Ba Au IAEA 240930.csv",-4213.90395553417,-1692.75569279387
"433",6610.022594964,2897.57121816139,1523.691,54.425,41.245,40.287,56.424,"Polyamide (PA)",85.39,"Comparstic Raman F2Ba Au IAEA 240930.csv",1252.94164190803,571.366856435586
"259",2307.96012439466,1363.08856752997,792.247,39.433,26.697,26.697,39.375,"Polyamide (PA)",85.17,"Comparstic Raman F2Ba Au IAEA 240930.csv",-3049.12082866131,-963.115794195834
"725",9922.96661920415,-1917.70767203553,539.809,31.522,21.99,21.99,32.88,"Cellulose Acetate Butyrate (CAB)",85.09,"Comparstic Raman F2Ba Au IAEA 240930.csv",4565.88566614818,-4243.91203376133
"169",7127.2574876759,2333.83685118793,401.891,23.537,22.389,22.389,23.755,"Polyamide (PA)",84.41,"Comparstic Raman F2Ba Au IAEA 240930.csv",1770.17653461993,7.63248946212616
"661",842.365583780365,-836.164344766696,1948.98,82.778,37.283,37.283,83.369,"Polyamide (PA)",84.24,"Comparstic Raman F2Ba Au IAEA 240930.csv",-4514.71536927561,-3162.3687064925
"619",4409.62154750039,4576.14483224529,3068.473,68.439,65.633,62.199,74.413,"Polyamide (PA)",84.19,"Comparstic Raman F2Ba Au IAEA 240930.csv",-947.459405555583,2249.94047051949
"622",5275.88953096572,4596.23719766695,402.055,24.68,22.164,22.164,25.316,"Cellulose Acetate Butyrate (CAB)",83.4,"Comparstic Raman F2Ba Au IAEA 240930.csv",-81.1914220902527,2270.03283594115
"499",5866.60507436255,-1646.74777263485,364.486,23.401,23.139,20.53,27.23,"Cellulose Acetate Butyrate (CAB)",82.9,"Comparstic Raman F2Ba Au IAEA 240930.csv",509.524121306577,-3972.95213436065
"535",9387.36156382102,2786.77617455051,1105.158,55.622,26.021,26.021,55.454,"Polyamide (PA)",82.58,"Comparstic Raman F2Ba Au IAEA 240930.csv",4030.28061076505,460.571812824706
"555",5941.23386021443,-1712.76554473459,678.88,32.148,28.129,28.129,33.632,"Cellulose Acetate Butyrate (CAB)",82.54,"Comparstic Raman F2Ba Au IAEA 240930.csv",584.152907158457,-4038.96990646039
"691",7495.23480868404,-2911.99272661601,506.524,26.867,24.326,24.326,27.344,"Polyacrylamide/acrylate",82.28,"Comparstic Raman F2Ba Au IAEA 240930.csv",2138.15385562807,-5238.19708834181
"495",7076.73954033001,5984.90668209546,1391.046,44.713,40.432,40.411,45.925,"Cellulose Acetate Butyrate (CAB)",81.85,"Comparstic Raman F2Ba Au IAEA 240930.csv",1719.65858727404,3658.70232036966
"467",1466.37704701881,4807.49406838613,1417.41,47.744,39.212,38.897,49.131,"Polyamide (PA)",81.46,"Comparstic Raman F2Ba Au IAEA 240930.csv",-3890.70390603716,2481.28970666033
"788",4856.82019502822,2510.64966689854,1124.931,44.154,31.431,31.406,46.047,"Polyacrylamide/acrylate",81.33,"Comparstic Raman F2Ba Au IAEA 240930.csv",-500.260758027753,184.445305172736
"536",6969.96296980347,-2670.3102739726,605.555,35.772,25.073,24.91,37.314,"Polyacrylamide/acrylate",81.23,"Comparstic Raman F2Ba Au IAEA 240930.csv",1612.8820167475,-4996.5146356984
"181",9358.65818464722,3208.71584840539,9978.883,119.974,110.443,106.569,127.464,"Polyethylene terephtalate (PET)",80.93,"Comparstic Raman F2Ba Au IAEA 240930.csv",4001.57723159125,882.511486679586
"246",7202.46034111126,6452.19769504495,381.788,50.111,15.284,15.284,49.806,"Cellulose Acetate Butyrate (CAB)",80.79,"Comparstic Raman F2Ba Au IAEA 240930.csv",1845.37938805529,4125.99333331915
"677",6110.58379733986,986.500232769692,372.89,25.474,20.808,20.488,28.009,"Cellulose Acetate Butyrate (CAB)",80.43,"Comparstic Raman F2Ba Au IAEA 240930.csv",753.502844283887,-1339.70412895611
"392",2613.36407880391,3997.48470810146,2427.492,70.215,45.218,45.195,71.443,"Polyamide (PA)",80.39,"Comparstic Raman F2Ba Au IAEA 240930.csv",-2743.71687425206,1671.28034637566
"7",9445.91645733557,1605.91915534033,2402.61,65.042,50.408,50.057,70.737,"Polyacrylamide/acrylate",80.3,"Comparstic Raman F2Ba Au IAEA 240930.csv",4088.8355042796,-720.285206385474
"121",3828.66515302266,2390.66954195205,412.766,31.965,21.345,21.345,31.835,"Polyacrylamide/acrylate",80.25,"Comparstic Raman F2Ba Au IAEA 240930.csv",-1528.41580003331,64.4651802262465
"544",7349.9957100646,-2684.6619635595,767.366,70.679,33.82,33.82,69.819,"Polyacrylamide/acrylate",77.82,"Comparstic Raman F2Ba Au IAEA 240930.csv",1992.91475700863,-5010.8663252853
"225",11765.1494945787,616.80070901113,579.52,27.698,27.366,25.887,30.317,"Polyacrylamide/acrylate",77.16,"Comparstic Raman F2Ba Au IAEA 240930.csv",6408.06854152273,-1709.40365271467
"40",8976.90324163566,4308.05527076199,7157.41,335.248,77.726,77.726,321.478,"Polyamide (PA)",77.09,"Comparstic Raman F2Ba Au IAEA 240930.csv",3619.82228857969,1981.85090903619
"678",7496.38294385099,167.879858732877,593.856,33.888,23.363,23.363,33.888,"Polyacrylamide/acrylate",77.05,"Comparstic Raman F2Ba Au IAEA 240930.csv",2139.30199079502,-2158.32450299293
"285",2200.03541870117,-2337.35107555651,432.21,30.662,29.503,29.503,36.939,"Cellulose Acetate Butyrate (CAB)",76.98,"Comparstic Raman F2Ba Au IAEA 240930.csv",-3157.0455343548,-4663.55543728231
"509",2180.51712086298,2825.81277022688,374.043,26.181,20.964,20.964,30.808,"Polyacrylamide/acrylate",76.67,"Comparstic Raman F2Ba Au IAEA 240930.csv",-3176.56383219299,499.608408501076
"492",5826.42034351923,4773.05001337757,559.252,29.59,25.052,24.878,29.852,"Polyamide (PA)",76.53,"Comparstic Raman F2Ba Au IAEA 240930.csv",469.339390463258,2446.84565165177
"768",9467.15695792419,2545.09372190711,775.44,40.656,25.34,25.34,40.05,"Polyamide (PA)",75.88,"Comparstic Raman F2Ba Au IAEA 240930.csv",4110.07600486822,218.889360181307
"481",7262.16336979277,4794.29051396618,510.808,28.158,24.701,24.701,28.821,"Polyacrylamide/acrylate",75.83,"Comparstic Raman F2Ba Au IAEA 240930.csv",1905.0824167368,2468.08615224038
"602",9422.95375399653,-2790.29039891909,321.315,31.256,15.831,15.831,31.256,"Cellulose Acetate Butyrate (CAB)",74.23,"Comparstic Raman F2Ba Au IAEA 240930.csv",4065.87280094056,-5116.49476064489
"147",7763.32437016734,3298.27039142765,1888.013,66.129,35.144,35.144,66.166,"Polyamide (PA)",73.52,"Comparstic Raman F2Ba Au IAEA 240930.csv",2406.24341711137,972.066029701846
"119",8746.1280730783,-108.246648919093,795.048,37.036,29.099,27.508,43.434,"Cellulose Acetate Butyrate (CAB)",73.4,"Comparstic Raman F2Ba Au IAEA 240930.csv",3389.04712002233,-2434.4510106449
"53",6397.61758907787,2450.37257063356,1765.583,49.117,46.682,46.63,50.319,"Polyamide (PA)",73.25,"Comparstic Raman F2Ba Au IAEA 240930.csv",1040.5366360219,124.168208907756
"415",-126.660497127167,6160.57136263913,500.427,35.722,18.673,18.673,37.483,"Polyacrylamide/acrylate",72.76,"Comparstic Raman F2Ba Au IAEA 240930.csv",-5483.74145018314,3834.36700091333
"542",2492.80988627394,-2684.08789597603,1373.415,47.303,40.07,39.085,51.666,"Polyacrylamide/acrylate",72.48,"Comparstic Raman F2Ba Au IAEA 240930.csv",-2864.27106678203,-5010.29225770183
"594",2174.20237744475,-1767.87603274829,807.077,42.334,24.514,24.389,42.725,"Polyamide (PA)",71.19,"Comparstic Raman F2Ba Au IAEA 240930.csv",-3182.87857561122,-4094.08039447409
"500",10187.0377076031,3866.02323148545,484.114,25.573,25.167,24.634,26.187,"Polyamide (PA)",71.04,"Comparstic Raman F2Ba Au IAEA 240930.csv",4829.95675454713,1539.81886975965
"559",2198.88728353422,-2709.92093723245,332.52,23.122,21.518,20.361,23.758,"Polyacrylamide/acrylate",70.93,"Comparstic Raman F2Ba Au IAEA 240930.csv",-3158.19366952175,-5036.12529895825
"512",6481.43145626537,-596.204094873716,535.03,29.57,26.101,26.101,30.85,"Polyacrylamide/acrylate",70.21,"Comparstic Raman F2Ba Au IAEA 240930.csv",1124.3505032094,-2922.40845659952
"118",9996.44726988908,1511.19800406678,410.953,30.732,18.962,18.962,32.003,"Polyacrylamide/acrylate",70.17,"Comparstic Raman F2Ba Au IAEA 240930.csv",4639.36631683311,-815.006357659024
"427",7035.40667431974,4849.97506956336,495.154,40.877,22.762,22.762,40.795,"Polyacrylamide/acrylate",69.8,"Comparstic Raman F2Ba Au IAEA 240930.csv",1678.32572126377,2523.77070783756
"93",4440.6211970081,-3288.00699379281,411.283,26.47,20.142,20.142,27.555,"Polyacrylamide/acrylate",69.78,"Comparstic Raman F2Ba Au IAEA 240930.csv",-916.459756047872,-5614.21135551861
"696",4972.2077793069,4499.79384364298,351.634,25.043,20.095,20.018,26.43,"Polyacrylamide/acrylate",69.48,"Comparstic Raman F2Ba Au IAEA 240930.csv",-384.873173749073,2173.58948191718
"308",5457.29488734414,4062.92841261772,592.208,48.688,18.032,18.032,48.222,"Polyacrylamide/acrylate",69.09,"Comparstic Raman F2Ba Au IAEA 240930.csv",100.213934288167,1736.72405089192
"249",4678.28517656717,4131.24245505137,349.162,34.603,17.133,16.929,36.533,"Polyacrylamide/acrylate",68.36,"Comparstic Raman F2Ba Au IAEA 240930.csv",-678.795776488802,1805.03809332557
"304",979.567736231136,3074.95810145548,413.59,32.723,19.022,19.022,32.722,"Polyurethane (PU)",68.2,"Comparstic Raman F2Ba Au IAEA 240930.csv",-4377.51321682484,748.753739729676
"86",6938.38925271229,1516.36461231807,3342.497,85.642,51.682,51.68,86.11,"Polyethylene terephtalate (PET)",67.26,"Comparstic Raman F2Ba Au IAEA 240930.csv",1581.30829965632,-809.839749407734
"456",10319.0732518026,2880.34919065711,538.326,28.129,25.259,25.259,29.339,"Polyamide (PA)",66.75,"Comparstic Raman F2Ba Au IAEA 240930.csv",4961.99229874663,554.144828931306
"234",1339.5081110706,2229.35655099529,437.153,24.087,23.809,23.749,25.979,"Polyethylene (PE)",66.19,"Comparstic Raman F2Ba Au IAEA 240930.csv",-4017.57284198537,-96.8478107305136
"39",7948.7481996301,2475.05747672303,401.067,25.602,23.564,19.178,32.068,"Polyacrylamide/acrylate",65.75,"Comparstic Raman F2Ba Au IAEA 240930.csv",2591.66724657413,148.853114997226
"340",3004.30410315108,3045.6806546982,498.12,34.051,20.281,20.281,33.87,"Polyacrylamide/acrylate",65.53,"Comparstic Raman F2Ba Au IAEA 240930.csv",-2352.77684990489,719.476292972397
"89",5618.03381071743,6866.67449031464,637.357,37.248,26.651,26.651,37.314,"Polyacrylamide/acrylate",65.25,"Comparstic Raman F2Ba Au IAEA 240930.csv",260.952857661458,4540.47012858884
"353",5300.00036947171,4038.24350652825,649.056,30.213,27.726,27.698,32.862,"Polyamide (PA)",63.12,"Comparstic Raman F2Ba Au IAEA 240930.csv",-57.080583584263,1712.03914480245
"268",10578.5517995338,-2327.01785905394,614.782,29.59,27.775,25.673,33.118,"Polyacrylamide/acrylate",62.51,"Comparstic Raman F2Ba Au IAEA 240930.csv",5221.47084647783,-4653.22222077974
"16",5042.81809207445,5447.5794239619,920.608,37.191,32.619,31.803,39.168,"Polyethylene terephtalate (PET)",61.4,"Comparstic Raman F2Ba Au IAEA 240930.csv",-314.262860981523,3121.3750622361
"413",4689.76652823669,1225.31234749572,377.833,31.321,17.458,17.458,31.321,"Polyvinyl Chloride (PVC)",61.07,"Comparstic Raman F2Ba Au IAEA 240930.csv",-667.314424819283,-1100.89201423008
"153",5896.4565887033,1479.6242869756,346.361,33.109,17.656,17.118,34.145,"Polyacrylamide/acrylate",60.14,"Comparstic Raman F2Ba Au IAEA 240930.csv",539.375635647328,-846.580074750204
"156",10815.6417115094,682.818481110873,779.724,40.759,28.102,28.102,41.491,"Polyvinyl Chloride (PVC)",59.94,"Comparstic Raman F2Ba Au IAEA 240930.csv",5458.56075845343,-1643.38588061493
"187",9857.52291468788,-2209.90807202483,529.593,29.519,26.43,26.407,32.474,"Polyacrylamide/acrylate",59.84,"Comparstic Raman F2Ba Au IAEA 240930.csv",4500.44196163191,-4536.11243375063
"275",3503.16883319175,-3658.85465271832,403.209,35.111,22.856,22.856,35.028,"Polyacrylamide/acrylate",59.46,"Comparstic Raman F2Ba Au IAEA 240930.csv",-1853.91211986422,-5985.05901444412
"649",1307.36032639595,183.37968348673,657.459,42.18,20.694,20.694,39.84,"Polyamide (PA)",59.23,"Comparstic Raman F2Ba Au IAEA 240930.csv",-4049.72062666002,-2142.82467823907
"154",9004.45848564251,4268.44460750214,351.469,33.557,19.385,19.385,32.148,"Polyacrylamide/acrylate",59.04,"Comparstic Raman F2Ba Au IAEA 240930.csv",3647.37753258654,1942.24024577634
"638",7932.10023970929,1789.04671446918,330.872,35.227,19.812,19.812,34.1,"Polyvinyl Chloride (PVC)",58.2,"Comparstic Raman F2Ba Au IAEA 240930.csv",2575.01928665332,-537.157647256624
"324",5818.38339735056,1297.07079543022,438.801,27.693,23.561,22.451,31,"Polyvinyl Chloride (PVC)",58.12,"Comparstic Raman F2Ba Au IAEA 240930.csv",461.302444294587,-1029.13356629558
"723",5736.86580049697,111.04716796875,508.831,42.54,18.219,18.219,42.481,"Cellulose Acetate Butyrate (CAB)",57.71,"Comparstic Raman F2Ba Au IAEA 240930.csv",379.784847440998,-2215.15719375705
"288",6886.72317019945,-324.670127889554,341.418,31.835,22.336,20.282,35.722,"Polyacrylamide/acrylate",56.69,"Comparstic Raman F2Ba Au IAEA 240930.csv",1529.64221714348,-2650.87448961536
"583",190.224808951599,1852.19414865154,1445.257,44.954,42.715,41.299,46.725,"Polyacrylamide/acrylate",56.22,"Comparstic Raman F2Ba Au IAEA 240930.csv",-5166.85614410437,-474.010213074264
"748",10062.4650419888,4428.03539570848,620.22,29.972,29.65,25.736,37.751,"Cellulose Acetate Butyrate (CAB)",56.01,"Comparstic Raman F2Ba Au IAEA 240930.csv",4705.38408893283,2101.83103398268
"136",10195.6487213553,715.540333369006,327.411,39.7,14.657,14.657,40.759,"Polyamide (PA)",55.64,"Comparstic Raman F2Ba Au IAEA 240930.csv",4838.56776829933,-1610.6640283568
"221",9622.15520546272,5128.39784754923,666.687,31.207,28.818,27.958,32.441,"Polyacrylamide/acrylate",54.14,"Comparstic Raman F2Ba Au IAEA 240930.csv",4265.07425240675,2802.19348582343
"166",7672.62169197813,680.52221077697,352.128,30.381,22.137,22.137,32.88,"Polyacrylamide/acrylate",53.88,"Comparstic Raman F2Ba Au IAEA 240930.csv",2315.54073892216,-1645.68215094883
"71",2702.91862182617,-3251.26666845034,468.296,42.231,16.856,16.856,42.216,"Polycarbonate (PC)",53.53,"Comparstic Raman F2Ba Au IAEA 240930.csv",-2654.1623312298,-5577.47103017614
"69",896.327936627112,-2075.00218990796,412.601,26.101,21.843,20.738,27.603,"Polyvinyl Chloride (PVC)",53.44,"Comparstic Raman F2Ba Au IAEA 240930.csv",-4460.75301642886,-4401.20655163376
"780",7836.80502085227,1650.69642685146,1228.905,97.517,33.386,33.386,99.888,"Polyamide (PA)",52.56,"Comparstic Raman F2Ba Au IAEA 240930.csv",2479.7240677963,-675.507934874344
"576",6428.0431710021,-2747.23533015839,395.959,26.76,22.249,22.249,29.796,"Polyacrylamide/acrylate",51.94,"Comparstic Raman F2Ba Au IAEA 240930.csv",1070.96221794613,-5073.43969188419
"309",6303.47050538781,-1425.1576854131,519.376,32.409,21.563,21.563,32.605,"Polyethylene (PE)",51.93,"Comparstic Raman F2Ba Au IAEA 240930.csv",946.389552331837,-3751.3620471389
"240",660.960227401941,1393.51414945419,490.376,31,20.666,20.666,31,"Polyvinyl Chloride (PVC)",51.86,"Comparstic Raman F2Ba Au IAEA 240930.csv",-4696.12072565403,-932.690212271614
"510",131.669915437045,1945.76716475813,629.942,30.33,30.33,27.226,36.939,"Polyacrylamide/acrylate",51.3,"Comparstic Raman F2Ba Au IAEA 240930.csv",-5225.41103761893,-380.437196967674
"472",5994.04807789423,6040.01717010916,1847.477,63.336,39.744,39.744,63.429,"Polyacrylamide/acrylate",51.12,"Comparstic Raman F2Ba Au IAEA 240930.csv",636.967124838257,3713.81280838336
"120",9699.0802616485,4289.68510809075,1210.78,40.795,37.732,37.314,42.298,"Polyethylene terephtalate (PET)",51.07,"Comparstic Raman F2Ba Au IAEA 240930.csv",4341.99930859253,1963.48074636495
"587",3167.91336444175,5838.51944830908,615.936,31.378,24.793,24.689,32.88,"Polyacrylamide/acrylate",50.31,"Comparstic Raman F2Ba Au IAEA 240930.csv",-2189.16758861422,3512.31508658328
"49",7602.01137921058,-3211.08193760702,393.157,25.833,21.241,21.088,27.47,"Polyurethane (PU)",49.83,"Comparstic Raman F2Ba Au IAEA 240930.csv",2244.93042615461,-5537.28629933282
"686",8312.7070475539,-2976.28829596533,3750.485,139.39,44.087,44.085,142.999,"Polyamide (PA)",49.67,"Comparstic Raman F2Ba Au IAEA 240930.csv",2955.62609449793,-5302.49265769113
"6",11792.1306710021,12.8816111943497,430.232,27.205,21.843,21.72,28.497,"Polyvinyl Chloride (PVC)",48.82,"Comparstic Raman F2Ba Au IAEA 240930.csv",6435.04971794613,-2313.32275053145
"283",2956.65649372257,2182.28300915026,518.223,37.527,19.505,19.505,37.314,"Polyvinyl Chloride (PVC)",45.51,"Comparstic Raman F2Ba Au IAEA 240930.csv",-2400.4244593334,-143.921352575544
"743",3497.42815735699,5575.02242749358,703.762,42.889,23.343,23.343,43.131,"Polyacrylamide/acrylate",45.29,"Comparstic Raman F2Ba Au IAEA 240930.csv",-1859.65279569898,3248.81806576778
"352",11404.6350521558,-380.928751070205,439.295,31.284,20.477,20.477,31.574,"Polyvinyl Chloride (PVC)",44.83,"Comparstic Raman F2Ba Au IAEA 240930.csv",6047.55409909983,-2707.13311279601
"170",7653.67746172342,4820.69762280608,28243.567,684.286,88.538,88.538,681.487,"Polyacrylamide/acrylate",44.6,"Comparstic Raman F2Ba Au IAEA 240930.csv",2296.59650866745,2494.49326108028
"617",9239.82619486768,1050.79580211901,667.84,32.148,29.852,25.274,38.969,"Polyacrylamide/acrylate",44.19,"Comparstic Raman F2Ba Au IAEA 240930.csv",3882.74524181171,-1275.40855960679
"698",8531.42679685826,4491.75689747432,395.959,32.091,30.294,29.848,35.018,"Polyacrylamide/acrylate",43.88,"Comparstic Raman F2Ba Au IAEA 240930.csv",3174.34584380229,2165.55253574852
"785",9571.63725811683,863.075702322346,885.016,50.072,28.319,28.319,51.012,"Polycarbonate (PC)",43.73,"Comparstic Raman F2Ba Au IAEA 240930.csv",4214.55630506086,-1463.12865940346
"526",9887.37442902864,1925.67479933647,524.485,36.483,18.173,18.173,37.483,"Polyvinyl Chloride (PVC)",42.98,"Comparstic Raman F2Ba Au IAEA 240930.csv",4530.29347597267,-400.529562389334
"592",802.754920520519,-707.573206068065,315.218,28.882,22.181,22.181,29.277,"Polyacrylamide/acrylate",40.65,"Comparstic Raman F2Ba Au IAEA 240930.csv",-4554.32603253545,-3033.77756779387
"515",3456.09529134671,2820.6461619756,392.334,31.574,17.222,17.222,31.574,"Polyamide (PA)",40.31,"Comparstic Raman F2Ba Au IAEA 240930.csv",-1900.98566170926,494.441800249796
"792",1876.26130162069,-3120.95332700128,598.964,36.442,25.676,24.94,39.393,"Polyacrylamide/acrylate",40.26,"Comparstic Raman F2Ba Au IAEA 240930.csv",-3480.81965143528,-5447.15768872708
"478",9202.51180194174,1976.19274668236,3448.943,68,65.376,64.789,73.474,"Polyethylene (PE)",39.86,"Comparstic Raman F2Ba Au IAEA 240930.csv",3845.43084888577,-350.011615043444
"598",7228.29338236768,-2779.38311483305,438.471,42.216,19.89,19.89,42.216,"Polyacrylamide/acrylate",37.76,"Comparstic Raman F2Ba Au IAEA 240930.csv",1871.21242931171,-5105.58747655885
"396",4205.8275553664,-2486.60864726027,540.962,40.615,20.787,19.927,43.055,"Polyvinyl Chloride (PVC)",37.71,"Comparstic Raman F2Ba Au IAEA 240930.csv",-1151.25339768957,-4812.81300898607
"95",9449.93493041991,4306.90713559503,822.566,34.835,31.098,29.57,38.212,"Polyacrylamide/acrylate",37.47,"Comparstic Raman F2Ba Au IAEA 240930.csv",4092.85397736394,1980.70277386923
"569",6478.56111834799,2758.64686296019,388.379,22.609,21.813,21.527,24.133,"Polypropylene (PP) Lab bench",37.36,"Comparstic Raman F2Ba Au IAEA 240930.csv",1121.48016529202,432.442501234386
"777",3940.034264217,-985.421916470463,324.281,29.633,17.455,17.455,30.551,"Polyacrylamide/acrylate",37.31,"Comparstic Raman F2Ba Au IAEA 240930.csv",-1417.04668883897,-3311.62627819627
"446",8824.77533201451,-511.242092519264,330.377,36.688,14.271,14.271,36.74,"Polyacrylamide/acrylate",36.6,"Comparstic Raman F2Ba Au IAEA 240930.csv",3467.69437895854,-2837.44645424507
"183",6527.93093052693,659.855777771832,615.112,29.76,26.333,26.117,31.366,"Polyacrylamide/acrylate",36.55,"Comparstic Raman F2Ba Au IAEA 240930.csv",1170.84997747096,-1666.34858395397
"502",9630.76621921485,340.100133775685,331.201,31.55,20.913,20.913,31.661,"Polyvinyl Chloride (PVC)",36.53,"Comparstic Raman F2Ba Au IAEA 240930.csv",4273.68526615888,-1986.10422795012
"632",4167.36502727351,4569.25602124358,339.77,28.836,24.559,24.559,29.852,"Polyvinyl Chloride (PVC)",36.33,"Comparstic Raman F2Ba Au IAEA 240930.csv",-1189.71592578246,2243.05165951778
"107",11052.1575559015,2388.37327161815,3338.378,69.477,62.933,62.933,69.578,"Polyethylene terephtalate (PET)",35.68,"Comparstic Raman F2Ba Au IAEA 240930.csv",5695.07660284553,62.1689098923462
"519",10215.7410867769,4725.40240394906,506.853,26.589,24.997,24.997,28.497,"Polyurethane (PU)",35.35,"Comparstic Raman F2Ba Au IAEA 240930.csv",4858.66013372093,2399.19804222326
"414",7387.31010299054,-1573.84118953339,528.274,38.755,28.879,28.879,38.184,"Polyacrylamide/acrylate",35.09,"Comparstic Raman F2Ba Au IAEA 240930.csv",2030.22914993457,-3900.04555125919
"145",10867.3077940222,3301.14072934503,1139.926,48.779,31.218,31.198,48.796,"Polymethylmethacrylate (PMMA)",35.05,"Comparstic Raman F2Ba Au IAEA 240930.csv",5510.22684096623,974.936367619227
"397",5477.96132034928,6200.18202589897,452.148,35.707,19.059,19.059,35.722,"Polyacrylamide/acrylate",34.5,"Comparstic Raman F2Ba Au IAEA 240930.csv",120.880367293307,3873.97766417317
"629",9168.64181451665,5762.16845970676,557.44,63.616,33.132,33.132,66.237,"Polymethylmethacrylate (PMMA)",33.89,"Comparstic Raman F2Ba Au IAEA 240930.csv",3811.56086146068,3435.96409798096
"271",9507.91575635099,563.41242374786,549.695,32.148,23.537,23.51,32.148,"Polyacrylamide/acrylate",33.86,"Comparstic Raman F2Ba Au IAEA 240930.csv",4150.83480329502,-1762.79193797794
"624",2042.16683324526,227.582887414384,565.184,30.373,27.053,23.418,35.686,"Polyacrylamide/acrylate",33.04,"Comparstic Raman F2Ba Au IAEA 240930.csv",-3314.91411981071,-2098.62147431142
"407",7419.4578876652,2066.3213572881,904.46,34.427,33.62,33.62,35.297,"Polyethylene terephtalate (PET)",32.95,"Comparstic Raman F2Ba Au IAEA 240930.csv",2062.37693460923,-259.883004437704
"465",7120.36867667419,2017.52561269264,353.117,27.64,17.877,17.877,27.823,"Polyethylene terephtalate (PET)",32.67,"Comparstic Raman F2Ba Au IAEA 240930.csv",1763.28772361822,-308.678749033164
"13",1665.57849848499,1605.34508775685,439.954,34.947,17.727,17.727,34.539,"Polyacrylamide/acrylate",32.28,"Comparstic Raman F2Ba Au IAEA 240930.csv",-3691.50245457098,-720.859273968954
"613",8754.16501924696,232.749495665667,324.281,34.976,16.508,16.508,34.098,"Polyacrylamide/acrylate",31.79,"Comparstic Raman F2Ba Au IAEA 240930.csv",3397.08406619099,-2093.45486606014
"655",5200.68667753036,1004.29632785745,483.126,32.605,20.025,20.025,32.605,"Polyvinyl Chloride (PVC)",31.62,"Comparstic Raman F2Ba Au IAEA 240930.csv",-156.394275525613,-1321.90803386835
"721",6391.87691324311,946.31550192637,439.789,28.716,20.909,20.909,28.6,"Polyamide (PA)",31.06,"Comparstic Raman F2Ba Au IAEA 240930.csv",1034.79596018714,-1379.88885979943
"328",11165.2488698463,2972.20000401327,23629.816,226.443,141.155,141.155,228.479,"Polyethylene terephtalate (PET)",30.92,"Comparstic Raman F2Ba Au IAEA 240930.csv",5808.16791679033,645.995642287466
"31",5986.58519930904,1586.40085750214,488.728,30.388,22.294,22.294,30.445,"Polyacrylamide/acrylate",30.35,"Comparstic Raman F2Ba Au IAEA 240930.csv",629.504246253067,-739.803504223664
"244",10436.1830388317,1367.68110819777,519.541,42.473,29.075,29.075,44.777,"Polyacrylamide/acrylate",30.26,"Comparstic Raman F2Ba Au IAEA 240930.csv",5079.10208577573,-958.523253528034
"322",8478.03851159499,-1456.1573349208,492.847,30.992,22.006,22.006,30.85,"Polycarbonate (PC)",29.63,"Comparstic Raman F2Ba Au IAEA 240930.csv",3120.95755853902,-3782.3616966466
"781",5922.8636975432,-3097.41655607877,336.145,22.326,20.702,20.702,23.537,"Polyacrylamide/acrylate",29.52,"Comparstic Raman F2Ba Au IAEA 240930.csv",565.782744487227,-5423.62091780457
"265",5103.09518833943,5025.06568252354,2849.156,61.57,60.502,57.315,71.184,"Polycarbonate (PC)",29.33,"Comparstic Raman F2Ba Au IAEA 240930.csv",-253.985764716543,2698.86132079774
"29",8276.54078979491,829.20571489726,555.298,33.019,31.842,31.842,36.456,"Polyacrylamide/acrylate",29.32,"Comparstic Raman F2Ba Au IAEA 240930.csv",2919.45983673894,-1496.99864682854
"110",9480.93457992761,749.984388377568,707.387,31.516,31.027,29.852,36.2,"Polyvinyl Chloride (PVC)",29.29,"Comparstic Raman F2Ba Au IAEA 240930.csv",4123.85362687164,-1576.21997334824
"424",5576.12687712368,6127.84951038099,468.296,71.017,32.456,32.456,70.542,"Polycarbonate (PC)",28.53,"Comparstic Raman F2Ba Au IAEA 240930.csv",219.045924067707,3801.64514865519
"683",2960.6749668069,3648.45161734803,611.651,31.841,25.042,23.965,35.316,"Polyacrylamide/acrylate",28.51,"Comparstic Raman F2Ba Au IAEA 240930.csv",-2396.40598624907,1322.24725562223
"659",7457.34634817462,5653.09561884632,84850.328,1185.804,415.348,415.348,1176.006,"Polycarbonate (PC)",28.18,"Comparstic Raman F2Ba Au IAEA 240930.csv",2100.26539511865,3326.89125712052
"765",2456.64362851495,-1967.07748421447,318.843,33.561,14.015,14.015,32.722,"Polyacrylamide/acrylate",27.44,"Comparstic Raman F2Ba Au IAEA 240930.csv",-2900.43732454102,-4293.28184594027
"126",4328.1039506468,4279.92595917166,1583.175,121.273,26.707,26.707,95.869,"Polycarbonate (PC)",27.39,"Comparstic Raman F2Ba Au IAEA 240930.csv",-1028.97700240917,1953.72159744586
"720",8462.53868684114,-914.811603702911,870.351,111.232,21.854,21.849,107.165,"Polycarbonate (PC)",26.42,"Comparstic Raman F2Ba Au IAEA 240930.csv",3105.45773378517,-3241.01596542871
"448",8963.12561963224,2879.20105549015,2879.145,95.239,40.25,40.25,95.212,"Polyamide (PA)",26.37,"Comparstic Raman F2Ba Au IAEA 240930.csv",3606.04466657627,552.996693764346
"375",5516.42384844217,-1524.47137735445,365.145,39.494,21.009,21.009,39.781,"Polycarbonate (PC)",26.31,"Comparstic Raman F2Ba Au IAEA 240930.csv",159.342895386198,-3850.67573908025
"633",11937.943837205,209.212724743151,740.342,31.827,30.572,29.277,33.947,"Polycarbonate (PC)",26.07,"Comparstic Raman F2Ba Au IAEA 240930.csv",6580.86288414903,-2116.99163698265
"356",830.310164527369,-3798.92714308647,727.16,37.614,25.403,25.403,37.226,"Polycarbonate (PC)",25.87,"Comparstic Raman F2Ba Au IAEA 240930.csv",-4526.7707885286,-6125.13150481227
"645",2959.52683163995,5721.40966127997,315.712,30.081,15.385,15.385,30.445,"Polyacrylamide/acrylate",25.42,"Comparstic Raman F2Ba Au IAEA 240930.csv",-2397.55412141602,3395.20529955417
"539",4700.09974473926,-4153.12684209118,427.101,54.024,14.337,14.337,53.388,"Polyethylene terephtalate (PET)",25.03,"Comparstic Raman F2Ba Au IAEA 240930.csv",-656.981208316713,-6479.33120381698
"681",4041.64422649226,142.620885059931,487.08,56.924,33.3,33.193,58.048,"Polyacrylamide/acrylate",24.98,"Comparstic Raman F2Ba Au IAEA 240930.csv",-1315.43672656371,-2183.58347666587
"345",6074.41753958087,1275.83029484161,672.454,36.5,25.286,24.915,38.439,"Polyvinyl Chloride (PVC)",24.93,"Comparstic Raman F2Ba Au IAEA 240930.csv",717.336586524897,-1050.37406688419
"320",5103.09518833943,4931.49266641695,503.228,137.518,19.988,19.988,137.609,"Polycarbonate (PC)",24.35,"Comparstic Raman F2Ba Au IAEA 240930.csv",-253.985764716543,2605.28830469115
"483",10459.1457421708,2855.66428456764,453.301,32.862,19.768,19.768,33.87,"Polycarbonate (PC)",24.27,"Comparstic Raman F2Ba Au IAEA 240930.csv",5102.06478911483,529.459922841836
"336",3444.03987209372,-360.836385648545,416.061,28.04,19.484,19.484,27.984,"Polyacrylamide/acrylate",24.02,"Comparstic Raman F2Ba Au IAEA 240930.csv",-1913.04108096225,-2687.04074737435
"344",5867.17914194603,3034.77337061216,336.639,24.679,21.813,21.47,28.683,"Polyurethane (PU)",23.87,"Comparstic Raman F2Ba Au IAEA 240930.csv",510.098188890057,708.569008886356
"33",9734.09838424054,-1065.21731057363,379.811,31.321,24.389,22.618,34.504,"Polyvinyl Chloride (PVC)",23.57,"Comparstic Raman F2Ba Au IAEA 240930.csv",4377.01743118457,-3391.42167229943
"732",9930.42949778934,1710.97352311644,692.392,35.577,27.358,26.818,36.74,"Polyacrylamide/acrylate",23.21,"Comparstic Raman F2Ba Au IAEA 240930.csv",4573.34854473337,-615.230838609364
"680",9654.30299013737,2642.68521109803,853.379,44.169,26.914,26.914,44.158,"Polyvinyl Chloride (PVC)",23.13,"Comparstic Raman F2Ba Au IAEA 240930.csv",4297.2220370814,316.480849372226
"635",2183.96152636384,-779.331654002569,618.572,46.276,23.544,23.544,46.81,"Polyether sulphone (PES)",22.99,"Comparstic Raman F2Ba Au IAEA 240930.csv",-3173.11942669213,-3105.53601572837
"756",8420.05768566391,2560.01947907748,848.93,43.055,25.833,25.811,43.055,"Polyamide (PA)",22.83,"Comparstic Raman F2Ba Au IAEA 240930.csv",3062.97673260794,233.815117351676
"276",7057.22124249183,6420.04991037029,384.259,31.191,16.949,16.949,31.574,"Polyether sulphone (PES)",22.81,"Comparstic Raman F2Ba Au IAEA 240930.csv",1700.14028943586,4093.84554864449
"416",5019.85538873541,3972.79980201199,721.887,35.664,28.489,28.483,37.314,"Polycarbonate (PC)",21.8,"Comparstic Raman F2Ba Au IAEA 240930.csv",-337.225564320563,1646.59544028619
"51",9711.1356809015,4340.77712302012,1031.832,39.037,38.463,36.89,41.874,"Polyethylene naphtalate (PEN)",21.69,"Comparstic Raman F2Ba Au IAEA 240930.csv",4354.05472784553,2014.57276129432
"68",2266.62725838439,4332.16610926798,357.895,21.241,21.241,21.14,22.51,"Polyether sulphone (PES)",21.6,"Comparstic Raman F2Ba Au IAEA 240930.csv",-3090.45369467158,2005.96174754218
"321",3962.99696755605,-1446.39818600171,353.941,43.12,11.173,11.173,42.216,"Polycarbonate (PC)",21.55,"Comparstic Raman F2Ba Au IAEA 240930.csv",-1394.08398549992,-3772.60254772751
"37",6301.74830263738,5406.8206255351,365.804,25.562,22.429,22.365,26.981,"Polyvinyl Chloride (PVC)",21.55,"Comparstic Raman F2Ba Au IAEA 240930.csv",944.667349581408,3080.6162638093
"609",9505.0454184336,3737.43209278682,337.628,27.742,18.579,18.579,28.129,"Polyphenylene sulphide (PPS)",21.38,"Comparstic Raman F2Ba Au IAEA 240930.csv",4147.96446537763,1411.22773106102
"255",3641.51912080947,4088.76145387414,5635.531,92.649,83.17,79.862,103.463,"Polyethylene terephtalate (PET)",21.11,"Comparstic Raman F2Ba Au IAEA 240930.csv",-1715.5618322465,1762.55709214834
"197",6905.66740045416,2239.11569991438,667.84,110.737,26.686,26.686,103.906,"Polycarbonate (PC)",21.02,"Comparstic Raman F2Ba Au IAEA 240930.csv",1548.58644739819,-87.0886618114237
"313",10592.9034891207,530.11650390625,450.17,30.135,19.969,19.969,30.135,"Polyether sulphone (PES)",20.09,"Comparstic Raman F2Ba Au IAEA 240930.csv",5235.82253606473,-1796.08785781955
"789",7289.71861379962,2525.00135648545,426.607,32.998,27.289,27.289,33.632,"Polycarbonate (PC)",20.02,"Comparstic Raman F2Ba Au IAEA 240930.csv",1932.63766074365,198.796994759646
"82",4621.45248580305,5232.30408015839,521.519,194.067,11.071,11.071,192.887,"Polyphenylene sulphide (PPS)",20.01,"Comparstic Raman F2Ba Au IAEA 240930.csv",-735.628467252923,2906.09971843259
"662",3282.72688113695,186.824088987586,350.48,25.573,19.079,18.62,25.573,"Polyphenylene sulphide (PPS)",19.93,"Comparstic Raman F2Ba Au IAEA 240930.csv",-2074.35407191902,-2139.38027273822
"523",531.220953536359,1131.16526380565,322.633,37.473,19.879,19.879,37.751,"Polycarbonate (PC)",19.82,"Comparstic Raman F2Ba Au IAEA 240930.csv",-4825.85999951961,-1195.03909792015
"15",1097.25159084372,-8.9329569777401,766.542,31.366,30.729,30.729,33.403,"Polyphenylene sulphide (PPS)",19.65,"Comparstic Raman F2Ba Au IAEA 240930.csv",-4259.82936221225,-2335.13731870354
"772",2832.65789569175,-1969.37375454837,398.925,28.096,22.284,22.284,28.129,"Polyacrylamide/acrylate",19.56,"Comparstic Raman F2Ba Au IAEA 240930.csv",-2524.42305736422,-4295.57811627417
"143",4981.96692822599,-3375.26526648116,390.686,27.538,19.409,19.409,29.043,"Polyether sulphone (PES)",19.52,"Comparstic Raman F2Ba Au IAEA 240930.csv",-375.114024829983,-5701.46962820696
"252",8876.44141452735,3118.01317021618,642.63,43.055,23.537,23.537,43.261,"Polyether sulphone (PES)",19.46,"Comparstic Raman F2Ba Au IAEA 240930.csv",3519.36046147138,791.808808490376
"263",4322.93734239551,5027.93602044092,12484.973,441.838,69.273,69.273,440.951,"Polyphenylene sulphide (PPS)",19.34,"Comparstic Raman F2Ba Au IAEA 240930.csv",-1034.14361066046,2701.73165871512
"312",5260.38970621186,4986.02908684717,318.349,28.5,14.807,14.807,28.24,"Polyethylene (PE)",19.32,"Comparstic Raman F2Ba Au IAEA 240930.csv",-96.6912468441124,2659.82472512137
"150",5661.66294706161,1483.64276005993,314.724,24.206,17.788,17.788,23.619,"Polyether sulphone (PES)",19.06,"Comparstic Raman F2Ba Au IAEA 240930.csv",304.581994005637,-842.561601665874
"560",5761.55070658644,-4168.62666684503,318.514,21.208,19.552,19.552,23.417,"Polycarbonate (PC)",18.8,"Comparstic Raman F2Ba Au IAEA 240930.csv",404.469753530468,-6494.83102857083
"531",5239.72327320673,314.267092519263,504.382,33.431,21.511,20.934,34.915,"Polyphenylene sulphide (PPS)",18.77,"Comparstic Raman F2Ba Au IAEA 240930.csv",-117.357679849243,-2011.93726920654
"429",7562.40071595073,3963.61472067637,448.358,28.569,24.199,24.183,30.445,"Polyether sulphone (PES)",18.77,"Comparstic Raman F2Ba Au IAEA 240930.csv",2205.31976289476,1637.41035895057
"359",9889.67069936254,-1504.95307951627,341.418,41.119,19.29,19.29,40.593,"Polyphenylene sulphide (PPS)",18.69,"Comparstic Raman F2Ba Au IAEA 240930.csv",4532.58974630657,-3831.15744124207
"419",1395.19266666778,3969.92946409461,435.67,34.105,17.218,17.218,34.098,"Polyether sulphone (PES)",18.58,"Comparstic Raman F2Ba Au IAEA 240930.csv",-3961.88828638819,1643.72510236881
"186",10670.4026128899,-2203.01926102312,443.085,41.671,18.456,18.456,41.333,"Polycarbonate (PC)",18.54,"Comparstic Raman F2Ba Au IAEA 240930.csv",5313.32165983393,-4529.22362274892
"90",558.776197543208,764.336077964469,958.507,41.667,31.131,31,41.907,"Polycarbonate (PC)",18.52,"Comparstic Raman F2Ba Au IAEA 240930.csv",-4798.30475551277,-1561.86828376133
"188",993.34535823456,2294.80025551156,572.764,33.692,22.326,22.326,33.834,"Polyether sulphone (PES)",18.3,"Comparstic Raman F2Ba Au IAEA 240930.csv",-4363.73559482141,-31.4041062142437
"647",10176.1304235171,-784.498262253853,475.381,26.407,24.111,24.111,28.821,"Polyethylene terephtalate (PET)",18.26,"Comparstic Raman F2Ba Au IAEA 240930.csv",4819.04947046113,-3110.70262397966
"631",4891.26425003678,-2832.19733251284,467.966,45.112,14.534,14.534,44.777,"Polyether sulphone (PES)",18.05,"Comparstic Raman F2Ba Au IAEA 240930.csv",-465.816703019193,-5158.40169423864
"83",6755.83576116691,-69.7841208261989,598.799,29.194,26.417,26.417,29.227,"Polyurethane (PU)",18.04,"Comparstic Raman F2Ba Au IAEA 240930.csv",1398.75480811094,-2395.988482552
"142",523.758074951171,719.558806453339,598.634,34.021,26.143,25.475,36.128,"Polycarbonate (PC)",17.83,"Comparstic Raman F2Ba Au IAEA 240930.csv",-4833.3228781048,-1606.64555527246
"36",6517.02364644089,5407.96876070206,645.101,32.29,26.491,26.491,36.939,"Polyacrylamide/acrylate",17.61,"Comparstic Raman F2Ba Au IAEA 240930.csv",1159.94269338492,3081.76439897626
"213",411.814896173346,638.041209599744,486.915,33.584,19.969,19.9,34.504,"Polyphenylene sulphide (PPS)",17.43,"Comparstic Raman F2Ba Au IAEA 240930.csv",-4945.26605688263,-1688.16315212606
"532",3558.27932120545,3801.15359455265,931.813,47.074,36.74,35.028,49.196,"Polyether sulphone (PES)",17.41,"Comparstic Raman F2Ba Au IAEA 240930.csv",-1798.80163185052,1474.94923282685
"447",7079.03581066392,1200.05337382277,378.657,28.962,18.21,18.21,29.046,"Polyether sulphone (PES)",17.31,"Comparstic Raman F2Ba Au IAEA 240930.csv",1721.95485760795,-1126.15098790303
"722",5142.1317840158,5602.00360391695,799.497,39.732,26.941,26.872,41.405,"Polyether sulphone (PES)",17.21,"Comparstic Raman F2Ba Au IAEA 240930.csv",-214.949169040173,3275.79924219115
"778",1912.42755937968,-3092.24994782748,390.851,27.169,26.05,24.81,28.703,"Polyethylene naphtalate (PEN)",17.13,"Comparstic Raman F2Ba Au IAEA 240930.csv",-3444.65339367629,-5418.45430955328
"331",5908.5120079563,2135.20946730522,1179.472,44.899,34.391,34.391,45.058,"Polycarbonate (PC)",17.03,"Comparstic Raman F2Ba Au IAEA 240930.csv",551.431054900328,-190.994894420583
"746",8282.28146562967,-3030.82471639555,331.366,29.674,17.971,17.551,32.068,"Polyacrylamide/acrylate",17.02,"Comparstic Raman F2Ba Au IAEA 240930.csv",2925.2005125737,-5357.02907812135
"343",4193.19806852993,-3807.53815683861,5925.209,114.322,72.226,70.408,117.839,"Polyether sulphone (PES)",16.93,"Comparstic Raman F2Ba Au IAEA 240930.csv",-1163.88288452604,-6133.74251856441
"549",1470.39552010314,4670.86598351884,836.077,46.853,27.094,27.094,46.982,"Polyether sulphone (PES)",16.92,"Comparstic Raman F2Ba Au IAEA 240930.csv",-3886.68543295283,2344.66162179304
"737",5793.12442367762,4424.59099020762,605.225,41.983,37.645,37.645,48.222,"Polycarbonate (PC)",16.58,"Comparstic Raman F2Ba Au IAEA 240930.csv",436.043470621647,2098.38662848182
"175",11309.3398332988,2325.79990501926,340.758,24.142,19.385,19.385,24.685,"Polyether sulphone (PES)",16.54,"Comparstic Raman F2Ba Au IAEA 240930.csv",5952.25888024283,-0.404456706543442
"242",11172.7117484315,-1357.9917781464,554.474,38.602,22.218,22.218,39.496,"Polyether sulphone (PES)",16.41,"Comparstic Raman F2Ba Au IAEA 240930.csv",5815.63079537553,-3684.1961398722
"293",5408.49914274868,6348.86553001926,4178.575,89.012,62.056,62.056,89.21,"Polycarbonate (PC)",16.36,"Comparstic Raman F2Ba Au IAEA 240930.csv",51.4181896927075,4022.66116829346
"210",5654.20006847642,628.282060680651,2219.873,73.641,38.635,38.635,75.222,"Polyether sulphone (PES)",16.33,"Comparstic Raman F2Ba Au IAEA 240930.csv",297.119115420447,-1697.92230104515
"744",4797.69123393019,-1954.447997378,450.17,45.049,27.93,27.93,46.276,"Polyethylene terephtalate (PET)",16.08,"Comparstic Raman F2Ba Au IAEA 240930.csv",-559.389719125783,-4280.6523591038
"42",5683.4775152337,1578.36391133348,315.218,53.459,11.577,11.577,52.539,"Polyether sulphone (PES)",16.07,"Comparstic Raman F2Ba Au IAEA 240930.csv",326.396562177727,-747.840450392324
"100",6802.90930301195,6804.10112371575,389.697,90.706,60.149,57.718,92.727,"Polytetrafluoroethylene (PTFE)",16.05,"Comparstic Raman F2Ba Au IAEA 240930.csv",1445.82834995598,4477.89676198995
"35",4616.28587755176,5406.8206255351,475.546,54.996,24.348,24.348,54.94,"Polyphenylene sulphide (PPS)",15.92,"Comparstic Raman F2Ba Au IAEA 240930.csv",-740.795075504213,3080.6162638093
"4",3320.0412740629,-1013.55122806079,581.827,31.13,29.614,28.903,36.456,"Polyvinyl Chloride (PVC)",15.81,"Comparstic Raman F2Ba Au IAEA 240930.csv",-2037.03967899307,-3339.75558978659
"222",6746.6506798313,6538.88190014983,466.648,45.733,15.925,15.925,45.185,"Polyacrylamide/acrylate",15.64,"Comparstic Raman F2Ba Au IAEA 240930.csv",1389.56972677533,4212.67753842403
"639",5124.90975651152,-4400.54997056935,560.9,33.213,26.112,23.963,38.053,"Polycarbonate (PC)",15.58,"Comparstic Raman F2Ba Au IAEA 240930.csv",-232.171196544453,-6726.75433229515
"760",3867.70174869902,4406.22082753639,348.338,56.605,22.706,22.706,52.365,"Polyether sulphone (PES)",15.47,"Comparstic Raman F2Ba Au IAEA 240930.csv",-1489.37920435695,2080.01646581059
"663",1783.26235309757,-818.368249678939,865.737,47.285,25.699,25.699,47.391,"Polyphenylene sulphide (PPS)",15.45,"Comparstic Raman F2Ba Au IAEA 240930.csv",-3573.8185999584,-3144.57261140474
"699",10763.9756289965,2528.4457619863,1146.023,155.285,101.669,101.669,155.47,"Polyether sulphone (PES)",15.38,"Comparstic Raman F2Ba Au IAEA 240930.csv",5406.89467594053,202.241400260496
"138",6509.5607678557,3305.73327001284,984.047,49.874,28.357,28.357,52.116,"Polyether sulphone (PES)",15.3,"Comparstic Raman F2Ba Au IAEA 240930.csv",1152.47981479973,979.528908287036
"243",6143.87971718147,6472.86412805009,728.478,47.068,23.313,23.291,47.493,"Polyacrylamide/acrylate",15.03,"Comparstic Raman F2Ba Au IAEA 240930.csv",786.798764125498,4146.65976632429
"480",3794.79516559757,346.988944777398,391.839,34.168,21.303,21.303,33.87,"Polyether sulphone (PES)",14.75,"Comparstic Raman F2Ba Au IAEA 240930.csv",-1562.2857874584,-1979.21541694841
"457",6915.42654937325,197.157305490154,1233.849,326.088,82.601,82.601,310.94,"Polycarbonate (PC)",14.71,"Comparstic Raman F2Ba Au IAEA 240930.csv",1558.34559631728,-2129.04705623565
"390",2745.97369058687,-2482.59017417594,602.754,33.588,23.231,23.231,33.913,"Polycarbonate (PC)",14.46,"Comparstic Raman F2Ba Au IAEA 240930.csv",-2611.1072624691,-4808.79453590174
"163",4157.60587835442,1460.10598913741,1438.007,46.722,39.63,39.63,46.638,"Polycarbonate (PC)",14.25,"Comparstic Raman F2Ba Au IAEA 240930.csv",-1199.47507470155,-866.098372588394
"450",2448.03261476281,-2550.90421660959,1060.668,66.857,23.727,23.727,67.384,"Polycarbonate (PC)",13.93,"Comparstic Raman F2Ba Au IAEA 240930.csv",-2909.04833829316,-4877.10857833539
"588",1915.87196488053,-702.406597816781,856.675,34.808,32.441,30.984,36.904,"Polyethylene terephtalate (PET)",13.87,"Comparstic Raman F2Ba Au IAEA 240930.csv",-3441.20898817544,-3028.61095954258
"103",10139.3900981746,3355.10308219178,391.674,36.533,25.979,25.979,36.779,"Polycarbonate (PC)",13.7,"Comparstic Raman F2Ba Au IAEA 240930.csv",4782.30914511863,1028.89872046598
"257",4810.89478835014,5053.76906169735,564.855,30.545,26.827,25.455,32.091,"Polycarbonate (PC)",13.65,"Comparstic Raman F2Ba Au IAEA 240930.csv",-546.186164705833,2727.56469997155
"418",3199.48708153293,-3912.01845703125,679.869,34.958,26.53,26.385,35.346,"Polyether sulphone (PES)",13.57,"Comparstic Raman F2Ba Au IAEA 240930.csv",-2157.59387152304,-6238.22281875705
"685",4248.30855654363,2644.40741384846,703.432,55.168,24.782,24.698,55.685,"Polyethylene terephtalate (PET)",13.52,"Comparstic Raman F2Ba Au IAEA 240930.csv",-1108.77239651234,318.203052122656
"694",5561.2011199533,147.787493311216,833.935,33.87,32.148,30.551,35.763,"Polycarbonate (PC)",13.47,"Comparstic Raman F2Ba Au IAEA 240930.csv",204.120166897327,-2178.41686841459
"45",5563.49739028721,4348.24000160531,383.106,23.537,22.389,21.786,25.573,"Polyether sulphone (PES)",13.31,"Comparstic Raman F2Ba Au IAEA 240930.csv",206.416437231237,2022.03563987951
"782",4083.55116008601,2513.52000481592,1802.329,62.841,37.07,37.07,63.722,"Polyphenylene sulphide (PPS)",13.23,"Comparstic Raman F2Ba Au IAEA 240930.csv",-1273.52979296996,187.315643090116
"612",3594.44557896444,4599.10753558433,388.049,33.222,21.615,21.118,37.311,"Polyphenylene sulphide (PPS)",13.07,"Comparstic Raman F2Ba Au IAEA 240930.csv",-1762.63537409153,2272.90317385853
"553",9374.73207698455,3800.57952696918,531.24,32.18,25.974,25.974,33.118,"Polyether sulphone (PES)",13.02,"Comparstic Raman F2Ba Au IAEA 240930.csv",4017.65112392858,1474.37516524338
"479",6810.37218159714,2852.79394665026,935.273,36.199,33.632,33.632,36.901,"Polyphenylene sulphide (PPS)",12.94,"Comparstic Raman F2Ba Au IAEA 240930.csv",1453.29122854117,526.589584924456
"442",3472.74325126752,2898.71935332834,319.337,29.72,13.515,13.515,29.781,"Polyether sulphone (PES)",12.86,"Comparstic Raman F2Ba Au IAEA 240930.csv",-1884.33770178845,572.514991602536
"490",4525.58319936255,4771.32781062714,1204.354,42.839,37.058,37.058,43.494,"Polycarbonate (PC)",12.83,"Comparstic Raman F2Ba Au IAEA 240930.csv",-831.497753693423,2445.12344890134
"749",8166.89388135099,65.6958288741434,1131.852,41.951,35.49,35.49,42.298,"Polyethylene terephtalate (PET)",12.67,"Comparstic Raman F2Ba Au IAEA 240930.csv",2809.81292829502,-2260.50853285166
"200",6731.72492266092,5168.00851080908,592.702,32.725,25.864,25.811,32.722,"Polyphenylene sulphide (PPS)",12.39,"Comparstic Raman F2Ba Au IAEA 240930.csv",1374.64396960495,2841.80414908328
"562",10179.5748290179,-2727.14296473673,329.883,31.299,17.216,17.181,32.091,"Polycarbonate (PC)",12.34,"Comparstic Raman F2Ba Au IAEA 240930.csv",4822.49387596193,-5053.34732646253
"394",7375.25468373755,6206.49676931721,882.05,36.128,32.555,32.54,36.166,"Polycarbonate (PC)",12.27,"Comparstic Raman F2Ba Au IAEA 240930.csv",2018.17373068158,3880.29240759141
"524",8306.39230413566,4707.03224127783,1003.161,65.255,21.241,21.241,63.147,"Polylactic acid (PLA)",12.21,"Comparstic Raman F2Ba Au IAEA 240930.csv",2949.31135107969,2380.82787955203
"117",8761.05383024867,4298.29612184289,489.552,30.048,24.281,24.133,30.498,"Polyether sulphone (PES)",12.19,"Comparstic Raman F2Ba Au IAEA 240930.csv",3403.9728771927,1972.09176011709
"604",7045.73989082231,3735.13582245291,1865.273,239.682,41.017,41.017,238.04,"Polycarbonate (PC)",12.11,"Comparstic Raman F2Ba Au IAEA 240930.csv",1688.65893776634,1408.93146072711
"525",8095.13543341648,5946.44415400257,349.986,24.524,18.544,18.544,25.007,"Polyether sulphone (PES)",11.88,"Comparstic Raman F2Ba Au IAEA 240930.csv",2738.05448036051,3620.23979227677
"705",7221.97863894945,5639.31799684289,744.626,249.305,9.549,9.549,247.616,"Polytetrafluoroethylene (PTFE)",11.78,"Comparstic Raman F2Ba Au IAEA 240930.csv",1864.89768589348,3313.11363511709
"505",2720.14064933045,4739.75409353596,445.392,34.375,18.787,18.787,35.018,"Polyether sulphone (PES)",11.75,"Comparstic Raman F2Ba Au IAEA 240930.csv",-2636.94030372552,2413.54973181016
"282",11169.8414105141,562.838356164383,424.465,28.98,20.578,19.821,32.148,"Polyether sulphone (PES)",11.73,"Comparstic Raman F2Ba Au IAEA 240930.csv",5812.76045745813,-1763.36600556142
"236",6627.81869005176,5093.37972495719,661.744,30.426,28.129,28.129,32.162,"Polycarbonate (PC)",11.53,"Comparstic Raman F2Ba Au IAEA 240930.csv",1270.73773699579,2767.17536323139
"341",5178.87210935827,3017.55134310788,4635.171,79.795,78.647,75.908,83.951,"TEST",11.36,"Comparstic Raman F2Ba Au IAEA 240930.csv",-178.208843697703,691.346981382076
"405",9898.28171311468,4890.15980040668,367.452,43.453,13.579,13.579,43.901,"Polyvinyl Chloride (PVC)",11.22,"Comparstic Raman F2Ba Au IAEA 240930.csv",4541.20076005871,2563.95543868088
"203",10788.0864675025,2145.54268380779,14861.713,394.132,71.39,71.39,394.384,"Polycarbonate (PC)",11.17,"Comparstic Raman F2Ba Au IAEA 240930.csv",5431.00551444653,-180.661677918014
"668",174.724984197747,4539.9785744863,357.236,30.909,18.584,18.584,31,"Polyether sulphone (PES)",10.96,"Comparstic Raman F2Ba Au IAEA 240930.csv",-5182.35596885823,2213.7742127605
"218",8959.1071465479,-2243.77805944991,529.593,45.493,24.246,24.246,45.78,"Polyacrylamide/acrylate",10.76,"Comparstic Raman F2Ba Au IAEA 240930.csv",3602.02619349193,-4569.98242117571
"171",9847.76376576879,677.077805276113,535.03,40.185,25.833,25.833,40.185,"Polyether sulphone (PES)",10.72,"Comparstic Raman F2Ba Au IAEA 240930.csv",4490.68281271282,-1649.12655644969
"412",8422.92802358129,3981.41081576413,418.368,24.1,22.309,22.309,25.979,"Polyether sulphone (PES)",10.69,"Comparstic Raman F2Ba Au IAEA 240930.csv",3065.84707052532,1655.20645403833
"111",9556.71150094645,1516.36461231807,349.821,21.793,21.046,21.046,22.336,"Polycarbonate (PC)",10.56,"Comparstic Raman F2Ba Au IAEA 240930.csv",4199.63054789048,-809.839749407734
"46",6733.44712541135,5394.19113869863,716.614,35.581,31.406,30.283,41.59,"Polycarbonate (PC)",10.52,"Comparstic Raman F2Ba Au IAEA 240930.csv",1376.36617235538,3067.98677697283
"403",7251.25608570672,-3886.18541577483,392.663,38.714,22.129,22.129,38.766,"Polyether sulphone (PES)",10.32,"Comparstic Raman F2Ba Au IAEA 240930.csv",1894.17513265075,-6212.38977750063
"300",11376.5057405655,3074.95810145548,412.766,27.981,20.497,20.282,28.497,"Polycarbonate (PC)",10.22,"Comparstic Raman F2Ba Au IAEA 240930.csv",6019.42478750953,748.753739729676
"650",5542.25688969859,5713.3727151113,317.195,29.807,16.884,16.884,30.039,"Polyether sulphone (PES)",10.1,"Comparstic Raman F2Ba Au IAEA 240930.csv",185.175936642618,3387.1683533855
"232",10752.494277327,-263.24489645762,442.096,28.415,24.762,24.636,28.703,"Polyphenylene sulphide (PPS)",9.91,"Comparstic Raman F2Ba Au IAEA 240930.csv",5395.41332427103,-2589.44925818342
"81",5270.14885513096,-68.6359856592462,625.328,28.696,28.162,28.162,31.064,"Polyethylene terephtalate (PET)",9.77,"Comparstic Raman F2Ba Au IAEA 240930.csv",-86.9320979250124,-2394.84034738505
"489",1056.49279241692,-1635.26642096532,328.4,37.86,13.476,13.476,38.51,"Polycarbonate (PC)",9.72,"Comparstic Raman F2Ba Au IAEA 240930.csv",-4300.58816063905,-3961.47078269112
"527",4865.43120878036,5935.53686991652,531.57,39.754,20.608,20.608,39.781,"Polyethylene naphtalate (PEN)",9.66,"Comparstic Raman F2Ba Au IAEA 240930.csv",-491.649744275613,3609.33250819072
"736",6831.03861460227,2585.27845275043,336.804,25.272,23.933,20.59,30.294,"Polyether sulphone (PES)",9.6,"Comparstic Raman F2Ba Au IAEA 240930.csv",1473.9576615463,259.074091024626
"482",7557.80817528292,6025.09141293878,340.594,27.717,18.842,18.842,28.009,"Polyether sulphone (PES)",9.59,"Comparstic Raman F2Ba Au IAEA 240930.csv",2200.72722222695,3698.88705121298
"717",4624.8968913039,4460.18318038313,537.502,35.383,21.527,21.527,35.429,"Polyether sulphone (PES)",9.55,"Comparstic Raman F2Ba Au IAEA 240930.csv",-732.184061752073,2133.97881865733
"546",8362.65092731631,-2677.77315255779,387.555,27.271,19.652,19.652,27.412,"Polyethylene (PE)",9.42,"Comparstic Raman F2Ba Au IAEA 240930.csv",3005.56997426034,-5003.97751428359
"173",6446.41333367334,2328.09617535317,620.385,30.428,27.7,27.7,32.987,"Polyether sulphone (PES)",9.41,"Comparstic Raman F2Ba Au IAEA 240930.csv",1089.33238061737,1.89181362736645
"75",4285.62294946957,2438.31715138057,516.905,29.543,22.632,22.632,29.59,"Polyphenylene sulphide (PPS)",9.36,"Comparstic Raman F2Ba Au IAEA 240930.csv",-1071.4580035864,112.112789654766
"92",9826.52326518018,1517.51274748502,316.042,30.848,18.802,18.802,30.861,"Polyurethane (PU)",9.33,"Comparstic Raman F2Ba Au IAEA 240930.csv",4469.44231212421,-808.691614240784
"159",5860.29033094431,6697.32455318921,434.187,37.901,20.166,20.166,39.393,"Polyacrylamide/acrylate",9.25,"Comparstic Raman F2Ba Au IAEA 240930.csv",503.209377888337,4371.12019146341
"729",6067.52872857916,2578.38964174872,572.105,53.217,17.651,17.651,53.176,"Polyethylene naphtalate (PEN)",9.25,"Comparstic Raman F2Ba Au IAEA 240930.csv",710.447775523187,252.185280022916
"653",10036.0579331489,4554.90433165668,558.429,28.415,25.167,25.167,29.267,"Polyphenylene sulphide (PPS)",9.24,"Comparstic Raman F2Ba Au IAEA 240930.csv",4678.97698009293,2228.69996993088
"382",8701.92486915064,-409.632130244006,356.907,35.532,19.641,19.641,35.316,"Polyethylene naphtalate (PEN)",9.23,"Comparstic Raman F2Ba Au IAEA 240930.csv",3344.84391609467,-2735.83649196981
"466",4226.49398837154,3920.55965191567,363.662,28.366,17.592,17.474,29.277,"Polyphenylene sulphide (PPS)",9.18,"Comparstic Raman F2Ba Au IAEA 240930.csv",-1130.58696468443,1594.35529018987
"229",1557.07972520802,4166.83464522688,598.469,35.383,22.659,22.659,35.172,"Polyether sulphone (PES)",9.17,"Comparstic Raman F2Ba Au IAEA 240930.csv",-3800.00122784795,1840.63028350108
"477",5486.57233410142,6030.25802119007,928.352,35.835,33.62,32.023,40.516,"Polyphenylene sulphide (PPS)",9.13,"Comparstic Raman F2Ba Au IAEA 240930.csv",129.491381045447,3704.05365946427
"580",8600.88897445886,1863.10143273759,477.688,42.693,21.033,20.686,42.622,"Polyether sulphone (PES)",9.12,"Comparstic Raman F2Ba Au IAEA 240930.csv",3243.80802140289,-463.102928988214
"245",3747.14755616906,1371.69958128211,1980.288,62.517,41.054,41.054,62.413,"Polyethylene terephtalate (PET)",9.1,"Comparstic Raman F2Ba Au IAEA 240930.csv",-1609.93339688691,-954.504780443694
"287",5530.77553802907,-2370.07292781464,484.444,47.441,18.956,18.679,48.222,"Polyether sulphone (PES)",9.09,"Comparstic Raman F2Ba Au IAEA 240930.csv",173.694584973097,-4696.27728954044
"666",7034.83260673626,-2881.56714469178,1056.054,39.52,34.828,34.741,39.611,"Polycarbonate (PC)",9.08,"Comparstic Raman F2Ba Au IAEA 240930.csv",1677.75165368029,-5207.77150641758
"202",5697.8292048206,5156.52715913955,699.148,39.63,23.53,23.53,39.542,"Polyether sulphone (PES)",8.83,"Comparstic Raman F2Ba Au IAEA 240930.csv",340.748251764628,2830.32279741375
"220",8207.65267977779,4189.22328098245,328.4,22.389,19.518,19.518,22.51,"Polyphenylene sulphide (PPS)",8.77,"Comparstic Raman F2Ba Au IAEA 240930.csv",2850.57172672182,1863.01891925665
"740",8329.3550074747,5568.13361649187,323.786,34.807,13.614,13.614,35.226,"Polytetrafluoroethylene (PTFE)",8.75,"Comparstic Raman F2Ba Au IAEA 240930.csv",2972.27405441873,3241.92925476607
"426",6024.47365981846,4856.86388056507,619.066,29.524,27.47,27.47,31.662,"Polyphenylene sulphide (PPS)",8.73,"Comparstic Raman F2Ba Au IAEA 240930.csv",667.392706762487,2530.65951883927
"194",9864.98579327307,1436.5692182149,320.82,28.487,24.876,24.683,31.064,"Polyphenylene sulphide (PPS)",8.63,"Comparstic Raman F2Ba Au IAEA 240930.csv",4507.9048402171,-889.635143510904
"205",8904.57072611768,-3492.94912109375,450.829,39.63,21.081,20.695,37.888,"Polyacrylamide/acrylate",8.61,"Comparstic Raman F2Ba Au IAEA 240930.csv",3547.48977306171,-5819.15348281955
"20",249.927837633106,1590.41933058647,708.375,34.444,29.277,29.137,36.128,"Polyphenylene sulphide (PPS)",8.6,"Comparstic Raman F2Ba Au IAEA 240930.csv",-5107.15311542287,-735.785031139334
"439",6294.85949163567,3942.37422008776,1081.265,41.027,33.584,33.555,41.405,"Polycarbonate (PC)",8.49,"Comparstic Raman F2Ba Au IAEA 240930.csv",937.778538579697,1616.16985836196
"54",10121.0199355034,-1092.198486997,597.151,29.634,26.877,26.407,31.574,"Polystyrene (PS)",8.48,"Comparstic Raman F2Ba Au IAEA 240930.csv",4763.93898244743,-3418.4028487228
"443",9471.17543100852,-1588.76694670377,345.372,26.706,21.009,19.484,29.524,"Polyphenylene sulphide (PPS)",8.34,"Comparstic Raman F2Ba Au IAEA 240930.csv",4114.09447795255,-3914.97130842957
"130",8390.20617132316,-110.542919252996,314.229,28.5,15.922,15.884,28.553,"Polycarbonate (PC)",8.32,"Comparstic Raman F2Ba Au IAEA 240930.csv",3033.12521826719,-2436.7472809788
"615",10096.3350294139,-736.276585241866,496.967,35.316,19.079,19.079,35.316,"Polyethylene terephtalate (PET)",8.25,"Comparstic Raman F2Ba Au IAEA 240930.csv",4739.25407635793,-3062.48094696767
"534",9503.32321568318,3823.54223030822,362.674,28.209,17.729,17.592,28.821,"Polyphenylene sulphide (PPS)",8.13,"Comparstic Raman F2Ba Au IAEA 240930.csv",4146.24226262721,1497.33786858242
"660",3139.78405285142,-2867.78952268836,550.519,31.338,26.105,26.105,33.87,"Polycarbonate (PC)",8.12,"Comparstic Raman F2Ba Au IAEA 240930.csv",-2217.29690020455,-5193.99388441416
"522",3487.09494085442,3829.85697372646,925.222,37.455,35.425,33.37,42.298,"Polyphenylene sulphide (PPS)",7.99,"Comparstic Raman F2Ba Au IAEA 240930.csv",-1869.98601220155,1503.65261200066
"311",4732.8215969974,-2378.68394156678,334.332,27.891,18.895,18.37,29.852,"Polyphenylene sulphide (PPS)",7.96,"Comparstic Raman F2Ba Au IAEA 240930.csv",-624.259356058573,-4704.88830329258
"140",9153.71605734628,2379.76225786601,405.021,23.363,22.336,22.022,25.234,"Polycarbonate (PC)",7.8,"Comparstic Raman F2Ba Au IAEA 240930.csv",3796.63510429031,53.5578961402061
"66",10170.3897476823,2432.00240796233,2465.885,57.642,56.424,54.793,59.87,"Polycarbonate (PC)",7.78,"Comparstic Raman F2Ba Au IAEA 240930.csv",4813.30879462633,105.798046236526
"292",8398.24311749183,5010.71399293664,408.811,32.393,22.813,20.681,35.983,"Polyether sulphone (PES)",7.76,"Comparstic Raman F2Ba Au IAEA 240930.csv",3041.16216443586,2684.50963121084
"264",5929.75250854491,4117.46483304794,326.588,23.11,19.334,19.334,23.138,"Polyethylene (PE)",7.74,"Comparstic Raman F2Ba Au IAEA 240930.csv",572.671555488937,1791.26047132214
"786",9945.92932254319,-989.440389554795,358.225,23.544,20.296,20.132,24.201,"Polycarbonate (PC)",7.47,"Comparstic Raman F2Ba Au IAEA 240930.csv",4588.84836948722,-3315.6447512806
"486",5484.85013135099,2855.66428456764,334.497,30.445,17.049,17.049,30.038,"Polyphenylene sulphide (PPS)",7.4,"Comparstic Raman F2Ba Au IAEA 240930.csv",127.769178295017,529.459922841836
"558",6821.27946568318,1105.33222254923,442.755,27.955,22.315,22.273,28.129,"Polyvinyl Chloride (PVC)",7.39,"Comparstic Raman F2Ba Au IAEA 240930.csv",1464.19851262721,-1220.87213917657
"224",7911.43380670416,2244.85637574914,633.567,28.821,28.009,28.009,29.796,"Polyphenylene sulphide (PPS)",7.23,"Comparstic Raman F2Ba Au IAEA 240930.csv",2554.35285364819,-81.3479859766635
"783",10126.1865437547,4388.42473244863,858.487,38.463,28.703,28.666,38.696,"Polyphenylene sulphide (PPS)",7.22,"Comparstic Raman F2Ba Au IAEA 240930.csv",4769.10559069873,2062.22037072283
"196",3179.96878369475,4223.66733599101,381.294,33.869,20.856,20.856,33.754,"Polyethylene naphtalate (PEN)",7.05,"Comparstic Raman F2Ba Au IAEA 240930.csv",-2177.11216936122,1897.46297426521
"189",10521.1450411862,-198.375259524829,402.714,33.435,23.373,23.373,33.766,"Polyacrylamide/acrylate",7.05,"Comparstic Raman F2Ba Au IAEA 240930.csv",5164.06408813023,-2524.57962125063
"452",6384.9881022414,2886.08986649187,321.48,29.9,22.733,22.733,32.727,"Polyphenylene sulphide (PPS)",6.94,"Comparstic Raman F2Ba Au IAEA 240930.csv",1027.90714918543,559.885504766066
"529",10910.3628627829,-4110.64584091396,415.238,31.818,20.901,20.901,32.605,"Polyphenylene sulphide (PPS)",6.78,"Comparstic Raman F2Ba Au IAEA 240930.csv",5553.28190972693,-6436.85020263976
"451",10239.8519252829,2884.36766374144,788.457,32.148,32.148,30.631,34.504,"Polyphenylene sulphide (PPS)",6.68,"Comparstic Raman F2Ba Au IAEA 240930.csv",4882.77097222693,558.163302015636
"428",9717.45042431974,-1583.02627086901,548.212,27.77,26.274,26.274,33.286,"Polycarbonate (PC)",6.45,"Comparstic Raman F2Ba Au IAEA 240930.csv",4360.36947126377,-3909.23063259481
"11",3836.70209919132,-1024.45851214683,326.917,23.326,22.485,22.485,25.529,"Polytetrafluoroethylene (PTFE)",6.41,"Comparstic Raman F2Ba Au IAEA 240930.csv",-1520.37885386465,-3350.66287387263
"301",8980.92171471999,1321.75570151969,448.193,38.073,17.605,17.605,37.751,"Polytetrafluoroethylene (PTFE)",6.23,"Comparstic Raman F2Ba Au IAEA 240930.csv",3623.84076166402,-1004.44866020611
"566",2514.05038686255,-2740.92058674015,628.623,40.267,22.152,22.131,40.593,"Polytetrafluoroethylene (PTFE)",6.01,"Comparstic Raman F2Ba Au IAEA 240930.csv",-2843.03056619342,-5067.12494846595
"24",1678.78205290494,2482.52035530822,329.883,48.306,24.504,23.978,49.036,"Polytetrafluoroethylene (PTFE)",5.76,"Comparstic Raman F2Ba Au IAEA 240930.csv",-3678.29890015103,156.315993582416
"94",8615.24066404576,5311.52540667808,699.972,31.835,30.038,28.73,35.581,"Polycarbonate (PC)",5.71,"Comparstic Raman F2Ba Au IAEA 240930.csv",3258.15971098979,2985.32104495228
"174",7542.88241811255,2329.8183781036,338.781,21.815,20.092,20.092,23.138,"Polycarbonate (PC)",5.68,"Comparstic Raman F2Ba Au IAEA 240930.csv",2185.80146505658,3.61401637779636
"332",9745.57973591006,4059.48400711687,509.655,30.377,22.827,22.675,31,"Polytetrafluoroethylene (PTFE)",5.68,"Comparstic Raman F2Ba Au IAEA 240930.csv",4388.49878285409,1733.27964539107
"233",2438.27346584372,4165.68651005993,330.377,22.963,19.518,18.267,26.112,"Polytetrafluoroethylene (PTFE)",5.65,"Comparstic Raman F2Ba Au IAEA 240930.csv",-2918.80748721225,1839.48214833413
"391",8974.60697130176,-2490.62712034461,331.696,30.773,21.693,21.693,30.85,"Polyvinyl Chloride (PVC)",5.6,"Comparstic Raman F2Ba Au IAEA 240930.csv",3617.52601824579,-4816.83148207041
"530",10092.3165563296,1112.79510113442,334.991,47.409,18.139,18.139,47.238,"Polytetrafluoroethylene (PTFE)",5.57,"Comparstic Raman F2Ba Au IAEA 240930.csv",4735.23560327363,-1213.40926059138
"286",8570.46339253463,4100.24280554366,406.999,57.443,24.415,24.415,59.048,"Polytetrafluoroethylene (PTFE)",5.48,"Comparstic Raman F2Ba Au IAEA 240930.csv",3213.38243947866,1774.03844381786
"64",3626.01929605562,5357.45081335616,578.367,28.24,27.47,25.673,31.574,"Polytetrafluoroethylene (PTFE)",5.38,"Comparstic Raman F2Ba Au IAEA 240930.csv",-1731.06165700035,3031.24645163036
"727",7212.79355761383,2582.40811483305,997.064,38.157,32.88,32.88,39.756,"Polyethylene naphtalate (PEN)",5.19,"Comparstic Raman F2Ba Au IAEA 240930.csv",1855.71260455786,256.203753107246
"158",10327.1101979713,-2178.90842251712,1012.059,40.651,33.254,33.065,41.575,"Polycarbonate (PC)",4.95,"Comparstic Raman F2Ba Au IAEA 240930.csv",4970.02924491533,-4505.11278424292
"571",9046.93948681974,257.434401755137,945.819,56.217,32.732,32.732,57.365,"Polytetrafluoroethylene (PTFE)",4.81,"Comparstic Raman F2Ba Au IAEA 240930.csv",3689.85853376377,-2068.76995997067
"747",11626.2251393775,919.908393086473,355.753,31.246,21.396,21.396,31.662,"Polyethylene terephtalate (PET)",4.73,"Comparstic Raman F2Ba Au IAEA 240930.csv",6269.14418632153,-1406.29596863933
"621",6348.24777689894,226.434752247432,1376.216,58.092,30.683,30.672,58.791,"Polycarbonate (PC)",4.64,"Comparstic Raman F2Ba Au IAEA 240930.csv",991.166823842967,-2099.76960947837
"574",9584.2667449533,2750.60991679152,482.631,34.288,20.035,19.845,36.74,"Polyphenylene sulphide (PPS)",4.53,"Comparstic Raman F2Ba Au IAEA 240930.csv",4227.18579189733,424.405555065716
"52",2233.33133854278,1561.71595141267,385.083,31.898,16.048,16.048,31.835,"Polycarbonate (PC)",4.46,"Comparstic Raman F2Ba Au IAEA 240930.csv",-3123.74961451319,-764.488410313134
"115",11000.4914733887,741.373374625428,497.296,29.479,22.569,22.316,29.524,"Polycarbonate (PC)",4.34,"Comparstic Raman F2Ba Au IAEA 240930.csv",5643.41052033273,-1584.83098710038
"572",9748.45007382744,1868.26804098887,441.931,26.101,23.499,22.727,29.409,"Polytetrafluoroethylene (PTFE)",4.34,"Comparstic Raman F2Ba Au IAEA 240930.csv",4391.36912077147,-457.936320736934
"497",1779.24388001324,-579.556134952911,800.98,32.722,31.574,31.465,33.221,"Polyethylene terephtalate (PET)",4.3,"Comparstic Raman F2Ba Au IAEA 240930.csv",-3577.83707304273,-2905.76049667871
"679",2229.88693304192,3656.4885635167,363.498,25.943,19.24,19.237,25.93,"Polyether sulphone (PES)",4.24,"Comparstic Raman F2Ba Au IAEA 240930.csv",-3127.19402001405,1330.2842017909
"5",7932.67430729277,10.5853408604453,537.831,35.902,22.365,22.234,37.345,"Polytetrafluoroethylene (PTFE)",4.22,"Comparstic Raman F2Ba Au IAEA 240930.csv",2575.5933542368,-2315.61902086536
"521",5731.69919224568,4711.05071436216,497.296,39.648,19.159,19.159,39.793,"Polytetrafluoroethylene (PTFE)",4.21,"Comparstic Raman F2Ba Au IAEA 240930.csv",374.618239189707,2384.84635263636
"63",5213.31616436683,2454.39104371789,462.199,24.685,24.111,23.881,25.416,"Polyethylene naphtalate (PEN)",4.07,"Comparstic Raman F2Ba Au IAEA 240930.csv",-143.764788689143,128.186681992087
"351",8916.62614537068,-3789.74206175086,334.991,21.241,20.666,19.625,22.592,"Polyvinyl Chloride (PVC)",4.04,"Comparstic Raman F2Ba Au IAEA 240930.csv",3559.54519231471,-6115.94642347666
"124",5431.46184608772,-2132.98301583904,327.906,25.16,16.431,16.431,25.573,"Polyethylene naphtalate (PEN)",4.04,"Comparstic Raman F2Ba Au IAEA 240930.csv",74.3808930317473,-4459.18737756484
"430",10726.6612360706,1212.10879307577,656.306,30.888,26.908,26.866,33.416,"Polycarbonate (PC)",4.03,"Comparstic Raman F2Ba Au IAEA 240930.csv",5369.58028301463,-1114.09556865003
"713",3576.64948387668,2607.66708850599,473.404,26.84,22.931,22.931,26.957,"Polytetrafluoroethylene (PTFE)",3.99,"Comparstic Raman F2Ba Au IAEA 240930.csv",-1780.43146917929,281.462726780186
"710",4195.49433886384,4479.70147822132,539.15,28.009,25.167,24.067,30.294,"Polyvinyl Chloride (PVC)",3.96,"Comparstic Raman F2Ba Au IAEA 240930.csv",-1161.58661419213,2153.49711649552
"425",4694.3590689045,-2529.66371602098,516.905,29.929,27.862,24.838,36.456,"Polyether sulphone (PES)",3.91,"Comparstic Raman F2Ba Au IAEA 240930.csv",-662.721884151472,-4855.86807774678
"290",8847.73803535356,2163.33877889555,1236.815,45.109,35.741,35.741,45.109,"Polycarbonate (PC)",3.87,"Comparstic Raman F2Ba Au IAEA 240930.csv",3490.65708229759,-162.865582830254
"444",10338.5915496408,4841.93812339469,644.607,35.036,24.507,24.507,35.014,"Polyethylene terephtalate (PET)",3.78,"Comparstic Raman F2Ba Au IAEA 240930.csv",4981.51059658483,2515.73376166889
"378",8822.47906168061,1248.27505083476,547.553,32.662,23.558,22.979,35.686,"Polytetrafluoroethylene (PTFE)",3.73,"Comparstic Raman F2Ba Au IAEA 240930.csv",3465.39810862464,-1077.92931089104
"739",4548.54590270159,-3004.99167513913,449.676,25.167,22.326,22.326,28.703,"Polycarbonate (PC)",3.68,"Comparstic Raman F2Ba Au IAEA 240930.csv",-808.535050354382,-5331.19603686493
"177",11398.3203087375,-185.745772688356,712.824,46.725,23.363,23.363,48.796,"Polytetrafluoroethylene (PTFE)",3.59,"Comparstic Raman F2Ba Au IAEA 240930.csv",6041.23935568153,-2511.95013441416
"581",7629.56662321743,3764.41326921019,586.935,28.264,28.125,27.47,29.772,"Polyethylene (PE)",3.5,"Comparstic Raman F2Ba Au IAEA 240930.csv",2272.48567016146,1438.20890748439
"97",5848.80897927479,4304.03679767765,443.25,49.528,24.96,24.96,49.292,"Polyether sulphone (PES)",3.49,"Comparstic Raman F2Ba Au IAEA 240930.csv",491.728026218817,1977.83243595185
"607",5124.90975651152,3732.83955211901,470.767,33.438,21.539,21.29,34.145,"Polyvinyl Chloride (PVC)",3.47,"Comparstic Raman F2Ba Au IAEA 240930.csv",-232.171196544453,1406.63519039321
"299",3957.25629172129,5000.95484401755,448.358,25.99,23.877,23.537,26.7,"Polytetrafluoroethylene (PTFE)",3.2,"Comparstic Raman F2Ba Au IAEA 240930.csv",-1399.82466133468,2674.75048229175
"235",4735.69193491478,5098.54633320848,664.05,37.224,26.784,26.784,39.793,"Polytetrafluoroethylene (PTFE)",2.9,"Comparstic Raman F2Ba Au IAEA 240930.csv",-621.389018141193,2772.34197148268
"298",7317.27385780647,2163.33877889555,588.747,39.879,19.372,19.372,39.375,"Polyethylene terephtalate (PET)",2.69,"Comparstic Raman F2Ba Au IAEA 240930.csv",1960.1929047505,-162.865582830254
"253",8854.62684635527,4124.35364404966,1169.915,40.593,36.128,36.128,42.298,"Polyethylene naphtalate (PEN)",2.57,"Comparstic Raman F2Ba Au IAEA 240930.csv",3497.5458932993,1798.14928232386
"388",10296.684616047,2090.43219579409,740.836,38.157,27.603,26.416,40.563,"Polyether sulphone (PES)",2.56,"Comparstic Raman F2Ba Au IAEA 240930.csv",4939.60366299103,-235.772165931714
"146",9524.56371627179,1484.21682764341,649.55,37.007,23.215,23.215,36.969,"Polyethylene terephtalate (PET)",2.55,"Comparstic Raman F2Ba Au IAEA 240930.csv",4167.48276321582,-841.987534082394
"267",7820.15706093147,3102.51334546233,1153.108,50.757,34.638,34.54,57.236,"Polytetrafluoroethylene (PTFE)",2.29,"Comparstic Raman F2Ba Au IAEA 240930.csv",2463.0761078755,776.308983736526
"354",11045.8428124833,-1499.21240368151,341.912,25.845,18.932,18.736,29.455,"Polyvinyl Chloride (PVC)",2.17,"Comparstic Raman F2Ba Au IAEA 240930.csv",5688.76185942733,-3825.41676540731
"114",8653.12912455518,747.688118043664,354.6,29.835,16.775,16.775,31,"Polyethylene terephtalate (PET)",2.09,"Comparstic Raman F2Ba Au IAEA 240930.csv",3296.04817149921,-1578.51624368214
"206",8282.85553321315,2271.26348458904,543.763,36.939,20.38,20.38,36.969,"Polyethylene naphtalate (PEN)",2.08,"Comparstic Raman F2Ba Au IAEA 240930.csv",2925.77458015718,-54.9408771367634
"520",10210.0004109422,-615.7223927119,376.515,30.377,19.165,19.015,31,"Polyphenylene sulphide (PPS)",1.86,"Comparstic Raman F2Ba Au IAEA 240930.csv",4852.91945788623,-2941.9267544377
"441",5304.01884255604,3938.9298145869,536.184,30.052,25.02,22.792,34.444,"Polyvinyl Chloride (PVC)",1.83,"Comparstic Raman F2Ba Au IAEA 240930.csv",-53.0621104999327,1612.7254528611
"128",6235.15646295416,3326.97377060146,317.854,20.599,20.411,20.282,21.822,"Polystyrene (PS)",1.76,"Comparstic Raman F2Ba Au IAEA 240930.csv",878.075509898187,1000.76940887566
"302",3981.36713022728,1318.31129601884,621.868,34.33,25.757,22.939,38.969,"Polytetrafluoroethylene (PTFE)",1.66,"Comparstic Raman F2Ba Au IAEA 240930.csv",-1375.71382282869,-1007.89306570696
"364",9561.30404161426,-2452.16459225171,395.135,28.212,19.113,19.079,29.011,"Polytetrafluoroethylene (PTFE)",1.59,"Comparstic Raman F2Ba Au IAEA 240930.csv",4204.22308855829,-4778.36895397751
"318",8293.18874971571,-352.225371896404,629.283,30.426,28.129,28.129,31.578,"Polytetrafluoroethylene (PTFE)",1.55,"Comparstic Raman F2Ba Au IAEA 240930.csv",2936.10779665974,-2678.42973362221
"77",6832.18674976922,5337.3584479345,445.392,25.167,23.544,23.544,25.219,"Polyethylene naphtalate (PEN)",1.37,"Comparstic Raman F2Ba Au IAEA 240930.csv",1475.10579671325,3011.1540862087
"400",8344.28076464508,446.30263671875,1502.764,46.865,42.858,41.333,49.706,"Polyvinyl Chloride (PVC)",1.25,"Comparstic Raman F2Ba Au IAEA 240930.csv",2987.19981158911,-1879.90172500705
"643",5243.16767870758,204.046116491866,415.897,28.703,19.518,19.518,29.267,"Polyethylene naphtalate (PEN)",1.24,"Comparstic Raman F2Ba Au IAEA 240930.csv",-113.913274348392,-2122.15824523394
"503",9039.47660823455,1146.09102097603,702.279,49.508,18.875,18.875,49.357,"Polycarbonate (PC)",1.2,"Comparstic Raman F2Ba Au IAEA 240930.csv",3682.39565517858,-1180.11334074977
"56",11786.3899951673,-50.8398905714894,988.331,38.759,34.754,31.96,45.351,"Polyethylene terephtalate (PET)",1.15,"Comparstic Raman F2Ba Au IAEA 240930.csv",6429.30904211133,-2377.04425229729
"182",2128.27697076666,-190.912380939641,1223.632,45.784,37.097,36.531,50.319,"Polycarbonate (PC)",1.13,"Comparstic Raman F2Ba Au IAEA 240930.csv",-3228.80398228931,-2517.11674266544
"590",10871.90033469,1857.9348244863,399.419,24.087,21.163,21.163,26.063,"Polyether sulphone (PES)",0.66,"Comparstic Raman F2Ba Au IAEA 240930.csv",5514.81938163403,-468.269537239504
"155",3592.14930863053,4253.51885033176,1194.137,48.186,33.1,33.063,48.47,"Polycarbonate (PC)",0.45,"Comparstic Raman F2Ba Au IAEA 240930.csv",-1764.93164442544,1927.31448860596
"184",3717.87010941178,1427.95820446276,1171.893,55.137,32.186,31.973,60.845,"Polypropylene (PP) Lab bench",0.34,"Comparstic Raman F2Ba Au IAEA 240930.csv",-1639.21084364419,-898.246157263044
"436",964.641979060759,1201.20150898973,1188.7,42.275,37.018,36.991,43.785,"Polypropylene (PP) Lab bench",0.33,"Comparstic Raman F2Ba Au IAEA 240930.csv",-4392.43897399521,-1125.00285273607
"306",4142.68012118404,-336.725547142551,656.636,40.626,24.976,24.976,40.846,"Polyethylene (PE)",0.01,"Comparstic Raman F2Ba Au IAEA 240930.csv",-1214.40083187193,-2662.92990886835
