"particle_id","centroid_y","centroid_x","tile_row","tile_col","local_y","local_x","area_px","max_intensity","mean_intensity","integrated_intensity","bbox_width","bbox_height","equivalent_diameter","aspect_ratio","x_um","y_um","feret_max_um","feret_min_um","area_um2"
1,12.7,2041.24,0,3,12.7,241.24,67,140.67,94.87,6356.45,9,13,9.24,1.44,11056.7166666667,12931.2083333333,70.4166666666667,48.75,1965.79861111111
2,23.74,1339.13,0,2,23.74,139.13,23,113.65,68.39,1572.87,5,7,5.41,1.4,7253.62083333333,12871.4083333333,37.9166666666667,27.0833333333333,674.826388888889
3,53.48,1391.18,0,2,53.48,191.18,44,184.35,107.05,4710.15,9,7,7.48,1.29,7535.55833333333,12710.3166666667,48.75,37.9166666666667,1290.97222222222
4,59.35,1257.7,0,2,59.35,57.7,23,114.02,79.34,1824.87,6,6,5.41,1,6812.54166666667,12678.5208333333,32.5,32.5,674.826388888889
5,82.55,964.59,0,1,82.55,364.59,29,85.49,64.4,1867.68,6,6,6.08,1,5224.8625,12552.8541666667,32.5,32.5,850.868055555556
6,95.62,1017.62,0,1,95.62,417.62,66,170.22,112.94,7454.28,8,12,9.17,1.5,5512.10833333333,12482.0583333333,65,43.3333333333333,1936.45833333333
7,108.44,1466.64,0,2,108.44,266.64,25,88.24,69.01,1725.22,8,4,5.64,2,7944.3,12412.6166666667,43.3333333333333,21.6666666666667,733.506944444445
8,123.29,1000.51,0,1,123.29,400.51,35,90.16,65.75,2301.29,8,6,6.68,1.33,5419.42916666667,12332.1791666667,43.3333333333333,32.5,1026.90972222222
9,130.62,1418.66,0,2,130.62,218.66,29,97.36,70.07,2031.94,9,5,6.08,1.8,7684.40833333333,12292.475,48.75,27.0833333333333,850.868055555556
10,135.41,1641.04,0,2,135.41,441.04,27,90.92,71.76,1937.4,5,6,5.86,1.2,8888.96666666667,12266.5291666667,32.5,27.0833333333333,792.1875
11,137.96,1478.11,0,2,137.96,278.11,27,105.81,69.47,1875.82,7,6,5.86,1.17,8006.42916666667,12252.7166666667,37.9166666666667,32.5,792.1875
12,170.83,843.66,0,1,170.83,243.66,207,184.38,121.04,25055.12,20,17,16.23,1.18,4569.825,12074.6708333333,108.333333333333,92.0833333333333,6073.4375
13,182.84,790.4,0,1,182.84,190.4,817,222.77,168.33,137521.92,45,25,32.25,1.8,4281.33333333333,12009.6166666667,243.75,135.416666666667,23971.0069444444
14,175.62,1715.99,0,2,175.62,515.99,81,138.47,92.52,7494.35,10,13,10.16,1.3,9294.94583333333,12048.725,70.4166666666667,54.1666666666667,2376.5625
15,192.73,731.13,0,1,192.73,131.13,308,191.76,120.71,37177.16,30,17,19.8,1.76,3960.2875,11956.0458333333,162.5,92.0833333333333,9036.80555555556
16,205.05,903.49,0,1,205.05,303.49,98,170.47,89.08,8730.32,11,13,11.17,1.18,4893.90416666667,11889.3125,70.4166666666667,59.5833333333333,2875.34722222222
17,205.3,988.94,0,1,205.3,388.94,63,132.3,86.2,5430.81,10,9,8.96,1.11,5356.75833333333,11887.9583333333,54.1666666666667,48.75,1848.4375
18,214.57,974.43,0,1,214.57,374.43,35,88.7,66.64,2332.25,6,6,6.68,1,5278.1625,11837.7458333333,32.5,32.5,1026.90972222222
19,253.57,958.87,0,1,253.57,358.87,371,169.72,97.04,36003.48,63,46,21.73,1.37,5193.87916666667,11626.4958333333,341.25,249.166666666667,10885.2430555556
20,236.97,891.94,0,1,236.97,291.94,31,84.93,66.98,2076.36,8,5,6.28,1.6,4831.34166666667,11716.4125,43.3333333333333,27.0833333333333,909.548611111111
21,250.03,1245.69,0,2,250.03,45.69,29,116.54,83.32,2416.24,7,6,6.08,1.17,6747.4875,11645.6708333333,37.9166666666667,32.5,850.868055555556
22,259.48,915.79,0,1,259.48,315.79,33,99.77,72.05,2377.62,8,6,6.48,1.33,4960.52916666667,11594.4833333333,43.3333333333333,32.5,968.229166666667
23,268.17,681.43,0,1,268.17,81.43,210,195.89,134.52,28249,19,16,16.35,1.19,3691.07916666667,11547.4125,102.916666666667,86.6666666666667,6161.45833333333
24,266.79,752.46,0,1,266.79,152.46,24,102.23,74.48,1787.44,7,5,5.53,1.4,4075.825,11554.8875,37.9166666666667,27.0833333333333,704.166666666667
25,291.74,657.68,0,1,291.74,57.68,31,139.45,69.72,2161.27,6,8,6.28,1.33,3562.43333333333,11419.7416666667,43.3333333333333,32.5,909.548611111111
26,290.5,1847.71,0,3,290.5,47.71,24,170.35,113.34,2720.12,5,6,5.53,1.2,10008.4291666667,11426.4583333333,32.5,27.0833333333333,704.166666666667
27,293.33,606.81,0,1,293.33,6.81,21,136.38,86.18,1809.77,5,6,5.17,1.2,3286.8875,11411.1291666667,32.5,27.0833333333333,616.145833333333
28,333.07,588.03,0,0,333.07,588.03,955,202.22,102.47,97858.53,69,66,34.87,1.05,3185.1625,11195.8708333333,373.75,357.5,28019.9652777778
29,300.74,1202.93,0,2,300.74,2.93,27,103.54,76.79,2073.37,7,7,5.86,1,6515.87083333333,11370.9916666667,37.9166666666667,37.9166666666667,792.1875
30,300.61,1579.58,0,2,300.61,379.58,31,106.06,74.85,2320.49,8,6,6.28,1.33,8556.05833333333,11371.6958333333,43.3333333333333,32.5,909.548611111111
31,306.83,1246.69,0,2,306.83,46.69,36,113.8,76.64,2759.07,7,8,6.77,1.14,6752.90416666667,11338.0041666667,43.3333333333333,37.9166666666667,1056.25
32,314.74,1373.65,0,2,314.74,173.65,43,171.78,103.99,4471.4,8,9,7.4,1.12,7440.60416666667,11295.1583333333,48.75,43.3333333333333,1261.63194444444
33,341.37,1818.66,0,3,341.37,18.66,35,189.42,121.57,4254.96,8,6,6.68,1.33,9851.075,11150.9125,43.3333333333333,32.5,1026.90972222222
34,355.65,963.97,0,1,355.65,363.97,34,95.69,69.24,2354.24,7,7,6.58,1,5221.50416666667,11073.5625,37.9166666666667,37.9166666666667,997.569444444445
35,363.56,833.81,0,1,363.56,233.81,214,188.31,110.47,23641.55,34,16,16.51,2.12,4516.47083333333,11030.7166666667,184.166666666667,86.6666666666667,6278.81944444445
36,358.76,880.6,0,1,358.76,280.6,25,129.3,86.9,2172.52,6,6,5.64,1,4769.91666666667,11056.7166666667,32.5,32.5,733.506944444445
37,360.51,1333.01,0,2,360.51,133.01,67,104.04,63.86,4278.66,10,11,9.24,1.1,7220.47083333333,11047.2375,59.5833333333333,54.1666666666667,1965.79861111111
38,368.75,460.4,0,0,368.75,460.4,20,83.05,62.57,1251.31,6,5,5.05,1.2,2493.83333333333,11002.6041666667,32.5,27.0833333333333,586.805555555556
39,381.71,896.13,0,1,381.71,296.13,84,218.19,140.46,11798.54,11,11,10.34,1,4854.0375,10932.4041666667,59.5833333333333,59.5833333333333,2464.58333333333
40,384.16,1601.24,0,2,384.16,401.24,25,160.47,104.27,2606.7,5,7,5.64,1.4,8673.38333333333,10919.1333333333,37.9166666666667,27.0833333333333,733.506944444445
41,385.67,1043.41,0,1,385.67,443.41,54,98.34,67.67,3653.96,8,9,8.29,1.12,5651.80416666667,10910.9541666667,48.75,43.3333333333333,1584.375
42,385.75,1615.7,0,2,385.75,415.7,20,84.73,66.64,1332.77,6,4,5.05,1.5,8751.70833333333,10910.5208333333,32.5,21.6666666666667,586.805555555556
43,390.5,1530,0,2,390.5,330,26,103.34,73.7,1916.15,7,6,5.75,1.17,8287.5,10884.7916666667,37.9166666666667,32.5,762.847222222222
44,394.69,505.17,0,0,394.69,505.17,36,102.1,70.17,2526.16,8,6,6.77,1.33,2736.3375,10862.0958333333,43.3333333333333,32.5,1056.25
45,397.81,1130.88,0,1,397.81,530.88,26,96.75,62.93,1636.12,7,5,5.75,1.4,6125.6,10845.1958333333,37.9166666666667,27.0833333333333,762.847222222222
46,404.39,633.39,0,1,404.39,33.39,57,111.28,75.6,4309.22,8,10,8.52,1.25,3430.8625,10809.5541666667,54.1666666666667,43.3333333333333,1672.39583333333
47,407.56,1508.44,0,2,407.56,308.44,117,155.22,83.95,9822.28,14,13,12.21,1.08,8170.71666666667,10792.3833333333,75.8333333333333,70.4166666666667,3432.8125
48,407.38,497.31,0,0,407.38,497.31,29,82.57,67.37,1953.77,7,6,6.08,1.17,2693.7625,10793.3583333333,37.9166666666667,32.5,850.868055555556
49,421.61,516.71,0,0,421.61,516.71,41,94.99,67.94,2785.73,8,7,7.23,1.14,2798.84583333333,10716.2791666667,43.3333333333333,37.9166666666667,1202.95138888889
50,422.17,1765.93,0,2,422.17,565.93,29,111.08,78.14,2266.06,5,7,6.08,1.4,9565.45416666667,10713.2458333333,37.9166666666667,27.0833333333333,850.868055555556
51,427.35,1037.44,0,1,427.35,437.44,66,94.75,68.13,4496.55,14,8,9.17,1.75,5619.46666666667,10685.1875,75.8333333333333,43.3333333333333,1936.45833333333
52,450.77,602.5,0,1,450.77,2.5,2001,222.99,156.84,313827.23,60,51,50.48,1.18,3263.54166666667,10558.3291666667,325,276.25,58709.8958333333
53,429.5,1685.29,0,2,429.5,485.29,28,92.51,72.94,2042.25,8,6,5.97,1.33,9128.65416666667,10673.5416666667,43.3333333333333,32.5,821.527777777778
54,431.03,1962.9,0,3,431.03,162.9,31,106.53,63.48,1967.8,10,5,6.28,2,10632.375,10665.2541666667,54.1666666666667,27.0833333333333,909.548611111111
55,433.81,438.44,0,0,433.81,438.44,36,94.04,66.32,2387.58,6,8,6.77,1.33,2374.88333333333,10650.1958333333,43.3333333333333,32.5,1056.25
56,433.94,971.58,0,1,433.94,371.58,33,92.32,67.4,2224.36,6,7,6.48,1.17,5262.725,10649.4916666667,37.9166666666667,32.5,968.229166666667
57,435.5,1471.13,0,2,435.5,271.13,52,132.34,79.74,4146.4,8,9,8.14,1.12,7968.62083333333,10641.0416666667,48.75,43.3333333333333,1525.69444444444
58,439.59,2013.41,0,3,439.59,213.41,34,97.87,64.98,2209.17,8,6,6.58,1.33,10905.9708333333,10618.8875,43.3333333333333,32.5,997.569444444445
59,443,1977.37,0,3,443,177.37,27,97.52,77.21,2084.7,7,5,5.86,1.4,10710.7541666667,10600.4166666667,37.9166666666667,27.0833333333333,792.1875
60,450.17,1042.37,0,1,450.17,442.37,59,152.55,91.08,5373.52,7,12,8.67,1.71,5646.17083333333,10561.5791666667,65,37.9166666666667,1731.07638888889
61,457.76,778.9,0,1,457.76,178.9,29,117.27,75.23,2181.76,6,7,6.08,1.17,4219.04166666667,10520.4666666667,37.9166666666667,32.5,850.868055555556
62,458.31,706.42,0,1,458.31,106.42,26,95.26,74.06,1925.66,6,6,5.75,1,3826.44166666667,10517.4875,32.5,32.5,762.847222222222
63,459.56,2109.41,0,3,459.56,309.41,27,94.86,67.75,1829.35,6,6,5.86,1,11425.9708333333,10510.7166666667,32.5,32.5,792.1875
64,466.64,1622.17,0,2,466.64,422.17,236,196.75,105.7,24945.52,40,17,17.33,2.35,8786.75416666667,10472.3666666667,216.666666666667,92.0833333333333,6924.30555555556
65,477,514.89,0,0,477,514.89,37,93.01,66.87,2474.04,7,7,6.86,1,2788.9875,10416.25,37.9166666666667,37.9166666666667,1085.59027777778
66,476.65,1056.15,0,1,476.65,456.15,20,139.7,92.6,1852.05,7,4,5.05,1.75,5720.8125,10418.1458333333,37.9166666666667,21.6666666666667,586.805555555556
67,481.62,1015.56,0,1,481.62,415.56,66,117.33,81.39,5371.92,9,11,9.17,1.22,5500.95,10391.225,59.5833333333333,48.75,1936.45833333333
68,479.5,525.23,0,0,479.5,525.23,26,164.5,104.02,2704.57,7,4,5.75,1.75,2844.99583333333,10402.7083333333,37.9166666666667,21.6666666666667,762.847222222222
69,551.05,312.92,0,0,551.05,312.92,5811,221.11,170.83,992680.07,69,148,86.02,2.14,1694.98333333333,10015.1458333333,801.666666666667,373.75,170496.354166667
70,484.09,854.26,0,1,484.09,254.26,43,142.85,91.07,3916.2,8,9,7.4,1.12,4627.24166666667,10377.8458333333,48.75,43.3333333333333,1261.63194444444
71,485.22,1565.26,0,2,485.22,365.26,23,96.81,67.63,1555.46,5,6,5.41,1.2,8478.49166666667,10371.725,32.5,27.0833333333333,674.826388888889
72,494.43,1874.33,0,3,494.43,74.33,21,147.07,98.19,2061.96,6,5,5.17,1.2,10152.6208333333,10321.8375,32.5,27.0833333333333,616.145833333333
73,496.18,357.57,0,0,496.18,357.57,28,97.2,72.35,2025.83,6,6,5.97,1,1936.8375,10312.3583333333,32.5,32.5,821.527777777778
74,498.38,1012.78,0,1,498.38,412.78,32,89.36,68.27,2184.6,6,6,6.38,1,5485.89166666667,10300.4416666667,32.5,32.5,938.888888888889
75,502.81,452.25,0,0,502.81,452.25,97,199.34,134.78,13073.72,13,11,11.11,1.18,2449.6875,10276.4458333333,70.4166666666667,59.5833333333333,2846.00694444444
76,508.97,1086.73,0,1,508.97,486.73,30,82.78,64.27,1928.16,7,5,6.18,1.4,5886.45416666667,10243.0791666667,37.9166666666667,27.0833333333333,880.208333333333
77,511.14,1271,0,2,511.14,71,29,103.63,78.56,2278.15,7,5,6.08,1.4,6884.58333333333,10231.325,37.9166666666667,27.0833333333333,850.868055555556
78,521.8,874.6,0,1,521.8,274.6,25,116.4,86.47,2161.72,5,7,5.64,1.4,4737.41666666667,10173.5833333333,37.9166666666667,27.0833333333333,733.506944444445
79,525.79,1063.2,0,1,525.79,463.2,89,208.93,130.22,11589.69,12,11,10.65,1.09,5759,10151.9708333333,65,59.5833333333333,2611.28472222222
80,528.03,1177.73,0,1,528.03,577.73,30,79.11,60.57,1817.19,8,7,6.18,1.14,6379.37083333333,10139.8375,43.3333333333333,37.9166666666667,880.208333333333
81,543.14,1034.5,0,1,543.14,434.5,124,149.25,85.46,10596.94,16,32,12.57,2,5603.54166666667,10057.9916666667,173.333333333333,86.6666666666667,3638.19444444444
82,529.93,522.59,0,0,529.93,522.59,29,158.24,103.19,2992.44,8,5,6.08,1.6,2830.69583333333,10129.5458333333,43.3333333333333,27.0833333333333,850.868055555556
83,535,631.67,0,1,535,31.67,55,123.06,76.41,4202.35,10,9,8.37,1.11,3421.54583333333,10102.0833333333,54.1666666666667,48.75,1613.71527777778
84,546.25,741.66,0,1,546.25,141.66,319,212.65,136.3,43478.91,20,25,20.15,1.25,4017.325,10041.1458333333,135.416666666667,108.333333333333,9359.54861111111
85,537.65,825.52,0,1,537.65,225.52,23,114.19,71.95,1654.77,6,8,5.41,1.33,4471.56666666667,10087.7291666667,43.3333333333333,32.5,674.826388888889
86,541.93,1630.37,0,2,541.93,430.37,41,118.76,79.16,3245.48,8,7,7.23,1.14,8831.17083333333,10064.5458333333,43.3333333333333,37.9166666666667,1202.95138888889
87,543.4,1393.85,0,2,543.4,193.85,20,114.36,70.01,1400.2,8,4,5.05,2,7550.02083333333,10056.5833333333,43.3333333333333,21.6666666666667,586.805555555556
88,556.17,1068.63,0,1,556.17,468.63,118,185.18,110.62,13052.84,10,17,12.26,1.7,5788.4125,9987.4125,92.0833333333333,54.1666666666667,3462.15277777778
89,550.5,1124,0,1,550.5,524,36,126.43,82.19,2958.85,7,6,6.77,1.17,6088.33333333333,10018.125,37.9166666666667,32.5,1056.25
90,555.99,827.91,0,1,555.99,227.91,74,150.08,87.48,6473.58,9,14,9.71,1.56,4484.5125,9988.3875,75.8333333333333,48.75,2171.18055555556
91,557.32,1357.77,0,2,557.32,157.77,53,179.04,85.56,4534.67,11,9,8.21,1.22,7354.5875,9981.18333333333,59.5833333333333,48.75,1555.03472222222
92,584.29,1227.7,0,2,584.29,27.7,1034,222.65,159.96,165402.52,38,49,36.28,1.29,6650.04166666667,9835.09583333333,265.416666666667,205.833333333333,30337.8472222222
93,564.66,1174,0,1,564.66,574,29,89.92,67.62,1960.89,7,5,6.08,1.4,6359.16666666667,9941.425,37.9166666666667,27.0833333333333,850.868055555556
94,568.21,858.21,0,1,568.21,258.21,29,94.32,64.74,1877.34,7,6,6.08,1.17,4648.6375,9922.19583333333,37.9166666666667,32.5,850.868055555556
95,574.17,988.49,0,1,574.17,388.49,126,220.11,139.78,17612.1,13,13,12.67,1,5354.32083333333,9889.9125,70.4166666666667,70.4166666666667,3696.875
96,573.32,1139.7,0,1,573.32,539.7,44,119.15,81.07,3567.16,8,8,7.48,1,6173.375,9894.51666666667,43.3333333333333,43.3333333333333,1290.97222222222
97,585.92,1314.33,0,2,585.92,114.33,131,152.49,85.37,11183.75,22,21,12.91,1.05,7119.2875,9826.26666666667,119.166666666667,113.75,3843.57638888889
98,578.38,1626.07,0,2,578.38,426.07,29,96.6,70.31,2039.11,8,6,6.08,1.33,8807.87916666667,9867.10833333333,43.3333333333333,32.5,850.868055555556
99,593.3,993.66,0,1,593.3,393.66,53,140.06,78.39,4154.45,6,13,8.21,2.17,5382.325,9786.29166666667,70.4166666666667,32.5,1555.03472222222
100,604.2,744.35,1,1,4.2,144.35,147,177.53,106.88,15710.99,17,22,13.68,1.29,4031.89583333333,9727.25,119.166666666667,92.0833333333333,4313.02083333333
101,601.17,1332.37,1,2,1.17,132.37,30,184.73,89.43,2682.77,7,7,6.18,1,7217.00416666667,9743.6625,37.9166666666667,37.9166666666667,880.208333333333
102,605.57,1154.05,1,1,5.57,554.05,37,74.5,59.35,2195.78,7,8,6.86,1.14,6251.10416666667,9719.82916666667,43.3333333333333,37.9166666666667,1085.59027777778
103,606.57,1795.17,1,2,6.57,595.17,35,145.89,94.02,3290.54,7,8,6.68,1.14,9723.8375,9714.4125,43.3333333333333,37.9166666666667,1026.90972222222
104,612.39,1191.42,1,1,12.39,591.42,31,105.26,75.47,2339.56,6,7,6.28,1.17,6453.525,9682.8875,37.9166666666667,32.5,909.548611111111
105,612.35,1867.15,1,3,12.35,67.15,26,99.79,66.44,1727.49,7,7,5.75,1,10113.7291666667,9683.10416666667,37.9166666666667,37.9166666666667,762.847222222222
106,613,750.11,1,1,13,150.11,27,96.61,71.41,1928.16,6,6,5.86,1,4063.09583333333,9679.58333333333,32.5,32.5,792.1875
107,613.52,1436.71,1,2,13.52,236.71,21,89.71,63.41,1331.55,5,6,5.17,1.2,7782.17916666667,9676.76666666667,32.5,27.0833333333333,616.145833333333
108,632.72,522.8,1,0,32.72,522.8,149,137.92,76.58,11410.73,7,38,13.77,5.43,2831.83333333333,9572.76666666667,205.833333333333,37.9166666666667,4371.70138888889
109,625.09,809.41,1,1,25.09,209.41,64,150.26,92.86,5943.04,11,14,9.03,1.27,4384.30416666667,9614.09583333333,75.8333333333333,59.5833333333333,1877.77777777778
110,626.64,1204.68,1,2,26.64,4.68,22,97.72,64.1,1410.16,6,5,5.29,1.2,6525.35,9605.7,32.5,27.0833333333333,645.486111111111
111,627.82,831.67,1,1,27.82,231.67,51,101.34,64.18,3273.37,12,5,8.06,2.4,4504.87916666667,9599.30833333333,65,27.0833333333333,1496.35416666667
112,640.52,1685.78,1,2,40.52,485.78,27,84.33,61.63,1664.03,6,6,5.86,1,9131.30833333333,9530.51666666667,32.5,32.5,792.1875
113,646.1,951.77,1,1,46.1,351.77,31,146.24,86.28,2674.71,7,6,6.28,1.17,5155.42083333333,9500.29166666667,37.9166666666667,32.5,909.548611111111
114,648.48,560.09,1,0,48.48,560.09,33,178.62,98.19,3240.31,7,6,6.48,1.17,3033.82083333333,9487.4,37.9166666666667,32.5,968.229166666667
115,649.26,1135.03,1,1,49.26,535.03,31,108.98,76.62,2375.34,7,6,6.28,1.17,6148.07916666667,9483.175,37.9166666666667,32.5,909.548611111111
116,653.71,1301.47,1,2,53.71,101.47,93,152.25,94.68,8805.59,15,11,10.88,1.36,7049.62916666667,9459.07083333333,81.25,59.5833333333333,2728.64583333333
117,657.98,1601.45,1,2,57.98,401.45,64,133.8,81.87,5239.39,9,9,9.03,1,8674.52083333333,9435.94166666667,48.75,48.75,1877.77777777778
118,661.5,1405.88,1,2,61.5,205.88,34,102.17,70.34,2391.62,7,6,6.58,1.17,7615.18333333333,9416.875,37.9166666666667,32.5,997.569444444445
119,684.85,479.54,1,0,84.85,479.54,26,75.82,59.76,1553.88,6,6,5.75,1,2597.50833333333,9290.39583333333,32.5,32.5,762.847222222222
120,689.61,2086.8,1,3,89.61,286.8,70,113.67,77.66,5436.3,12,11,9.44,1.09,11303.5,9264.6125,65,59.5833333333333,2053.81944444444
121,690.1,709.29,1,1,90.1,109.29,21,141.56,86.76,1821.91,7,5,5.17,1.4,3841.9875,9261.95833333333,37.9166666666667,27.0833333333333,616.145833333333
122,690.9,403,1,0,90.9,403,31,136.48,87.83,2722.62,7,5,6.28,1.4,2182.91666666667,9257.625,37.9166666666667,27.0833333333333,909.548611111111
123,692.31,696.84,1,1,92.31,96.84,32,91.63,72.45,2318.36,7,6,6.38,1.17,3774.55,9249.9875,37.9166666666667,32.5,938.888888888889
124,694.24,368.1,1,0,94.24,368.1,29,115.06,66.15,1918.21,10,6,6.08,1.67,1993.875,9239.53333333333,54.1666666666667,32.5,850.868055555556
125,724.14,2144.71,1,3,124.14,344.71,1829,221.9,169.74,310455.31,57,61,48.26,1.07,11617.1791666667,9077.575,330.416666666667,308.75,53663.3680555556
126,697.63,322.5,1,0,97.63,322.5,30,116.54,71.18,2135.43,6,6,6.18,1,1746.875,9221.17083333333,32.5,32.5,880.208333333333
127,726.98,701.7,1,1,126.98,101.7,329,201.51,111.64,36729.14,31,55,20.47,1.77,3800.875,9062.19166666667,297.916666666667,167.916666666667,9652.95138888889
128,703,2112.36,1,3,103,312.36,22,92.8,66.09,1454.01,6,5,5.29,1.2,11441.95,9192.08333333333,32.5,27.0833333333333,645.486111111111
129,711.53,2051.12,1,3,111.53,251.12,34,103.44,74.13,2520.44,7,8,6.58,1.14,11110.2333333333,9145.87916666667,43.3333333333333,37.9166666666667,997.569444444445
130,711.88,1675.96,1,2,111.88,475.96,25,118.29,76.74,1918.52,6,5,5.64,1.2,9078.11666666667,9143.98333333333,32.5,27.0833333333333,733.506944444445
131,722.18,731.14,1,1,122.18,131.14,91,141.64,79.84,7265.88,11,21,10.76,1.91,3960.34166666667,9088.19166666667,113.75,59.5833333333333,2669.96527777778
132,721.67,238.45,1,0,121.67,238.45,69,132.23,76.28,5263.31,10,10,9.37,1,1291.60416666667,9090.95416666667,54.1666666666667,54.1666666666667,2024.47916666667
133,724.2,662.12,1,1,124.2,62.12,41,164.93,92.41,3788.79,7,11,7.23,1.57,3586.48333333333,9077.25,59.5833333333333,37.9166666666667,1202.95138888889
134,732.78,1920.7,1,3,132.78,120.7,23,115.54,77.11,1773.63,6,5,5.41,1.2,10403.7916666667,9030.775,32.5,27.0833333333333,674.826388888889
135,777.94,286.59,1,0,177.94,286.59,561,183.69,81.86,45921.56,41,98,26.73,2.39,1552.3625,8786.15833333333,530.833333333333,222.083333333333,16459.8958333333
136,742.28,823.71,1,1,142.28,223.71,125,193.84,114.12,14264.97,18,11,12.62,1.64,4461.7625,8979.31666666667,97.5,59.5833333333333,3667.53472222222
137,742.53,1295.89,1,2,142.53,95.89,38,135.38,93.19,3541.06,7,8,6.96,1.14,7019.40416666667,8977.9625,43.3333333333333,37.9166666666667,1114.93055555556
138,742.28,1979.43,1,3,142.28,179.43,79,138.32,83.21,6573.96,23,8,10.03,2.88,10721.9125,8979.31666666667,124.583333333333,43.3333333333333,2317.88194444444
139,744.9,236.41,1,0,144.9,236.41,29,139.61,88.71,2572.7,6,7,6.08,1.17,1280.55416666667,8965.125,37.9166666666667,32.5,850.868055555556
140,751.29,1455.71,1,2,151.29,255.71,31,132.93,92.03,2852.92,6,6,6.28,1,7885.09583333333,8930.5125,32.5,32.5,909.548611111111
141,890.97,304.29,1,0,290.97,304.29,2161,201.97,87.74,189604.68,138,214,52.45,1.55,1648.2375,8173.9125,1159.16666666667,747.5,63404.3402777778
142,756.97,716.06,1,1,156.97,116.06,32,91.85,71.51,2288.47,9,5,6.38,1.8,3878.65833333333,8899.74583333333,48.75,27.0833333333333,938.888888888889
143,759.17,930.2,1,1,159.17,330.2,30,109.68,73.21,2196.4,7,5,6.18,1.4,5038.58333333333,8887.82916666667,37.9166666666667,27.0833333333333,880.208333333333
144,762.85,1831.61,1,3,162.85,31.61,33,106.6,76.56,2526.62,8,5,6.48,1.6,9921.22083333333,8867.89583333333,43.3333333333333,27.0833333333333,968.229166666667
145,764.74,965.26,1,1,164.74,365.26,31,94.59,66.07,2048.18,7,6,6.28,1.17,5228.49166666667,8857.65833333333,37.9166666666667,32.5,909.548611111111
146,771.48,566.06,1,0,171.48,566.06,66,103.85,73.99,4883.25,10,10,9.17,1,3066.15833333333,8821.15,54.1666666666667,54.1666666666667,1936.45833333333
147,771.85,219.59,1,0,171.85,219.59,34,92.24,70.02,2380.64,6,7,6.58,1.17,1189.44583333333,8819.14583333333,37.9166666666667,32.5,997.569444444445
148,777.17,1813.75,1,3,177.17,13.75,24,100.4,74.83,1795.9,5,7,5.53,1.4,9824.47916666667,8790.32916666667,37.9166666666667,27.0833333333333,704.166666666667
149,778.13,1372.55,1,2,178.13,172.55,31,173.92,108.07,3350.16,8,5,6.28,1.6,7434.64583333333,8785.12916666667,43.3333333333333,27.0833333333333,909.548611111111
150,780.82,608.5,1,1,180.82,8.5,44,152.66,90.02,3961.04,9,7,7.48,1.29,3296.04166666667,8770.55833333333,48.75,37.9166666666667,1290.97222222222
151,785.54,468.49,1,0,185.54,468.49,59,89.64,67.14,3961.49,9,10,8.67,1.11,2537.65416666667,8744.99166666667,54.1666666666667,48.75,1731.07638888889
152,788.48,361.85,1,0,188.48,361.85,27,79.76,62.48,1686.93,6,7,5.86,1.17,1960.02083333333,8729.06666666667,37.9166666666667,32.5,792.1875
153,790.78,1947.28,1,3,190.78,147.28,32,105.97,62.9,2012.82,6,7,6.38,1.17,10547.7666666667,8716.60833333333,37.9166666666667,32.5,938.888888888889
154,792.52,2151.39,1,3,192.52,351.39,33,125.69,85.68,2827.51,8,6,6.48,1.33,11653.3625,8707.18333333333,43.3333333333333,32.5,968.229166666667
155,794.65,1221.02,1,2,194.65,21.02,46,198.13,136.82,6293.93,9,7,7.65,1.29,6613.85833333333,8695.64583333333,48.75,37.9166666666667,1349.65277777778
156,796.3,351.2,1,0,196.3,351.2,40,88.33,66.86,2674.49,7,8,7.14,1.14,1902.33333333333,8686.70833333333,43.3333333333333,37.9166666666667,1173.61111111111
157,804.23,759.85,1,1,204.23,159.85,52,110.79,72.27,3758.26,8,12,8.14,1.5,4115.85416666667,8643.75416666667,65,43.3333333333333,1525.69444444444
158,812.91,695.34,1,1,212.91,95.34,53,116.61,75.03,3976.36,10,9,8.21,1.11,3766.425,8596.7375,54.1666666666667,48.75,1555.03472222222
159,817.44,396.2,1,0,217.44,396.2,25,88.01,64.7,1617.43,5,6,5.64,1.2,2146.08333333333,8572.2,32.5,27.0833333333333,733.506944444445
160,829.87,1182.39,1,1,229.87,582.39,108,125.29,77.08,8324.83,13,13,11.73,1,6404.6125,8504.87083333333,70.4166666666667,70.4166666666667,3168.75
161,824.83,1383.52,1,2,224.83,183.52,23,115.5,81.21,1867.74,6,5,5.41,1.2,7494.06666666667,8532.17083333333,32.5,27.0833333333333,674.826388888889
162,828.83,1445.29,1,2,228.83,245.29,24,95.88,71.29,1711.06,5,7,5.53,1.4,7828.65416666667,8510.50416666667,37.9166666666667,27.0833333333333,704.166666666667
163,830.67,2031.56,1,3,230.67,231.56,36,131.83,83.38,3001.69,6,8,6.77,1.33,11004.2833333333,8500.5375,43.3333333333333,32.5,1056.25
164,833.3,936.9,1,1,233.3,336.9,20,149.85,94.16,1883.16,5,5,5.05,1,5074.875,8486.29166666667,27.0833333333333,27.0833333333333,586.805555555556
165,841.32,1378.08,1,2,241.32,178.08,25,137.73,84.52,2113.03,7,6,5.64,1.17,7464.6,8442.85,37.9166666666667,32.5,733.506944444445
166,854.45,1985.93,1,3,254.45,185.93,60,170.46,113.23,6793.61,10,8,8.74,1.25,10757.1208333333,8371.72916666667,54.1666666666667,43.3333333333333,1760.41666666667
167,860.85,1126.49,1,1,260.85,526.49,104,143.99,83.89,8724.67,12,13,11.51,1.08,6101.82083333333,8337.0625,70.4166666666667,65,3051.38888888889
168,866,728.22,1,1,266,128.22,41,157.06,90.26,3700.6,10,9,7.23,1.11,3944.525,8309.16666666667,54.1666666666667,48.75,1202.95138888889
169,864.67,1948.48,1,3,264.67,148.48,27,96.21,67.77,1829.73,7,5,5.86,1.4,10554.2666666667,8316.37083333333,37.9166666666667,27.0833333333333,792.1875
170,867.89,1310.32,1,2,267.89,110.32,62,110.81,76.44,4739.22,12,9,8.88,1.33,7097.56666666667,8298.92916666667,65,48.75,1819.09722222222
171,898.78,400.72,1,0,298.78,400.72,653,185.69,98,63991.2,118,56,28.83,2.11,2170.56666666667,8131.60833333333,639.166666666667,303.333333333333,19159.2013888889
172,876.6,733.56,1,1,276.6,133.56,25,98.74,76.09,1902.13,8,5,5.64,1.6,3973.45,8251.75,43.3333333333333,27.0833333333333,733.506944444445
173,877,763.76,1,1,277,163.76,38,109.52,70.34,2672.95,9,6,6.96,1.5,4137.03333333333,8249.58333333333,48.75,32.5,1114.93055555556
174,877.39,1832.91,1,3,277.39,32.91,23,109.65,80.03,1840.66,5,6,5.41,1.2,9928.2625,8247.47083333333,32.5,27.0833333333333,674.826388888889
175,884.77,1697.58,1,2,284.77,497.58,137,146.03,93.85,12857.53,15,15,13.21,1,9195.225,8207.49583333333,81.25,81.25,4019.61805555556
176,884.66,140.84,1,0,284.66,140.84,61,172.89,99.1,6045.26,10,9,8.81,1.11,762.883333333333,8208.09166666667,54.1666666666667,48.75,1789.75694444444
177,895.26,2195.17,1,3,295.26,395.17,47,92.23,64.81,3045.99,9,8,7.74,1.12,11890.5041666667,8150.675,48.75,43.3333333333333,1378.99305555556
178,895,1959.55,1,3,295,159.55,22,85.75,65.59,1442.9,6,5,5.29,1.2,10614.2291666667,8152.08333333333,32.5,27.0833333333333,645.486111111111
179,906,594,1,0,306,594,23,83.44,64.38,1480.69,5,5,5.41,1,3217.5,8092.5,27.0833333333333,27.0833333333333,674.826388888889
180,911.52,1352.35,1,2,311.52,152.35,23,175.09,99.71,2293.41,6,6,5.41,1,7325.22916666667,8062.6,32.5,32.5,674.826388888889
181,918.75,589.75,1,0,318.75,589.75,24,83.76,59.73,1433.43,7,5,5.53,1.4,3194.47916666667,8023.4375,37.9166666666667,27.0833333333333,704.166666666667
182,920.09,1483.81,1,2,320.09,283.81,32,141.06,91.83,2938.62,7,7,6.38,1,8037.30416666667,8016.17916666667,37.9166666666667,37.9166666666667,938.888888888889
183,926.4,331.35,1,0,326.4,331.35,98,163.44,98.86,9688.13,15,12,11.17,1.25,1794.8125,7982,81.25,65,2875.34722222222
184,925.07,1546.44,1,2,325.07,346.44,27,90.89,75.61,2041.51,6,5,5.86,1.2,8376.55,7989.20416666667,32.5,27.0833333333333,792.1875
185,928.58,188.87,1,0,328.58,188.87,31,94.31,76.73,2378.55,7,6,6.28,1.17,1023.04583333333,7970.19166666667,37.9166666666667,32.5,909.548611111111
186,931.04,973.24,1,1,331.04,373.24,25,156.37,98.03,2450.79,6,5,5.64,1.2,5271.71666666667,7956.86666666667,32.5,27.0833333333333,733.506944444445
187,935.26,1923.74,1,3,335.26,123.74,27,113.81,77.21,2084.55,6,6,5.86,1,10420.2583333333,7934.00833333333,32.5,32.5,792.1875
188,937.12,2162.41,1,3,337.12,362.41,32,102.46,74.67,2389.46,8,7,6.38,1.14,11713.0541666667,7923.93333333333,43.3333333333333,37.9166666666667,938.888888888889
189,941.46,526.54,1,0,341.46,526.54,26,84.22,63.58,1653.06,6,6,5.75,1,2852.09166666667,7900.425,32.5,32.5,762.847222222222
190,948.1,422.65,1,0,348.1,422.65,186,137.87,79.02,14697.15,21,15,15.39,1.4,2289.35416666667,7864.45833333333,113.75,81.25,5457.29166666667
191,947.5,206.12,1,0,347.5,206.12,24,144.79,90.57,2173.77,6,6,5.53,1,1116.48333333333,7867.70833333333,32.5,32.5,704.166666666667
192,948.78,145.33,1,0,348.78,145.33,36,120.8,76.45,2752.12,7,7,6.77,1,787.204166666667,7860.775,37.9166666666667,37.9166666666667,1056.25
193,957.3,1470.5,1,2,357.3,270.5,420,222.22,154.31,64810.18,28,24,23.12,1.17,7965.20833333333,7814.625,151.666666666667,130,12322.9166666667
194,951.77,953.83,1,1,351.77,353.83,40,194.06,117.19,4687.64,7,8,7.14,1.14,5166.57916666667,7844.57916666667,43.3333333333333,37.9166666666667,1173.61111111111
195,951.96,1096.16,1,1,351.96,496.16,45,129.79,79.43,3574.13,8,7,7.57,1.14,5937.53333333333,7843.55,43.3333333333333,37.9166666666667,1320.3125
196,956.21,856.14,1,1,356.21,256.14,28,110.99,74.92,2097.79,7,6,5.97,1.17,4637.425,7820.52916666667,37.9166666666667,32.5,821.527777777778
197,959.06,1621.25,1,2,359.06,421.25,36,105.87,73.17,2634.27,8,7,6.77,1.14,8781.77083333333,7805.09166666667,43.3333333333333,37.9166666666667,1056.25
198,957.64,1727.18,1,2,357.64,527.18,22,101.86,75.67,1664.76,7,5,5.29,1.4,9355.55833333333,7812.78333333333,37.9166666666667,27.0833333333333,645.486111111111
199,966.65,1137.65,1,1,366.65,537.65,26,84.67,63.73,1657.04,6,6,5.75,1,6162.27083333333,7763.97916666667,32.5,32.5,762.847222222222
200,967.82,428.73,1,0,367.82,428.73,22,81.31,64.14,1411.1,6,5,5.29,1.2,2322.2875,7757.64166666667,32.5,27.0833333333333,645.486111111111
201,973.05,608.95,1,1,373.05,8.95,22,109.85,75.44,1659.6,7,5,5.29,1.4,3298.47916666667,7729.3125,37.9166666666667,27.0833333333333,645.486111111111
202,975.1,648.69,1,1,375.1,48.69,29,118.52,86.71,2514.47,7,5,6.08,1.4,3513.7375,7718.20833333333,37.9166666666667,27.0833333333333,850.868055555556
203,980.92,1123.85,1,1,380.92,523.85,170,161.72,90.36,15360.95,21,17,14.71,1.24,6087.52083333333,7686.68333333333,113.75,92.0833333333333,4987.84722222222
204,983.05,97.55,1,0,383.05,97.55,20,133.67,89.14,1782.9,8,3,5.05,2.67,528.395833333333,7675.14583333333,43.3333333333333,16.25,586.805555555556
205,994.9,774.9,1,1,394.9,174.9,29,113.13,74.32,2155.37,7,5,6.08,1.4,4197.375,7610.95833333333,37.9166666666667,27.0833333333333,850.868055555556
206,998.52,1962.69,1,3,398.52,162.69,29,112.1,76.63,2222.29,7,6,6.08,1.17,10631.2375,7591.35,37.9166666666667,32.5,850.868055555556
207,1008.04,190.32,1,0,408.04,190.32,47,178.95,123.22,5791.54,8,7,7.74,1.14,1030.9,7539.78333333333,43.3333333333333,37.9166666666667,1378.99305555556
208,1011.41,1921.48,1,3,411.41,121.48,27,111.02,71.03,1917.84,6,6,5.86,1,10408.0166666667,7521.52916666667,32.5,32.5,792.1875
209,1014.28,566.66,1,0,414.28,566.66,29,89.59,68.32,1981.22,6,6,6.08,1,3069.40833333333,7505.98333333333,32.5,32.5,850.868055555556
210,1018.61,2083.74,1,3,418.61,283.74,147,141.55,78.43,11529.33,41,9,13.68,4.56,11286.925,7482.52916666667,222.083333333333,48.75,4313.02083333333
211,1027.71,1083.34,1,1,427.71,483.34,96,196.89,129.92,12472.71,9,15,11.06,1.67,5868.09166666667,7433.2375,81.25,48.75,2816.66666666667
212,1026.91,424.06,1,0,426.91,424.06,32,85.07,62.89,2012.62,5,7,6.38,1.4,2296.99166666667,7437.57083333333,37.9166666666667,27.0833333333333,938.888888888889
213,1035.27,584.86,1,0,435.27,584.86,22,108.9,78.75,1732.59,7,4,5.29,1.75,3167.99166666667,7392.2875,37.9166666666667,21.6666666666667,645.486111111111
214,1037.43,1975.8,1,3,437.43,175.8,30,107.56,79.44,2383.32,8,7,6.18,1.14,10702.25,7380.5875,43.3333333333333,37.9166666666667,880.208333333333
215,1038,1703.14,1,2,438,503.14,36,106.01,73.71,2653.63,7,7,6.77,1,9225.34166666667,7377.5,37.9166666666667,37.9166666666667,1056.25
216,1044.85,1397.15,1,2,444.85,197.15,34,106.9,77.56,2637.19,8,7,6.58,1.14,7567.89583333333,7340.39583333333,43.3333333333333,37.9166666666667,997.569444444445
217,1101.3,182.18,1,0,501.3,182.18,879,192.05,94.73,83269.38,118,121,33.45,1.03,986.808333333333,7034.625,655.416666666667,639.166666666667,25790.1041666667
218,1054.81,816.64,1,1,454.81,216.64,47,181.66,122.31,5748.5,8,8,7.74,1,4423.46666666667,7286.44583333333,43.3333333333333,43.3333333333333,1378.99305555556
219,1069.08,584.96,1,0,469.08,584.96,73,144.35,82.77,6042.5,9,11,9.64,1.22,3168.53333333333,7209.15,59.5833333333333,48.75,2141.84027777778
220,1069.97,1878.86,1,3,469.97,78.86,29,104.14,75.37,2185.62,7,7,6.08,1,10177.1583333333,7204.32916666667,37.9166666666667,37.9166666666667,850.868055555556
221,1071.12,1151.67,1,1,471.12,551.67,24,75.68,62.1,1490.31,6,5,5.53,1.2,6238.2125,7198.1,32.5,27.0833333333333,704.166666666667
222,1074.72,308.31,1,0,474.72,308.31,36,166.27,102.25,3680.84,6,8,6.77,1.33,1670.0125,7178.6,43.3333333333333,32.5,1056.25
223,1074.26,354.07,1,0,474.26,354.07,27,80.72,62.44,1685.87,5,6,5.86,1.2,1917.87916666667,7181.09166666667,32.5,27.0833333333333,792.1875
224,1076.97,2155.31,1,3,476.97,355.31,36,99.88,73.24,2636.62,10,6,6.77,1.67,11674.5958333333,7166.4125,54.1666666666667,32.5,1056.25
225,1077.35,1930.38,1,3,477.35,130.38,26,116.49,79.93,2078.27,9,4,5.75,2.25,10456.225,7164.35416666667,48.75,21.6666666666667,762.847222222222
226,1083.16,1567.02,1,2,483.16,367.02,92,188.09,124.14,11420.72,10,14,10.82,1.4,8488.025,7132.88333333333,75.8333333333333,54.1666666666667,2699.30555555556
227,1083.88,2037.48,1,3,483.88,237.48,25,90.55,63.58,1589.5,6,6,5.64,1,11036.35,7128.98333333333,32.5,32.5,733.506944444445
228,1115.25,595.98,1,0,515.25,595.98,632,199.47,109.94,69481.13,28,73,28.37,2.61,3228.225,6959.0625,395.416666666667,151.666666666667,18543.0555555556
229,1094.18,807.74,1,1,494.18,207.74,38,169.01,99.29,3773.09,8,7,6.96,1.14,4375.25833333333,7073.19166666667,43.3333333333333,37.9166666666667,1114.93055555556
230,1096.96,1600.64,1,2,496.96,400.64,120,159,101.43,12171.82,16,12,12.36,1.33,8670.13333333334,7058.13333333333,86.6666666666667,65,3520.83333333333
231,1095.13,369.09,1,0,495.13,369.09,23,129.23,85.54,1967.49,6,6,5.41,1,1999.2375,7068.04583333333,32.5,32.5,674.826388888889
232,1099.82,641.98,1,1,499.82,41.98,66,155.42,93.2,6151.2,9,11,9.17,1.22,3477.39166666667,7042.64166666667,59.5833333333333,48.75,1936.45833333333
233,1100.4,375.62,1,0,500.4,375.62,47,113.33,79.06,3715.9,10,6,7.74,1.67,2034.60833333333,7039.5,54.1666666666667,32.5,1378.99305555556
234,1103.93,2048.07,1,3,503.93,248.07,30,103.14,74.84,2245.16,7,5,6.18,1.4,11093.7125,7020.37916666667,37.9166666666667,27.0833333333333,880.208333333333
235,1106.66,1255.16,1,2,506.66,55.16,32,141.8,92.41,2957.11,6,7,6.38,1.17,6798.78333333333,7005.59166666667,37.9166666666667,32.5,938.888888888889
236,1117.53,725.6,1,1,517.53,125.6,40,142.43,79.83,3193.04,6,9,7.14,1.5,3930.33333333333,6946.7125,48.75,32.5,1173.61111111111
237,1118.57,305.8,1,0,518.57,305.8,30,92.84,69.75,2092.51,6,6,6.18,1,1656.41666666667,6941.07916666667,32.5,32.5,880.208333333333
238,1118.77,2034.4,1,3,518.77,234.4,30,148.45,105.07,3151.96,7,6,6.18,1.17,11019.6666666667,6939.99583333333,37.9166666666667,32.5,880.208333333333
239,1123.19,854.72,1,1,523.19,254.72,54,158.78,100.6,5432.15,7,14,8.29,2,4629.73333333333,6916.05416666667,75.8333333333333,37.9166666666667,1584.375
240,1136.82,897.57,1,1,536.82,297.57,49,171.56,110.44,5411.73,8,8,7.9,1,4861.8375,6842.225,43.3333333333333,43.3333333333333,1437.67361111111
241,1141.33,2296.05,1,3,541.33,496.05,103,160.26,100.94,10396.71,15,11,11.45,1.36,12436.9375,6817.79583333333,81.25,59.5833333333333,3022.04861111111
242,1139.93,1083.48,1,1,539.93,483.48,27,99.3,66.92,1806.87,7,6,5.86,1.17,5868.85,6825.37916666667,37.9166666666667,32.5,792.1875
243,1143.35,1342.56,1,2,543.35,142.56,52,191.7,118.02,6136.78,6,10,8.14,1.67,7272.2,6806.85416666667,54.1666666666667,32.5,1525.69444444444
244,1145.39,1810.34,1,3,545.39,10.34,61,132.46,84.01,5124.74,9,10,8.81,1.11,9806.00833333333,6795.80416666667,54.1666666666667,48.75,1789.75694444444
245,1150.08,1546.44,1,2,550.08,346.44,73,119.67,83.09,6065.26,8,13,9.64,1.62,8376.55,6770.4,70.4166666666667,43.3333333333333,2141.84027777778
246,1147.8,1673.32,1,2,547.8,473.32,25,106.61,75.37,1884.16,6,6,5.64,1,9063.81666666667,6782.75,32.5,32.5,733.506944444445
247,1151.32,671.39,1,1,551.32,71.39,31,113.99,76.86,2382.53,7,6,6.28,1.17,3636.69583333333,6763.68333333333,37.9166666666667,32.5,909.548611111111
248,1151.88,1694.38,1,2,551.88,494.38,34,103.43,71.58,2433.8,6,7,6.58,1.17,9177.89166666667,6760.65,37.9166666666667,32.5,997.569444444445
249,1160.06,599.26,1,0,560.06,599.26,31,144.31,90.91,2818.33,6,7,6.28,1.17,3245.99166666667,6716.34166666667,37.9166666666667,32.5,909.548611111111
250,1181.47,2316.64,1,3,581.47,516.64,55,108.18,76.31,4197.06,8,10,8.37,1.25,12548.4666666667,6600.37083333333,54.1666666666667,43.3333333333333,1613.71527777778
251,1183.5,1402.91,1,2,583.5,202.91,22,152.55,89.17,1961.73,5,6,5.29,1.2,7599.09583333333,6589.375,32.5,27.0833333333333,645.486111111111
252,1185.13,142.57,1,0,585.13,142.57,30,104.85,72.13,2163.81,9,5,6.18,1.8,772.254166666667,6580.54583333333,48.75,27.0833333333333,880.208333333333
253,1185.26,504.26,1,0,585.26,504.26,34,133.81,69.04,2347.41,7,7,6.58,1,2731.40833333333,6579.84166666667,37.9166666666667,37.9166666666667,997.569444444445
254,1200.57,466.79,2,0,0.57,466.79,1036,211.33,130.48,135177.63,54,36,36.32,1.5,2528.44583333333,6496.9125,292.5,195,30396.5277777778
255,1188.61,2003.04,1,3,588.61,203.04,28,92.64,74.25,2079.08,6,6,5.97,1,10849.8,6561.69583333333,32.5,32.5,821.527777777778
256,1194.97,94.09,1,0,594.97,94.09,34,137.07,83.19,2828.52,8,6,6.58,1.33,509.654166666667,6527.24583333333,43.3333333333333,32.5,997.569444444445
257,1199,1132.38,1,1,599,532.38,21,89.22,60.18,1263.81,6,5,5.17,1.2,6133.725,6505.41666666667,32.5,27.0833333333333,616.145833333333
258,1203.07,1619.7,2,2,3.07,419.7,56,120.91,78.83,4414.65,10,9,8.44,1.11,8773.375,6483.37083333333,54.1666666666667,48.75,1643.05555555556
259,1210.41,1220.59,2,2,10.41,20.59,22,107.26,73.82,1623.94,7,4,5.29,1.75,6611.52916666667,6443.6125,37.9166666666667,21.6666666666667,645.486111111111
260,1215.77,416.82,2,0,15.77,416.82,22,79.07,59.17,1301.64,6,5,5.29,1.2,2257.775,6414.57916666667,32.5,27.0833333333333,645.486111111111
261,1222.07,1728.59,2,2,22.07,528.59,58,88.67,65.01,3770.7,10,11,8.59,1.1,9363.19583333333,6380.45416666667,59.5833333333333,54.1666666666667,1701.73611111111
262,1231.21,2344.33,2,3,31.21,544.33,24,58.91,46.7,1120.83,11,5,5.53,2.2,12698.4541666667,6330.94583333333,59.5833333333333,27.0833333333333,704.166666666667
263,1233.4,961.6,2,1,33.4,361.6,35,101.32,67.53,2363.51,8,7,6.68,1.14,5208.66666666667,6319.08333333333,43.3333333333333,37.9166666666667,1026.90972222222
264,1234.46,2374.46,2,3,34.46,574.46,57,134.02,88.53,5046.37,11,7,8.52,1.57,12861.6583333333,6313.34166666667,59.5833333333333,37.9166666666667,1672.39583333333
265,1234.97,389.18,2,0,34.97,389.18,40,84.82,62.09,2483.73,7,7,7.14,1,2108.05833333333,6310.57916666667,37.9166666666667,37.9166666666667,1173.61111111111
266,1258.67,1294.66,2,2,58.67,94.66,155,138.63,85.63,13271.98,20,12,14.05,1.67,7012.74166666667,6182.20416666667,108.333333333333,65,4547.74305555556
267,1264.83,844.35,2,1,64.83,244.35,54,131.29,69.92,3775.92,8,14,8.29,1.75,4573.5625,6148.8375,75.8333333333333,43.3333333333333,1584.375
268,1262.09,1129.09,2,1,62.09,529.09,22,81,58.53,1287.6,5,5,5.29,1,6115.90416666667,6163.67916666667,27.0833333333333,27.0833333333333,645.486111111111
269,1265.97,817.12,2,1,65.97,217.12,66,94.53,64.84,4279.61,12,11,9.17,1.09,4426.06666666667,6142.6625,65,59.5833333333333,1936.45833333333
270,1264.45,1366.27,2,2,64.45,166.27,22,115.94,70.83,1558.35,4,8,5.29,2,7400.62916666667,6150.89583333333,43.3333333333333,21.6666666666667,645.486111111111
271,1320.15,968.62,2,1,120.15,368.62,5143,215.47,181.65,934230.94,80,85,80.92,1.06,5246.69166666667,5849.1875,460.416666666667,433.333333333333,150897.048611111
272,1281.4,356.65,2,0,81.4,356.65,20,86.35,62.29,1245.82,8,4,5.05,2,1931.85416666667,6059.08333333333,43.3333333333333,21.6666666666667,586.805555555556
273,1288.5,1021.92,2,1,88.5,421.92,26,84.22,64.05,1665.25,7,6,5.75,1.17,5535.4,6020.625,37.9166666666667,32.5,762.847222222222
274,1296.21,2166.75,2,3,96.21,366.75,24,115.81,76.56,1837.52,6,5,5.53,1.2,11736.5625,5978.8625,32.5,27.0833333333333,704.166666666667
275,1298.77,1358.77,2,2,98.77,158.77,22,126.24,89.5,1968.9,5,5,5.29,1,7360.00416666667,5964.99583333333,27.0833333333333,27.0833333333333,645.486111111111
276,1300.85,15.42,2,0,100.85,15.42,26,102.89,72.82,1893.32,6,6,5.75,1,83.525,5953.72916666667,32.5,32.5,762.847222222222
277,1304.04,1173.23,2,1,104.04,573.23,26,75.92,54.17,1408.38,8,7,5.75,1.14,6354.99583333333,5936.45,43.3333333333333,37.9166666666667,762.847222222222
278,1307.88,222.07,2,0,107.88,222.07,56,111.15,64.42,3607.48,10,11,8.44,1.1,1202.87916666667,5915.65,59.5833333333333,54.1666666666667,1643.05555555556
279,1308.31,517.14,2,0,108.31,517.14,35,115.95,74.64,2612.47,8,8,6.68,1,2801.175,5913.32083333333,43.3333333333333,43.3333333333333,1026.90972222222
280,1324.59,1669.57,2,2,124.59,469.57,181,159.43,86.39,15636.38,19,32,15.18,1.68,9043.50416666667,5825.1375,173.333333333333,102.916666666667,5310.59027777778
281,1310.47,1998.39,2,3,110.47,198.39,36,103.63,70.73,2546.12,7,7,6.77,1,10824.6125,5901.62083333333,37.9166666666667,37.9166666666667,1056.25
282,1314,899.62,2,1,114,299.62,29,93.77,67.93,1969.83,7,5,6.08,1.4,4872.94166666667,5882.5,37.9166666666667,27.0833333333333,850.868055555556
283,1320.5,879.71,2,1,120.5,279.71,28,83.91,63.01,1764.29,7,7,5.97,1,4765.09583333333,5847.29166666667,37.9166666666667,37.9166666666667,821.527777777778
284,1325.57,183.22,2,0,125.57,183.22,23,173.69,104.05,2393.07,4,8,5.41,2,992.441666666667,5819.82916666667,43.3333333333333,21.6666666666667,674.826388888889
285,1335.02,818.07,2,1,135.02,218.07,42,88.96,62.89,2641.2,10,9,7.31,1.11,4431.2125,5768.64166666667,54.1666666666667,48.75,1232.29166666667
286,1341.41,119.5,2,0,141.41,119.5,110,188.61,119.58,13154.34,14,12,11.83,1.17,647.291666666667,5734.02916666667,75.8333333333333,65,3227.43055555556
287,1337.65,311.82,2,0,137.65,311.82,40,88.44,66.03,2641.2,7,7,7.14,1,1689.025,5754.39583333333,37.9166666666667,37.9166666666667,1173.61111111111
288,1355.52,1388.4,2,2,155.52,188.4,155,138.31,81.53,12636.94,18,16,14.05,1.12,7520.5,5657.6,97.5,86.6666666666667,4547.74305555556
289,1356.54,1402.8,2,2,156.54,202.8,35,113.64,74.04,2591.24,7,6,6.68,1.17,7598.5,5652.075,37.9166666666667,32.5,1026.90972222222
290,1360.21,535.25,2,0,160.21,535.25,28,81.38,58.25,1630.9,6,7,5.97,1.17,2899.27083333333,5632.19583333333,37.9166666666667,32.5,821.527777777778
291,1360.86,1190.44,2,1,160.86,590.44,66,84.75,60.05,3963.26,10,10,9.17,1,6448.21666666667,5628.675,54.1666666666667,54.1666666666667,1936.45833333333
292,1360.23,703.03,2,1,160.23,103.03,30,95,74.72,2241.67,7,6,6.18,1.17,3808.07916666667,5632.0875,37.9166666666667,32.5,880.208333333333
293,1362.59,1348.05,2,2,162.59,148.05,22,138.66,92.92,2044.35,5,6,5.29,1.2,7301.9375,5619.30416666667,32.5,27.0833333333333,645.486111111111
294,1365.1,469.95,2,0,165.1,469.95,20,82.93,63.35,1266.99,5,5,5.05,1,2545.5625,5605.70833333333,27.0833333333333,27.0833333333333,586.805555555556
295,1373.14,898,2,1,173.14,298,21,133.27,89.1,1871.19,5,5,5.17,1,4864.16666666667,5562.15833333333,27.0833333333333,27.0833333333333,616.145833333333
296,1380.9,786.1,2,1,180.9,186.1,126,203.98,132.94,16750.26,13,13,12.67,1,4258.04166666667,5520.125,70.4166666666667,70.4166666666667,3696.875
297,1378.21,1086,2,1,178.21,486,29,149.56,96.28,2792.19,5,7,6.08,1.4,5882.5,5534.69583333333,37.9166666666667,27.0833333333333,850.868055555556
298,1377.54,2269.08,2,3,177.54,469.08,24,83.55,69.05,1657.12,5,6,5.53,1.2,12290.85,5538.325,32.5,27.0833333333333,704.166666666667
299,1381.26,1420.63,2,2,181.26,220.63,35,97.68,71.53,2503.5,6,8,6.68,1.33,7695.07916666667,5518.175,43.3333333333333,32.5,1026.90972222222
300,1393.1,268.76,2,0,193.1,268.76,42,131.79,79.35,3332.63,6,8,7.31,1.33,1455.78333333333,5454.04166666667,43.3333333333333,32.5,1232.29166666667
301,1394.78,1293.96,2,2,194.78,93.96,23,82.77,67.89,1561.42,5,6,5.41,1.2,7008.95,5444.94166666667,32.5,27.0833333333333,674.826388888889
302,1394.62,2242.72,2,3,194.62,442.72,32,90.53,69.71,2230.77,7,6,6.38,1.17,12148.0666666667,5445.80833333333,37.9166666666667,32.5,938.888888888889
303,1400.27,385.15,2,0,200.27,385.15,67,157.94,97.23,6514.11,9,12,9.24,1.33,2086.22916666667,5415.20416666667,65,48.75,1965.79861111111
304,1408.8,182.88,2,0,208.8,182.88,25,85.48,67.59,1689.68,7,5,5.64,1.4,990.6,5369,37.9166666666667,27.0833333333333,733.506944444445
305,1412.8,300.45,2,0,212.8,300.45,20,143.96,90.81,1816.22,6,5,5.05,1.2,1627.4375,5347.33333333333,32.5,27.0833333333333,586.805555555556
306,1415.04,593.88,2,0,215.04,593.88,25,75.25,54.48,1362.09,5,7,5.64,1.4,3216.85,5335.2,37.9166666666667,27.0833333333333,733.506944444445
307,1417.11,311.97,2,0,217.11,311.97,37,89.07,65.64,2428.53,6,9,6.86,1.5,1689.8375,5323.9875,48.75,32.5,1085.59027777778
308,1420.26,1560.65,2,2,220.26,360.65,23,79.26,64.72,1488.47,6,5,5.41,1.2,8453.52083333333,5306.925,32.5,27.0833333333333,674.826388888889
309,1425.36,2159.55,2,3,225.36,359.55,22,93.1,71.74,1578.32,6,5,5.29,1.2,11697.5625,5279.3,32.5,27.0833333333333,645.486111111111
310,1431.1,1556.53,2,2,231.1,356.53,146,201.3,133.46,19485.37,12,16,13.63,1.33,8431.20416666667,5248.20833333333,86.6666666666667,65,4283.68055555556
311,1432.29,128.48,2,0,232.29,128.48,48,94.92,69.52,3337.18,9,8,7.82,1.12,695.933333333333,5241.7625,48.75,43.3333333333333,1408.33333333333
312,1431,2379.12,2,3,231,579.12,24,116.54,78.6,1886.39,6,5,5.53,1.2,12886.9,5248.75,32.5,27.0833333333333,704.166666666667
313,1440.97,1304.73,2,2,240.97,104.73,30,136.48,96.2,2886.01,7,5,6.18,1.4,7067.2875,5194.74583333333,37.9166666666667,27.0833333333333,880.208333333333
314,1443.74,1642.7,2,2,243.74,442.7,23,90.91,66.45,1528.32,5,6,5.41,1.2,8897.95833333333,5179.74166666667,32.5,27.0833333333333,674.826388888889
315,1444.85,885.65,2,1,244.85,285.65,40,155.18,85.28,3411.25,9,7,7.14,1.29,4797.27083333333,5173.72916666667,48.75,37.9166666666667,1173.61111111111
316,1458.21,653.63,2,1,258.21,53.63,196,206.72,123.13,24133.15,14,27,15.8,1.93,3540.49583333333,5101.3625,146.25,75.8333333333333,5750.69444444445
317,1457.64,501.11,2,0,257.64,501.11,83,134.11,75.95,6304.26,12,10,10.28,1.2,2714.34583333333,5104.45,65,54.1666666666667,2435.24305555556
318,1459.11,378.93,2,0,259.11,378.93,28,91.07,65.66,1838.46,7,7,5.97,1,2052.5375,5096.4875,37.9166666666667,37.9166666666667,821.527777777778
319,1462.35,866.19,2,1,262.35,266.19,31,88.7,60.29,1869,7,6,6.28,1.17,4691.8625,5078.9375,37.9166666666667,32.5,909.548611111111
320,1469.24,2285.3,2,3,269.24,485.3,37,125.63,82.19,3040.96,8,6,6.86,1.33,12378.7083333333,5041.61666666667,43.3333333333333,32.5,1085.59027777778
321,1474.32,279.95,2,0,274.32,279.95,22,116.38,79.03,1738.6,5,6,5.29,1.2,1516.39583333333,5014.1,32.5,27.0833333333333,645.486111111111
322,1477.21,215.61,2,0,277.21,215.61,28,134.62,80.83,2263.17,5,8,5.97,1.6,1167.8875,4998.44583333333,43.3333333333333,27.0833333333333,821.527777777778
323,1479.32,1349.5,2,2,279.32,149.5,28,94.95,66.77,1869.46,6,7,5.97,1.17,7309.79166666667,4987.01666666667,37.9166666666667,32.5,821.527777777778
324,1479.69,851.73,2,1,279.69,251.73,62,153.13,94.75,5874.37,12,7,8.88,1.71,4613.5375,4985.0125,65,37.9166666666667,1819.09722222222
325,1484.17,85.76,2,0,284.17,85.76,183,137.15,81.05,14832.17,21,13,15.26,1.62,464.533333333333,4960.74583333333,113.75,70.4166666666667,5369.27083333333
326,1482.23,1181.08,2,1,282.23,581.08,26,68.21,55.9,1453.47,7,5,5.75,1.4,6397.51666666667,4971.25416666667,37.9166666666667,27.0833333333333,762.847222222222
327,1482.85,2156.65,2,3,282.85,356.65,34,103.33,67.1,2281.32,8,6,6.58,1.33,11681.8541666667,4967.89583333333,43.3333333333333,32.5,997.569444444445
328,1488.95,205.73,2,0,288.95,205.73,60,113.08,76.65,4598.99,7,12,8.74,1.71,1114.37083333333,4934.85416666667,65,37.9166666666667,1760.41666666667
329,1486.6,1165.64,2,1,286.6,565.64,25,102.93,66.02,1650.62,8,4,5.64,2,6313.88333333333,4947.58333333333,43.3333333333333,21.6666666666667,733.506944444445
330,1489.88,265.26,2,0,289.88,265.26,34,123.96,82.5,2805.12,7,7,6.58,1,1436.825,4929.81666666667,37.9166666666667,37.9166666666667,997.569444444445
331,1496.59,350.92,2,0,296.59,350.92,381,130.35,70.42,26828.88,86,18,22.03,4.78,1900.81666666667,4893.47083333333,465.833333333333,97.5,11178.6458333333
332,1495.5,948.5,2,1,295.5,348.5,22,75.01,60.8,1337.68,4,6,5.29,1.5,5137.70833333333,4899.375,32.5,21.6666666666667,645.486111111111
333,1500.87,922.13,2,1,300.87,322.13,23,82.05,58.34,1341.71,6,5,5.41,1.2,4994.87083333333,4870.2875,32.5,27.0833333333333,674.826388888889
334,1502.73,2174.95,2,3,302.73,374.95,22,148.77,97.12,2136.56,7,5,5.29,1.4,11780.9791666667,4860.2125,37.9166666666667,27.0833333333333,645.486111111111
335,1506.82,400.97,2,0,306.82,400.97,34,52.74,42.48,1444.36,7,11,6.58,1.57,2171.92083333333,4838.05833333333,59.5833333333333,37.9166666666667,997.569444444445
336,1508.85,395.75,2,0,308.85,395.75,40,48.06,40.73,1629.21,10,11,7.14,1.1,2143.64583333333,4827.0625,59.5833333333333,54.1666666666667,1173.61111111111
337,1509.21,653.07,2,1,309.21,53.07,43,101.45,67.83,2916.68,8,7,7.4,1.14,3537.4625,4825.1125,43.3333333333333,37.9166666666667,1261.63194444444
338,1515.29,436.06,2,0,315.29,436.06,31,135.53,80.41,2492.79,6,7,6.28,1.17,2361.99166666667,4792.17916666667,37.9166666666667,32.5,909.548611111111
339,1518.9,1398.59,2,2,318.9,198.59,59,132.71,81.47,4806.58,11,8,8.67,1.38,7575.69583333333,4772.625,59.5833333333333,43.3333333333333,1731.07638888889
340,1521.62,1280.71,2,2,321.62,80.71,24,104.2,83.88,2013.04,5,6,5.53,1.2,6937.17916666667,4757.89166666667,32.5,27.0833333333333,704.166666666667
341,1529.5,1031.35,2,1,329.5,431.35,54,98.18,71.51,3861.68,9,8,8.29,1.12,5586.47916666667,4715.20833333333,48.75,43.3333333333333,1584.375
342,1529.25,407.38,2,0,329.25,407.38,24,138.34,81.63,1959.16,7,5,5.53,1.4,2206.64166666667,4716.5625,37.9166666666667,27.0833333333333,704.166666666667
343,1537.79,596.64,2,0,337.79,596.64,200,191.65,117.11,23421.54,18,18,15.96,1,3231.8,4670.30416666667,97.5,97.5,5868.05555555556
344,1546.98,422.07,2,0,346.98,422.07,419,141.78,82.16,34423.47,83,28,23.1,2.96,2286.2125,4620.525,449.583333333333,151.666666666667,12293.5763888889
345,1537.39,474.44,2,0,337.39,474.44,71,164.67,92.65,6578.15,10,10,9.51,1,2569.88333333333,4672.47083333333,54.1666666666667,54.1666666666667,2083.15972222222
346,1547.91,943.91,2,1,347.91,343.91,293,218.93,146.81,43014.59,25,16,19.31,1.56,5112.84583333333,4615.4875,135.416666666667,86.6666666666667,8596.70138888889
347,1550.95,537.55,2,0,350.95,537.55,22,60.71,49.92,1098.25,9,11,5.29,1.22,2911.72916666667,4599.02083333333,59.5833333333333,48.75,645.486111111111
348,1550.19,674,2,1,350.19,74,26,131.24,84.47,2196.25,5,7,5.75,1.4,3650.83333333333,4603.1375,37.9166666666667,27.0833333333333,762.847222222222
349,1553.4,856.63,2,1,353.4,256.63,89,128.65,72.35,6438.74,10,13,10.65,1.3,4640.07916666667,4585.75,70.4166666666667,54.1666666666667,2611.28472222222
350,1553,699.5,2,1,353,99.5,34,111.95,77.16,2623.59,6,7,6.58,1.17,3788.95833333333,4587.91666666667,37.9166666666667,32.5,997.569444444445
351,1553.75,1871.68,2,3,353.75,71.68,28,112.34,78.73,2204.53,6,6,5.97,1,10138.2666666667,4583.85416666667,32.5,32.5,821.527777777778
352,1559.28,2123.1,2,3,359.28,323.1,58,142.1,76.79,4453.94,10,8,8.59,1.25,11500.125,4553.9,54.1666666666667,43.3333333333333,1701.73611111111
353,1558.77,902.73,2,1,358.77,302.73,26,101.11,68.89,1791.07,7,5,5.75,1.4,4889.7875,4556.6625,37.9166666666667,27.0833333333333,762.847222222222
354,1567.14,2153.82,2,3,367.14,353.82,297,208.69,138.1,41016.25,23,21,19.45,1.1,11666.525,4511.325,124.583333333333,113.75,8714.0625
355,1568.75,965.31,2,1,368.75,365.31,159,190.94,96.21,15297.67,10,22,14.23,2.2,5228.7625,4502.60416666667,119.166666666667,54.1666666666667,4665.10416666667
356,1565.04,1887.71,2,3,365.04,87.71,24,110.15,76.31,1831.39,5,7,5.53,1.4,10225.0958333333,4522.7,37.9166666666667,27.0833333333333,704.166666666667
357,1618.8,1047.35,2,1,418.8,447.35,5496,218.88,166.22,913536.24,99,117,83.65,1.18,5673.14583333333,4231.5,633.75,536.25,161254.166666667
358,1570.7,632.05,2,1,370.7,32.05,20,99.03,66.13,1322.52,5,7,5.05,1.4,3423.60416666667,4492.04166666667,37.9166666666667,27.0833333333333,586.805555555556
359,1572.14,661.34,2,1,372.14,61.34,35,104.98,78.59,2750.78,7,7,6.68,1,3582.25833333333,4484.24166666666,37.9166666666667,37.9166666666667,1026.90972222222
360,1582.51,1098.67,2,1,382.51,498.67,39,165.75,97.42,3799.35,6,8,7.05,1.33,5951.12916666667,4428.07083333333,43.3333333333333,32.5,1144.27083333333
361,1583.5,1292.5,2,2,383.5,92.5,32,142.66,86.13,2756.09,6,6,6.38,1,7001.04166666667,4422.70833333333,32.5,32.5,938.888888888889
362,1586.5,890.42,2,1,386.5,290.42,24,98.22,66.61,1598.57,5,6,5.53,1.2,4823.10833333333,4406.45833333333,32.5,27.0833333333333,704.166666666667
363,1586.43,1426.57,2,2,386.43,226.57,21,86.43,61.58,1293.08,6,4,5.17,1.5,7727.25416666667,4406.8375,32.5,21.6666666666667,616.145833333333
364,1594.88,1487.97,2,2,394.88,287.97,33,104,78.06,2576.13,7,7,6.48,1,8059.8375,4361.06666666667,37.9166666666667,37.9166666666667,968.229166666667
365,1598.18,1853.64,2,3,398.18,53.64,33,117.22,85.3,2815.01,6,7,6.48,1.17,10040.55,4343.19166666667,37.9166666666667,32.5,968.229166666667
366,1598.78,72.11,2,0,398.78,72.11,27,111.94,76.35,2061.57,7,5,5.86,1.4,390.595833333333,4339.94166666667,37.9166666666667,27.0833333333333,792.1875
367,1599.44,887.69,2,1,399.44,287.69,32,118.28,75.57,2418.35,10,5,6.38,2,4808.32083333333,4336.36666666667,54.1666666666667,27.0833333333333,938.888888888889
368,1617.65,1126.94,2,1,417.65,526.94,34,86.82,67.94,2309.98,7,6,6.58,1.17,6104.25833333333,4237.72916666667,37.9166666666667,32.5,997.569444444445
369,1619.06,678.38,2,1,419.06,78.38,32,153.42,96.71,3094.67,6,7,6.38,1.17,3674.55833333333,4230.09166666667,37.9166666666667,32.5,938.888888888889
370,1621.37,685.5,2,1,421.37,85.5,30,133.48,83.59,2507.85,8,6,6.18,1.33,3713.125,4217.57916666667,43.3333333333333,32.5,880.208333333333
371,1629.19,389.25,2,0,429.19,389.25,32,156.23,89.6,2867.08,7,6,6.38,1.17,2108.4375,4175.22083333333,37.9166666666667,32.5,938.888888888889
372,1633.82,247,2,0,433.82,247,38,166.6,106.73,4055.78,7,7,6.96,1,1337.91666666667,4150.14166666667,37.9166666666667,37.9166666666667,1114.93055555556
373,1648.34,1019.63,2,1,448.34,419.63,35,85.51,65.45,2290.78,6,8,6.68,1.33,5522.99583333333,4071.49166666667,43.3333333333333,32.5,1026.90972222222
374,1650.68,507.95,2,0,450.68,507.95,22,72.68,54.11,1190.4,11,7,5.29,1.57,2751.39583333333,4058.81666666667,59.5833333333333,37.9166666666667,645.486111111111
375,1665.54,1117.12,2,1,465.54,517.12,67,204.76,133.07,8915.7,9,11,9.24,1.22,6051.06666666667,3978.325,59.5833333333333,48.75,1965.79861111111
376,1682.32,508.15,2,0,482.32,508.15,544,211.34,150.29,81756.27,28,30,26.32,1.07,2752.47916666667,3887.43333333333,162.5,151.666666666667,15961.1111111111
377,1671.56,1859.41,2,3,471.56,59.41,32,142.73,85.56,2737.97,7,7,6.38,1,10071.8041666667,3945.71666666667,37.9166666666667,37.9166666666667,938.888888888889
378,1670.77,1106.23,2,1,470.77,506.23,26,110.1,64.69,1682.03,7,5,5.75,1.4,5992.07916666667,3949.99583333333,37.9166666666667,27.0833333333333,762.847222222222
379,1673.69,2085.76,2,3,473.69,285.76,29,93.93,77.11,2236.07,8,5,6.08,1.6,11297.8666666667,3934.17916666666,43.3333333333333,27.0833333333333,850.868055555556
380,1683.55,1711.97,2,2,483.55,511.97,33,94.01,66.17,2183.57,7,8,6.48,1.14,9273.17083333333,3880.77083333333,43.3333333333333,37.9166666666667,968.229166666667
381,1687.89,289.29,2,0,487.89,289.29,28,133.27,84.76,2373.37,6,7,5.97,1.17,1566.9875,3857.2625,37.9166666666667,32.5,821.527777777778
382,1691.99,572.88,2,0,491.99,572.88,142,203.09,129.45,18382.35,17,13,13.45,1.31,3103.1,3835.05416666667,92.0833333333333,70.4166666666667,4166.31944444445
383,1692.65,338.25,2,0,492.65,338.25,57,100.02,73.52,4190.89,10,12,8.52,1.2,1832.1875,3831.47916666667,65,54.1666666666667,1672.39583333333
384,1691.65,534.91,2,0,491.65,534.91,54,166.84,94,5075.89,7,9,8.29,1.29,2897.42916666667,3836.89583333333,48.75,37.9166666666667,1584.375
385,1698.43,1942.68,2,3,498.43,142.68,174,182.06,117,20357.64,13,20,14.88,1.54,10522.85,3800.17083333333,108.333333333333,70.4166666666667,5105.20833333333
386,1702.21,471.67,2,0,502.21,471.67,24,116.53,82.64,1983.26,6,5,5.53,1.2,2554.87916666667,3779.69583333333,32.5,27.0833333333333,704.166666666667
387,1701.33,541.05,2,0,501.33,541.05,21,108.35,73.12,1535.58,8,4,5.17,2,2930.6875,3784.4625,43.3333333333333,21.6666666666667,616.145833333333
388,1708.09,631.54,2,1,508.09,31.54,35,139.29,90.38,3163.4,6,7,6.68,1.17,3420.84166666667,3747.84583333333,37.9166666666667,32.5,1026.90972222222
389,1716.44,464.54,2,0,516.44,464.54,52,155.7,88.34,4593.57,11,10,8.14,1.1,2516.25833333333,3702.61666666666,59.5833333333333,54.1666666666667,1525.69444444444
390,1720.19,939.03,2,1,520.19,339.03,31,98.62,75.43,2338.46,7,6,6.28,1.17,5086.4125,3682.30416666666,37.9166666666667,32.5,909.548611111111
391,1725.19,1392.24,2,2,525.19,192.24,21,105.79,76.26,1601.36,7,4,5.17,1.75,7541.3,3655.22083333333,37.9166666666667,21.6666666666667,616.145833333333
392,1739.14,1955.59,2,3,539.14,155.59,29,116.61,76.89,2229.94,6,6,6.08,1,10592.7791666667,3579.65833333333,32.5,32.5,850.868055555556
393,1759.57,2244.51,2,3,559.57,444.51,35,116.81,78.9,2761.54,8,7,6.68,1.14,12157.7625,3468.99583333333,43.3333333333333,37.9166666666667,1026.90972222222
394,1766.3,782.14,2,1,566.3,182.14,69,127.19,79.15,5461.27,9,12,9.37,1.33,4236.59166666667,3432.54166666667,65,48.75,2024.47916666667
395,1776.07,1712.66,2,2,576.07,512.66,29,97.35,63.67,1846.44,6,7,6.08,1.17,9276.90833333333,3379.62083333333,37.9166666666667,32.5,850.868055555556
396,1788.86,224,2,0,588.86,224,21,123.39,76.44,1605.33,5,5,5.17,1,1213.33333333333,3310.34166666667,27.0833333333333,27.0833333333333,616.145833333333
397,1795.55,1566.2,2,2,595.55,366.2,66,113.86,72.99,4817.54,10,9,9.17,1.11,8483.58333333333,3274.10416666667,54.1666666666667,48.75,1936.45833333333
398,1861.3,828.83,3,1,61.3,228.83,3613,220.35,154.73,559054.24,81,117,67.82,1.44,4489.49583333333,2917.95833333333,633.75,438.75,106006.423611111
399,1811.02,213.87,3,0,11.02,213.87,60,97.57,68.03,4082.03,9,9,8.74,1,1158.4625,3190.30833333333,48.75,48.75,1760.41666666667
400,1815.48,918.81,3,1,15.48,318.81,42,98.57,68,2856.11,9,6,7.31,1.5,4976.8875,3166.15,48.75,32.5,1232.29166666667
401,1816.83,782.5,3,1,16.83,182.5,24,94.39,71.62,1718.98,5,7,5.53,1.4,4238.54166666667,3158.8375,37.9166666666667,27.0833333333333,704.166666666667
402,1817.33,1534.63,3,2,17.33,334.63,30,99.02,67.71,2031.25,6,6,6.18,1,8312.57916666667,3156.12916666667,32.5,32.5,880.208333333333
403,1824.04,2000.43,3,3,24.04,200.43,23,91.6,63.35,1456.96,6,6,5.41,1,10835.6625,3119.78333333333,32.5,32.5,674.826388888889
404,1824.57,956.91,3,1,24.57,356.91,23,80.12,60.43,1389.84,7,4,5.41,1.75,5183.2625,3116.9125,37.9166666666667,21.6666666666667,674.826388888889
405,1825.81,662.95,3,1,25.81,62.95,21,91.49,66.78,1402.38,5,5,5.17,1,3590.97916666667,3110.19583333333,27.0833333333333,27.0833333333333,616.145833333333
406,1838.12,1408.31,3,2,38.12,208.31,26,91.69,73.48,1910.45,6,5,5.75,1.2,7628.34583333333,3043.51666666667,32.5,27.0833333333333,762.847222222222
407,1854.91,2186.09,3,3,54.91,386.09,22,83.8,66.69,1467.18,5,5,5.29,1,11841.3208333333,2952.57083333333,27.0833333333333,27.0833333333333,645.486111111111
408,1859.63,580.28,3,0,59.63,580.28,60,85.19,57.61,3456.37,9,10,8.74,1.11,3143.18333333333,2927.00416666667,54.1666666666667,48.75,1760.41666666667
409,1857.08,1889.24,3,3,57.08,89.24,25,156.23,93.13,2328.32,8,5,5.64,1.6,10233.3833333333,2940.81666666667,43.3333333333333,27.0833333333333,733.506944444445
410,1861.75,1089.15,3,1,61.75,489.15,20,86.16,65.72,1314.31,6,4,5.05,1.5,5899.5625,2915.52083333333,32.5,21.6666666666667,586.805555555556
411,1877.15,444.46,3,0,77.15,444.46,26,99.71,68.66,1785.04,8,5,5.75,1.6,2407.49166666667,2832.10416666667,43.3333333333333,27.0833333333333,762.847222222222
412,1908.96,1573.12,3,2,108.96,373.12,834,218.2,98.1,81815.58,106,47,32.59,2.26,8521.06666666667,2659.8,574.166666666667,254.583333333333,24469.7916666667
413,1889.2,1670.27,3,2,89.2,470.27,41,123.8,75.57,3098.51,7,8,7.23,1.14,9047.29583333333,2766.83333333333,43.3333333333333,37.9166666666667,1202.95138888889
414,1898.29,594.96,3,0,98.29,594.96,68,134.72,76.95,5232.33,12,9,9.3,1.33,3222.7,2717.59583333333,65,48.75,1995.13888888889
415,1904.46,620.64,3,1,104.46,20.64,28,127.66,85.63,2397.51,8,5,5.97,1.6,3361.8,2684.175,43.3333333333333,27.0833333333333,821.527777777778
416,1906.18,2053.8,3,3,106.18,253.8,55,141.33,82.41,4532.61,7,10,8.37,1.43,11124.75,2674.85833333333,54.1666666666667,37.9166666666667,1613.71527777778
417,1907.12,1930.25,3,3,107.12,130.25,48,204.01,127.79,6134,10,6,7.82,1.67,10455.5208333333,2669.76666666667,54.1666666666667,32.5,1408.33333333333
418,1909.73,650.13,3,1,109.73,50.13,30,100.73,72.81,2184.35,7,6,6.18,1.17,3521.5375,2655.62916666667,37.9166666666667,32.5,880.208333333333
419,1941.18,516.73,3,0,141.18,516.73,22,71.88,56.51,1243.22,6,5,5.29,1.2,2798.95416666667,2485.275,32.5,27.0833333333333,645.486111111111
420,1942.7,1135.9,3,1,142.7,535.9,30,90.15,70.09,2102.78,7,6,6.18,1.17,6152.79166666667,2477.04166666667,37.9166666666667,32.5,880.208333333333
421,1953,1120.76,3,1,153,520.76,38,153.72,97.62,3709.38,8,7,6.96,1.14,6070.78333333333,2421.25,43.3333333333333,37.9166666666667,1114.93055555556
422,1952.68,1622.79,3,2,152.68,422.79,38,140.43,85.41,3245.54,9,6,6.96,1.5,8790.1125,2422.98333333333,48.75,32.5,1114.93055555556
423,1965.1,441.25,3,0,165.1,441.25,117,151.97,96,11231.61,9,17,12.21,1.89,2390.10416666667,2355.70833333333,92.0833333333333,48.75,3432.8125
424,1966.52,458.51,3,0,166.52,458.51,79,138.77,83.29,6579.82,9,12,10.03,1.33,2483.59583333333,2348.01666666667,65,48.75,2317.88194444444
425,1970.86,1349.8,3,2,170.86,149.8,347,201.57,127.78,44340.85,36,15,21.02,2.4,7311.41666666667,2324.50833333333,195,81.25,10181.0763888889
426,1967.59,1993.19,3,3,167.59,193.19,32,113.26,71.86,2299.5,8,6,6.38,1.33,10796.4458333333,2342.22083333333,43.3333333333333,32.5,938.888888888889
427,1983.16,411.7,3,0,183.16,411.7,37,84.47,62.25,2303.34,8,6,6.86,1.33,2230.04166666667,2257.88333333333,43.3333333333333,32.5,1085.59027777778
428,1984.38,1432.1,3,2,184.38,232.1,39,205.3,121.43,4735.7,7,7,7.05,1,7757.20833333333,2251.275,37.9166666666667,37.9166666666667,1144.27083333333
429,1984.35,1193.94,3,1,184.35,593.94,34,128.03,85.14,2894.83,7,6,6.58,1.17,6467.175,2251.4375,37.9166666666667,32.5,997.569444444445
430,1987.47,358.34,3,0,187.47,358.34,32,150.79,82.05,2625.66,8,6,6.38,1.33,1941.00833333333,2234.5375,43.3333333333333,32.5,938.888888888889
431,1987.64,563.18,3,0,187.64,563.18,28,79.1,54.99,1539.65,10,5,5.97,2,3050.55833333333,2233.61666666666,54.1666666666667,27.0833333333333,821.527777777778
432,1991.69,1197.04,3,1,191.69,597.04,26,141.8,96.15,2499.96,5,6,5.75,1.2,6483.96666666667,2211.67916666666,32.5,27.0833333333333,762.847222222222
433,2002.28,1348.08,3,2,202.28,148.08,25,174.12,106.81,2670.24,5,6,5.64,1.2,7302.1,2154.31666666667,32.5,27.0833333333333,733.506944444445
434,2002.68,494.06,3,0,202.68,494.06,31,83.28,58.58,1815.98,10,5,6.28,2,2676.15833333333,2152.15,54.1666666666667,27.0833333333333,909.548611111111
435,2013.82,623.36,3,1,213.82,23.36,28,74.18,55.7,1559.72,6,6,5.97,1,3376.53333333333,2091.80833333333,32.5,32.5,821.527777777778
436,2014.74,1040.22,3,1,214.74,440.22,27,93.81,66.65,1799.61,7,5,5.86,1.4,5634.525,2086.825,37.9166666666667,27.0833333333333,792.1875
437,2023.62,913.25,3,1,223.62,313.25,48,109.86,71.23,3419.26,11,9,7.82,1.22,4946.77083333333,2038.725,59.5833333333333,48.75,1408.33333333333
438,2039.66,611.38,3,1,239.66,11.38,32,154.08,105.05,3361.58,6,6,6.38,1,3311.64166666667,1951.84166666667,32.5,32.5,938.888888888889
439,2043.35,1363.95,3,2,243.35,163.95,75,175.63,127.66,9574.69,12,10,9.77,1.2,7388.0625,1931.85416666667,65,54.1666666666667,2200.52083333333
440,2043.66,2028.2,3,3,243.66,228.2,41,145.04,92.15,3778.08,8,8,7.23,1,10986.0833333333,1930.175,43.3333333333333,43.3333333333333,1202.95138888889
441,2046.55,990.59,3,1,246.55,390.59,29,85.04,63.69,1847,8,6,6.08,1.33,5365.69583333333,1914.52083333333,43.3333333333333,32.5,850.868055555556
442,2052.45,1556.87,3,2,252.45,356.87,31,164.64,100.89,3127.68,5,8,6.28,1.6,8433.04583333333,1882.5625,43.3333333333333,27.0833333333333,909.548611111111
443,2055.11,1468.71,3,2,255.11,268.71,150,168.34,90.73,13609.51,33,12,13.82,2.75,7955.5125,1868.15416666667,178.75,65,4401.04166666667
444,2054.33,1509.12,3,2,254.33,309.12,24,149.07,99.28,2382.65,5,6,5.53,1.2,8174.4,1872.37916666667,32.5,27.0833333333333,704.166666666667
445,2073.87,1108.26,3,1,273.87,508.26,1900,220.59,155.97,296352.16,75,38,49.18,1.97,6003.075,1766.5375,406.25,205.833333333333,55746.5277777778
446,2064.32,1945.49,3,3,264.32,145.49,136,183.49,116.14,15794.38,16,16,13.16,1,10538.0708333333,1818.26666666666,86.6666666666667,86.6666666666667,3990.27777777778
447,2062.68,1513.4,3,2,262.68,313.4,40,195.06,131.17,5246.64,9,6,7.14,1.5,8197.58333333333,1827.15,48.75,32.5,1173.61111111111
448,2063.87,1050.83,3,1,263.87,450.83,23,82.99,58.7,1350.15,5,6,5.41,1.2,5691.99583333333,1820.70416666667,32.5,27.0833333333333,674.826388888889
449,2064.52,1879.37,3,3,264.52,79.37,27,116.67,79.05,2134.46,8,4,5.86,2,10179.9208333333,1817.18333333333,43.3333333333333,21.6666666666667,792.1875
450,2067.47,1024.38,3,1,267.47,424.38,47,103.73,70.71,3323.46,9,8,7.74,1.12,5548.725,1801.20416666667,48.75,43.3333333333333,1378.99305555556
451,2066.81,456.19,3,0,266.81,456.19,21,82.99,64.96,1364.06,6,5,5.17,1.2,2471.02916666667,1804.77916666667,32.5,27.0833333333333,616.145833333333
452,2074.39,824.5,3,1,274.39,224.5,106,191.85,85.69,9082.88,15,13,11.62,1.15,4466.04166666667,1763.72083333333,81.25,70.4166666666667,3110.06944444444
453,2079.07,1610.25,3,2,279.07,410.25,28,88.71,65.04,1821.02,6,7,5.97,1.17,8722.1875,1738.37083333333,37.9166666666667,32.5,821.527777777778
454,2082.43,1072.71,3,1,282.43,472.71,28,141.7,83.92,2349.67,5,8,5.97,1.6,5810.5125,1720.17083333333,43.3333333333333,27.0833333333333,821.527777777778
455,2082.7,1152.7,3,1,282.7,552.7,33,114.39,72.87,2404.72,6,7,6.48,1.17,6243.79166666667,1718.70833333333,37.9166666666667,32.5,968.229166666667
456,2105.6,1096.61,3,1,305.6,496.61,158,166.31,98.4,15546.54,14,21,14.18,1.5,5939.97083333333,1594.66666666667,113.75,75.8333333333333,4635.76388888889
457,2105.17,1317.24,3,2,305.17,117.24,29,110.55,74.91,2172.37,6,12,6.08,2,7135.05,1596.99583333333,65,32.5,850.868055555556
458,2102.39,503.77,3,0,302.39,503.77,31,134.48,86.93,2694.85,7,6,6.28,1.17,2728.75416666667,1612.05416666667,37.9166666666667,32.5,909.548611111111
459,2106.06,1922.28,3,3,306.06,122.28,72,111.89,78.25,5634.31,13,10,9.57,1.3,10412.35,1592.175,70.4166666666667,54.1666666666667,2112.5
460,2111.07,1355.56,3,2,311.07,155.56,27,112.18,81.06,2188.68,6,7,5.86,1.17,7342.61666666667,1565.0375,37.9166666666667,32.5,792.1875
461,2118.68,969.65,3,1,318.68,369.65,63,149.01,89.87,5661.76,9,10,8.96,1.11,5252.27083333333,1523.81666666667,54.1666666666667,48.75,1848.4375
462,2122.29,1021.74,3,1,322.29,421.74,31,94.55,67.52,2093.07,7,6,6.28,1.17,5534.425,1504.2625,37.9166666666667,32.5,909.548611111111
463,2126.17,460.33,3,0,326.17,460.33,36,101.1,64.31,2315.26,10,5,6.77,2,2493.45416666667,1483.24583333333,54.1666666666667,27.0833333333333,1056.25
464,2127.19,432.47,3,0,327.19,432.47,32,110.82,72.56,2321.85,8,6,6.38,1.33,2342.54583333333,1477.72083333333,43.3333333333333,32.5,938.888888888889
465,2129.88,1136.24,3,1,329.88,536.24,34,91.58,72.76,2473.97,6,7,6.58,1.17,6154.63333333333,1463.15,37.9166666666667,32.5,997.569444444445
466,2140.28,600.59,3,1,340.28,0.59,29,145,80.54,2335.52,7,6,6.08,1.17,3253.19583333333,1406.81666666667,37.9166666666667,32.5,850.868055555556
467,2154.61,1616.15,3,2,354.61,416.15,408,222.4,154.68,63111.27,22,31,22.79,1.41,8754.14583333333,1329.19583333333,167.916666666667,119.166666666667,11970.8333333333
468,2149.69,1005.79,3,1,349.69,405.79,72,164.28,96.97,6981.71,10,14,9.57,1.4,5448.02916666667,1355.84583333333,75.8333333333333,54.1666666666667,2112.5
469,2176.29,442.61,3,0,376.29,442.61,1137,217.36,129.85,147636.78,44,52,38.05,1.18,2397.47083333333,1211.7625,281.666666666667,238.333333333333,33359.8958333333
470,2159.41,1860.41,3,3,359.41,60.41,27,144.4,93.15,2515.12,6,6,5.86,1,10077.2208333333,1303.19583333333,32.5,32.5,792.1875
471,2162.89,1101.11,3,1,362.89,501.11,28,114.54,83.65,2342.27,7,6,5.97,1.17,5964.34583333333,1284.34583333333,37.9166666666667,32.5,821.527777777778
472,2162.44,1439.59,3,2,362.44,239.59,27,104.22,80.03,2160.93,8,4,5.86,2,7797.77916666667,1286.78333333333,43.3333333333333,21.6666666666667,792.1875
473,2167.28,1096.14,3,1,367.28,496.14,36,101.79,68.94,2481.89,8,6,6.77,1.33,5937.425,1260.56666666667,43.3333333333333,32.5,1056.25
474,2171.17,989.75,3,1,371.17,389.75,24,94.91,69.02,1656.41,7,5,5.53,1.4,5361.14583333333,1239.49583333333,37.9166666666667,27.0833333333333,704.166666666667
475,2190.45,1812.75,3,3,390.45,12.75,20,110.12,75.35,1507.06,6,6,5.05,1,9819.0625,1135.0625,32.5,32.5,586.805555555556
476,2192,1396.5,3,2,392,196.5,26,175.19,114.12,2967.03,6,5,5.75,1.2,7564.375,1126.66666666667,32.5,27.0833333333333,762.847222222222
477,2203.93,688.53,3,1,403.93,88.53,30,104.4,67.15,2014.45,8,5,6.18,1.6,3729.5375,1062.04583333333,43.3333333333333,27.0833333333333,880.208333333333
478,2207.06,1373.7,3,2,407.06,173.7,33,138.35,91.87,3031.59,8,6,6.48,1.33,7440.875,1045.09166666667,43.3333333333333,32.5,968.229166666667
479,2221.03,1154.69,3,1,421.03,554.69,32,115.05,78.01,2496.45,6,7,6.38,1.17,6254.57083333333,969.420833333332,37.9166666666667,32.5,938.888888888889
480,2247.61,676.49,3,1,447.61,76.49,449,202.35,99.18,44532.99,39,47,23.91,1.21,3664.32083333333,825.445833333331,254.583333333333,211.25,13173.7847222222
481,2229.74,677.7,3,1,429.74,77.7,47,109.94,76.28,3585.17,7,10,7.74,1.43,3670.875,922.241666666667,54.1666666666667,37.9166666666667,1378.99305555556
482,2232.02,1169.13,3,1,432.02,569.13,53,159.9,103.74,5498.43,11,7,8.21,1.57,6332.7875,909.891666666666,59.5833333333333,37.9166666666667,1555.03472222222
483,2234.77,882.56,3,1,434.77,282.56,39,168.27,105.18,4101.98,6,9,7.05,1.5,4780.53333333333,894.995833333332,48.75,32.5,1144.27083333333
484,2235.77,1590.09,3,2,435.77,390.09,22,86.05,65.34,1437.48,8,5,5.29,1.6,8612.9875,889.579166666666,43.3333333333333,27.0833333333333,645.486111111111
485,2238.45,776.58,3,1,438.45,176.58,31,110.05,73.89,2290.73,6,6,6.28,1,4206.475,875.0625,32.5,32.5,909.548611111111
486,2241.06,982.04,3,1,441.06,382.04,140,183.73,120.07,16809.91,18,14,13.35,1.29,5319.38333333333,860.924999999999,97.5,75.8333333333333,4107.63888888889
487,2240.89,1562.69,3,2,440.89,362.69,55,178.64,127.64,7020.46,11,7,8.37,1.57,8464.57083333333,861.845833333333,59.5833333333333,37.9166666666667,1613.71527777778
488,2303.99,1376.84,3,2,503.99,176.84,4781,222.49,146.92,702433.23,70,131,78.02,1.87,7457.88333333333,520.054166666667,709.583333333333,379.166666666667,140275.868055556
489,2253,759.24,3,1,453,159.24,21,166.91,107.51,2257.81,6,5,5.17,1.2,4112.55,796.25,32.5,27.0833333333333,616.145833333333
490,2256.26,1595.52,3,2,456.26,395.52,23,126.54,86.65,1992.93,6,6,5.41,1,8642.4,778.591666666665,32.5,32.5,674.826388888889
491,2279.2,572.15,3,0,479.2,572.15,1321,217.17,149.41,197366.68,45,42,41.01,1.07,3099.14583333333,654.333333333334,243.75,227.5,38758.5069444445
492,2281.3,1116.25,3,1,481.3,516.25,20,125.12,95.77,1915.31,4,6,5.05,1.5,6046.35416666667,642.958333333332,32.5,21.6666666666667,586.805555555556
493,2288.33,1604.5,3,2,488.33,404.5,24,89.36,63.5,1524.11,6,6,5.53,1,8691.04166666667,604.879166666666,32.5,32.5,704.166666666667
494,2291.94,906.81,3,1,491.94,306.81,32,109.06,73.99,2367.57,7,7,6.38,1,4911.8875,585.324999999999,37.9166666666667,37.9166666666667,938.888888888889
495,2297.71,1467.14,3,2,497.71,267.14,28,127.45,68.17,1908.85,6,7,5.97,1.17,7947.00833333333,554.070833333333,37.9166666666667,32.5,821.527777777778
496,2298.29,1646.45,3,2,498.29,446.45,31,97.35,71.12,2204.73,6,6,6.28,1,8918.27083333333,550.929166666667,32.5,32.5,909.548611111111
497,2301.4,1242.6,3,2,501.4,42.6,35,178.22,118.75,4156.25,6,8,6.68,1.33,6730.75,534.083333333332,43.3333333333333,32.5,1026.90972222222
498,2303.85,902.87,3,1,503.85,302.87,52,146.45,95.63,4972.99,8,9,8.14,1.12,4890.54583333333,520.8125,48.75,43.3333333333333,1525.69444444444
499,2331,1268.2,3,2,531,68.2,30,162.92,109,3269.87,6,7,6.18,1.17,6869.41666666667,373.75,37.9166666666667,32.5,880.208333333333
500,2335.95,931.19,3,1,535.95,331.19,37,156.81,91.65,3390.91,7,7,6.86,1,5043.94583333333,346.9375,37.9166666666667,37.9166666666667,1085.59027777778
501,2370.41,1115.18,3,1,570.41,515.18,22,104.39,71.97,1583.26,6,5,5.29,1.2,6040.55833333333,160.279166666667,32.5,27.0833333333333,645.486111111111
502,2377.06,1394.01,3,2,577.06,194.01,217,152.35,84.43,18321.84,21,17,16.62,1.24,7550.8875,124.258333333333,113.75,92.0833333333333,6366.84027777778
503,2377.43,1025.11,3,1,577.43,425.11,47,200.81,119.1,5597.47,8,8,7.74,1,5552.67916666667,122.254166666668,43.3333333333333,43.3333333333333,1378.99305555556
