"particle_id","x_um","y_um","area_um2","major_um","minor_um","feret_min_um","feret_max_um","material","quality","source_file","diameter_um","aspect_ratio","coord_match_cost","coord_source","x_norm","y_norm","x_aligned","y_aligned"
"A1",5619.92313915858,11159.6958664313,134687.5,739,323,323,739,"Polyethylene terephthalate",0.839804702046538,"Comparstic LDIR F2Ba Au MP2 240925.xlsx",414.112848365656,0.436986952993901,0.0925109541136643,"image",-8.50063769893495,5099.69287125262,2129.49517587584,5848.86142454879
"A2",2737.14520800421,12087.492759347,127225,648,282,282,648,"Polyethylene terephthalate",0.844333495567771,"Comparstic LDIR F2Ba Au MP2 240925.xlsx",402.477205663788,2.29917670131412,0.188970846419742,"image",-2891.2785688533,6027.48976416834,4975.12160200141,5472.4857764629
"A3",3354.99245312997,3902.80386081983,122862.5,427,367,367,427,"Polyethylene terephthalate",0.812781291857113,"Comparstic LDIR F2Ba Au MP2 240925.xlsx",395.516616041632,0.859259087827103,0.336851691502897,"image",-2273.43132372755,-2157.19913435886,1121.54268310833,-1285.81690230334
"A4",1244.86111111111,4747.44047619048,110687.5,633,331,331,633,"Polyethylene terephthalate",0.877067095480206,"Comparstic LDIR F2Ba Au MP2 240925.xlsx",375.408713414957,1.91130130013285,0.162642130685314,"image",-4383.5626657464,-1312.56251898821,3271.70659727761,-1419.57579260332
"A5",968.079232571763,6011.42428236673,83125,656,200,200,656,"Polyethylene terephthalate",0.750639130991263,"Comparstic LDIR F2Ba Au MP2 240925.xlsx",325.327584376287,0.305047015828511,0.246639790038243,"image",-4660.34454428575,-48.5787128119591,4022.1447930141,-449.540083093482
"A6",2539.67989084803,6505.49853064652,46587.5,308,219,219,308,"Polyethylene terephthalate",0.855330065989846,"Comparstic LDIR F2Ba Au MP2 240925.xlsx",243.550913137991,1.40574005859434,0.0100162620750817,"image",-3088.74388600948,445.495535467832,2876.93000907703,611.932477401903
"A7",3871.49869109948,1356.60558464223,43325,362,175,175,362,"Polyethylene terephthalate",0.784742605201264,"Comparstic LDIR F2Ba Au MP2 240925.xlsx",234.868267919808,2.06825403298173,0.0851418461009505,"image",-1756.92508575803,-4703.39741053645,-355.003078407073,-3256.55287180388
"A8",6908.74289772727,10753.8068181818,41987.5,272,264,264,272,"Polyethylene terephthalate",0.810669600094303,"Comparstic LDIR F2Ba Au MP2 240925.xlsx",231.21450080946,0.974011960996269,0.137521275572943,"image",1280.31912086976,4693.80382300313,860.902529857209,6024.75707020204
"A9",2754.06220657277,12646.6960093897,39200,1113,318,318,1113,"Cellulosic",0.932922337685594,"Comparstic LDIR F2Ba Au MP2 240925.xlsx",223.407677024802,0.286009461614576,0.451960839480978,"image",-2874.36157028474,6586.69301421099,5187.77167161665,5958.25146905945
"A10",5516.66834002677,11527.0364792503,30512.5,235,171,171,235,"Polyethylene terephthalate",0.893747145334681,"Comparstic LDIR F2Ba Au MP2 240925.xlsx",197.10332723912,1.37198063330004,0.221697962405628,"image",-111.755436830737,5467.03348407165,2367.12789847242,6121.50700474125
"A11",4795.22249190939,1075.86569579288,27050,269,177,177,269,"Cellulosic",0.777987093272813,"Comparstic LDIR F2Ba Au MP2 240925.xlsx",185.583214987472,1.52002962514685,0.135316993693495,"image",-833.201284948126,-4984.1372993858,-1260.09915849504,-3121.7760566001
"A12",2766.96544715447,6341.96544715447,24787.5,297,147,147,297,"Polyethylene terephthalate",0.85274100878399,"Comparstic LDIR F2Ba Au MP2 240925.xlsx",177.652540694252,2.02253527198147,0.0403792783745221,"image",-2861.45832970304,281.962451975787,2615.86165577313,564.203893505646
"A13",3353.40909090909,4362.9335016835,23425,263,130,130,263,"Polyethylene terephthalate",0.781167895347737,"Comparstic LDIR F2Ba Au MP2 240925.xlsx",172.701002705315,0.495667293872211,0.0137726756580418,"image",-2275.01468594842,-1697.06949349518,1309.79443167449,-892.411039561934
"A15",4013.61788617886,2971.50406504065,18800,220,120,120,220,"Polyethylene terephthalate",0.87095202394214,"Comparstic LDIR F2Ba Au MP2 240925.xlsx",154.715556557901,1.83333333333333,0.0311436164067165,"image",-1614.80589067865,-3088.49893013803,179.228494775407,-1815.84890466691
"A17",2484.96212121212,11576.1742424242,16550,447,135,135,447,"Polyethylene terephthalate",0.884980070766979,"Comparstic LDIR F2Ba Au MP2 240925.xlsx",145.162372760185,0.302042575961249,0.207821992675254,"image",-3143.46165564539,5516.17124724556,4983.40018115033,4932.16739819681
"A18",4257.28333333333,2964.65,14337.5,646,66,66,646,"Cellulosic",0.867312864284858,"Comparstic LDIR F2Ba Au MP2 240925.xlsx",135.111331769916,0.102597408274143,0.499274320792774,"image",-1371.14044352418,-3095.35299517868,-32.2273895641447,-1722.74643514913
"A19",7089.38936781609,3195.73994252874,13425,371,65,65,371,"Rubber",0.757959687261123,"Comparstic LDIR F2Ba Au MP2 240925.xlsx",130.74112164147,5.75074564753788,0.17132109160029,"image",1460.96559095858,-2864.26305264995,-2363.74160574533,-374.497235997874
"A20",2432.96171171171,10651.0698198198,12862.5,152,110,110,152,"Polyethylene terephthalate",0.910899743593897,"Comparstic LDIR F2Ba Au MP2 240925.xlsx",127.97282385005,0.723684219607356,0.108694734443954,"image",-3195.4620651458,4591.06682464114,4652.17309180263,4118.79853269076
"A21",3485.03352490422,9928.50095785441,10525,497,95,95,497,"Polyethylene terephthalate",0.911626678055639,"Comparstic LDIR F2Ba Au MP2 240925.xlsx",115.762024033521,5.20911818823921,0.354299136101385,"image",-2143.3902519533,3868.49796267572,3457.69905611402,3927.3312910293
"A22",5367.47146118722,3111.76369863014,9250,143,106,106,143,"Polyethylene terephthalate",0.855234937742436,"Comparstic LDIR F2Ba Au MP2 240925.xlsx",108.524033231355,1.35475579425798,0.0842975240883095,"image",-260.952315670296,-2948.23929654855,-923.223207429698,-1145.82320494532
"A23",2067.59868421053,6307.28070175439,9212.5,263,86,86,263,"Cellulosic",0.917786851676572,"Comparstic LDIR F2Ba Au MP2 240925.xlsx",108.303828675965,3.04473685574197,0.104829491769476,"image",-3560.82509264699,247.277706575702,3200.70191152008,250.431053390094
"A24",5015.26315789474,6459.23245614035,9050,145,100,100,145,"Polyamide (naturally occurring)",0.781205877791979,"Comparstic LDIR F2Ba Au MP2 240925.xlsx",107.344389140063,0.689655172413793,0.0370067890036097,"image",-613.160618962774,399.229460961667,738.080558168843,1577.8449527099
"A25",3465.7380952381,7730.97619047619,8875,417,53,53,417,"Cellulosic",0.928891530055395,"Comparstic LDIR F2Ba Au MP2 240925.xlsx",106.30146264057,0.127386197322976,0.356950754845545,"image",-2162.68568161942,1670.97319529751,2581.63126905223,2037.56245026341
"A26",4760.30797101449,1294.89734299517,8087.5,175,72,72,175,"Polyethylene terephthalate",0.921203429248864,"Comparstic LDIR F2Ba Au MP2 240925.xlsx",101.475735119513,0.412422379390774,0.0268147525234098,"image",-868.115805843018,-4765.10565218352,-1141.23239342409,-2948.38182900405
"A27",2538.69708994709,5315.81349206349,7062.5,375,54,54,375,"Cellulosic",0.910976576782371,"Comparstic LDIR F2Ba Au MP2 240925.xlsx",94.8274975136014,0.144067807594663,0.32011892814642,"image",-3089.72668691042,-744.189503115193,2394.54456954446,-407.29739221259
"A30",7033.82183908046,3124.48275862069,6725,140,71,71,140,"Polyethylene terephthalate",0.892760518130499,"Comparstic LDIR F2Ba Au MP2 240925.xlsx",92.5339718068125,1.98611115707511,0.0150787751714511,"image",1405.39806222295,-2935.52023655799,-2345.09759498791,-458.091411903113
"A31",10546.443452381,11185.9970238095,6600,113,74,74,113,"Cellulosic",0.927399984619523,"Comparstic LDIR F2Ba Au MP2 240925.xlsx",91.6699568847508,1.52380948711022,0.0253050984695596,"image",4918.01967552344,5125.99402863084,-2078.82923027071,7872.4428421569
"A33",5305.72530864198,6463.88888888889,6375,416,57,57,416,"Cellulosic",0.833985981033295,"Comparstic LDIR F2Ba Au MP2 240925.xlsx",90.0938516086789,7.29736184865589,0.384742572975946,"image",-322.698468215536,403.885893710204,491.223932203452,1699.81277932573
"A34",1160.61991869919,9809.58333333333,4662.5,97,65,65,97,"Polyethylene terephthalate",0.893210651413161,"Comparstic LDIR F2Ba Au MP2 240925.xlsx",77.0485520780741,1.48148141136173,0.0340913038376106,"image",-4467.80385815832,3749.58033815465,5399.99436084112,2881.35985889492
"A35",2908.47222222222,7365.41666666667,4650,97,62,62,97,"Polyamide (naturally occurring)",0.933982588596863,"Comparstic LDIR F2Ba Au MP2 240925.xlsx",76.9452005197108,0.638095174277552,0.0183759508668006,"image",-2719.95155463529,1305.41367148798,2910.38323717857,1498.15142482531
"A36",6761.52777777778,1650.13888888889,4600,94,66,66,94,"Polyethylene terephthalate",0.906023235391562,"Comparstic LDIR F2Ba Au MP2 240925.xlsx",76.5303985732581,1.43749992724326,0.0232731328792744,"image",1133.10400092027,-4409.8641062898,-2710.75854919913,-1831.30077039672
"A37",10630.6944444444,5414.58333333333,4575,164,62,62,164,"Carbonate",0.796739607038821,"Comparstic LDIR F2Ba Au MP2 240925.xlsx",76.3221522047392,2.63671880999908,0.00504948278239221,"image",5002.27066758693,-645.419661845351,-4495.21750707245,2964.10092522628
"A39",10385.6944444444,8078.19444444445,4537.5,192,45,45,192,"Polyamide (naturally occurring)",0.878685457165586,"Comparstic LDIR F2Ba Au MP2 240925.xlsx",76.0087128836938,4.28308803841678,0.0920944540206993,"image",4757.27066758693,2018.19144926576,-3203.49530230728,5145.66830052137
"A40",3616.32142857143,3932.03571428571,4150,104,59,59,104,"Polyamide (naturally occurring)",0.939859813213134,"Comparstic LDIR F2Ba Au MP2 240925.xlsx",72.6907429501923,0.566037701226032,0.0306709476602935,"image",-2012.10234828608,-2127.96728089297,909.617388149961,-1154.63634090513
"A41",4541.71568627451,659.877450980392,4000,135,49,49,135,"Polyethylene terephthalate",0.892249441085367,"Comparstic LDIR F2Ba Au MP2 240925.xlsx",71.3649646461108,0.360902294401041,0.0213036781421254,"image",-1086.708090583,-5400.12554419829,-1211.96564757426,-3580.99250828438
"A42",1277.18434343434,4712.99242424242,3912.5,105,47,47,105,"Cellulosic",0.910002468582759,"Comparstic LDIR F2Ba Au MP2 240925.xlsx",70.580094352277,2.23809512204187,0.0257949437988163,"image",-4351.23943342317,-1347.01057093626,3230.03327102264,-1435.94757979898
"A43",1097.61363636364,6210.61868686869,3875,103,50,50,103,"Polyamide (naturally occurring)",0.93290560793875,"Comparstic LDIR F2Ba Au MP2 240925.xlsx",70.2410366940064,0.487684770546574,0.0257797317017987,"image",-4530.81014049388,150.615691690002,3992.12214922183,-226.338231422017
"A44",5974.91161616162,9532.51262626263,3875,106,59,59,106,"Polypropylene",0.978589994635303,"Comparstic LDIR F2Ba Au MP2 240925.xlsx",70.2410366940064,1.81081079979626,0.011424678760583,"image",346.487839304105,3472.50963108394,1164.55727520892,4599.55249053041
"A45",4657.80913978495,1457.43279569892,3562.5,105,47,47,105,"Polyamide (naturally occurring)",0.925932956436204,"Comparstic LDIR F2Ba Au MP2 240925.xlsx",67.3492084446359,0.446808533806944,0.0366512529954568,"image",-970.614637072565,-4602.57019947976,-987.434974371617,-2850.82164415968
"A46",4784.55808080808,6334.05303030303,3475,167,43,43,167,"Cellulosic",0.894828861564227,"Comparstic LDIR F2Ba Au MP2 240925.xlsx",66.5169709018284,0.254237275107038,0.127024760048056,"image",-843.865696049431,274.050035124345,884.807896183707,1376.93498419243
"A47",1143.59375,6416.71875,3362.5,190,32,32,190,"Cellulosic",0.822389400336825,"Comparstic LDIR F2Ba Au MP2 240925.xlsx",65.4313989547219,5.98689921030809,0.156455254851358,"image",-4484.83002685751,356.715754821315,4036.45924967472,-31.1606039607238
"A48",11711.171875,5079.47916666667,3325,94,46,46,94,"Polyethylene terephthalate",0.877625051256687,"Comparstic LDIR F2Ba Au MP2 240925.xlsx",65.0655168752575,0.485294150366557,0.140045348911835,"image",6082.74809814249,-980.523828512018,-5556.63706145651,3115.99118389017
"A49",1203.32070707071,7091.40151515152,3275,80,50,50,80,"Polyethylene terephthalate",0.911702241758719,"Comparstic LDIR F2Ba Au MP2 240925.xlsx",64.5744493511765,0.625,0.207711368569061,"image",-4425.1030697868,1031.39851997283,4259.35298175689,570.888810636779
"A52",1800.13888888889,5591.44444444444,3087.5,103,41,41,103,"Cellulosic",0.969097963071682,"Comparstic LDIR F2Ba Au MP2 240925.xlsx",62.6987008985817,0.393333277173359,0.156577954777083,"image",-3828.28488796862,-468.55855073424,3138.99210543984,-471.23874141243
"A53",3946.81547619048,1162.2619047619,2987.5,100,44,44,100,"Polyamide (naturally occurring)",0.898473024242733,"Comparstic LDIR F2Ba Au MP2 240925.xlsx",61.6749798532298,2.26956480933648,0.182944359009533,"image",-1681.60830066704,-4897.74109041678,-498.442037260772,-3392.39402794637
"A54",3047.99019607843,10770.2450980392,2950,74,57,57,74,"Polyethylene terephthalate",0.922683503707088,"Comparstic LDIR F2Ba Au MP2 240925.xlsx",61.2866760150094,1.31250003161014,0.381057801189084,"image",-2580.43358077908,4710.24210286053,4173.87745593055,4470.67137705094
"A55",3394.70238095238,3367.61904761905,2887.5,99,59,59,99,"Polyethylene terephthalate",0.913073340982825,"Comparstic LDIR F2Ba Au MP2 240925.xlsx",60.633977153266,0.597484148081609,0.222015368346001,"image",-2233.72139590513,-2692.38394755964,870.153881292808,-1728.01275598705
"A56",4510.44191919192,3406.42676767677,2862.5,64,57,57,64,"Polyamide (naturally occurring)",0.910238033900315,"Comparstic LDIR F2Ba Au MP2 240925.xlsx",60.3709217819672,1.12359546800437,0.453905644433023,"image",-1117.98185766559,-2653.57622750192,-69.5878894588989,-1241.58647062315
"A57",4125.46875,4359.40104166667,2712.5,60,60,60,60,"Cellulosic",0.822302459045794,"Comparstic LDIR F2Ba Au MP2 240925.xlsx",58.7678676241884,1,0.568119414177026,"image",-1502.95502685751,-1700.60195351202,647.177841284085,-581.840462112599
"A58",7697.08333333333,10305.9821428571,2700,80,45,45,80,"Cellulosic",0.870641190372022,"Comparstic LDIR F2Ba Au MP2 240925.xlsx",58.6323014283504,0.5625,0.395701278913983,"image",2068.65955647582,4245.97914767846,3.88037446522138,5961.45455456021
"A59",6226.45833333333,9544.50520833333,2625,91,45,45,91,"Cellulosic",0.942414338697657,"Comparstic LDIR F2Ba Au MP2 240925.xlsx",57.8122288528111,0.492125970663283,0.392651764852642,"image",598.034556475823,3484.50221315465,954.00711876617,4711.9962013708
"A60",1761.46505376344,5250.49731182796,2612.5,85,49,49,85,"Polyethylene terephthalate",0.918982893681545,"Comparstic LDIR F2Ba Au MP2 240925.xlsx",57.6744164306897,1.72881339107393,0.399780470303987,"image",-3866.95872309407,-809.505683350727,3033.62572725051,-778.929962562958
"A62",3471.06770833333,10205,2487.5,78,53,53,78,"Polyamide (naturally occurring)",0.93182349408159,"Comparstic LDIR F2Ba Au MP2 240925.xlsx",56.2777342074885,0.674157369262837,0.523529810759248,"image",-2157.35606852418,4144.99700482132,3581.96777185094,4158.44880178771
"A63",4772.08333333333,6253.72222222222,2462.5,73,54,54,73,"Carbonate",0.860504115038641,"Comparstic LDIR F2Ba Au MP2 240925.xlsx",55.9942173702815,0.735849120257435,0.502217078378781,"image",-856.340443524177,193.719227043538,862.862282865053,1303.07373136369
"A65",9886.43229166667,435.026041666667,2437.5,60,60,60,60,"Polyamide (naturally occurring)",0.92175196503736,"Comparstic LDIR F2Ba Au MP2 240925.xlsx",55.7092576713418,1,0.675017209153739,"image",4258.00851480916,-5624.97695351202,-5880.4412018098,-1602.63159600828
"A66",4604.16666666667,612.534722222222,2387.5,180,30,30,180,"Cellulosic",0.94209901081891,"Comparstic LDIR F2Ba Au MP2 240925.xlsx",55.1349200875017,6,0.250943219631909,"image",-1024.25711019084,-5447.46827295646,-1284.67755122212,-3596.16981801231
"A68",5463.41049382716,2765.91049382716,2287.5,70,45,45,70,"Polyamide (naturally occurring)",0.92593733437578,"Comparstic LDIR F2Ba Au MP2 240925.xlsx",53.9679113787229,1.55555555555556,0.635397274392929,"image",-165.01328303035,-3294.09250135152,-1145.86303313459,-1403.03877365746
"A69",3667.83045977012,4085.10057471264,2237.5,76,46,46,76,"Cellulosic",0.93580260113498,"Comparstic LDIR F2Ba Au MP2 240925.xlsx",53.3748394034579,0.604166631325456,0.485104982203171,"image",-1960.5933170874,-1974.90242046604,927.677720502643,-1002.6316263677
"A70",9909.16666666667,209.583333333333,2175,75,40,40,75,"Polyethylene terephthalate",0.873115309564973,"Comparstic LDIR F2Ba Au MP2 240925.xlsx",52.6241010355424,0.533333333333333,0.522430585896521,"image",4280.74288980916,-5850.41966184535,-5991.48109884529,-1786.46351247324
"A71",11509.2959770115,8442.34195402299,2125,64,42,42,64,"Polyethylene terephthalate",0.895910031452128,"Comparstic LDIR F2Ba Au MP2 240925.xlsx",52.015709478601,1.4999998876084,0.622617479456994,"image",5880.87220015398,2382.3389588443,-4017.82323972061,5913.90470801131
"A72",12285.5603448276,7474.8132183908,2100,65,40,40,65,"Polyethylene terephthalate",0.930434884804005,"Comparstic LDIR F2Ba Au MP2 240925.xlsx",51.7088294582641,1.625,0.626699843836014,"image",6657.13656797007,1414.81022321212,-5075.59736601098,5400.62938081443
"A74",9917.19444444445,4130.38888888889,1975,79,34,34,79,"Polyethylene terephthalate",0.89249911252012,"Comparstic LDIR F2Ba Au MP2 240925.xlsx",50.1462670679677,0.435643561363349,0.683331568430487,"image",4288.77066758693,-1929.6141062898,-4405.80045192811,1574.52370703363
"A75",2025.83333333333,5614.19444444445,1975,65,45,45,65,"Polyamide (naturally occurring)",0.926064872381839,"Comparstic LDIR F2Ba Au MP2 240925.xlsx",50.1462670679677,1.44444444444444,0.78086185971618,"image",-3602.59044352418,-445.808550734239,2954.950952042,-360.083212982825
"A76",6404.30555555556,9564.42901234568,1962.5,165,28,28,165,"Cellulosic",0.828862653882412,"Comparstic LDIR F2Ba Au MP2 240925.xlsx",49.9873244587341,5.98795227053529,0.486751753748324,"image",775.881778698044,3504.42601716699,809.793753132771,4801.2967945591
"A77",8830.38978494624,2944.39516129032,1937.5,60,40,40,60,"Polyamide (naturally occurring)",0.971180570520754,"Comparstic LDIR F2Ba Au MP2 240925.xlsx",49.667913363905,0.666666666666667,0.872842952483659,"image",3201.96600808873,-3115.60783388836,-3956.80294342865,117.41514919001
"A78",9998.60632183908,7023.54885057471,1862.5,60,45,45,60,"Polyamide (naturally occurring)",0.91894503916936,"Comparstic LDIR F2Ba Au MP2 240925.xlsx",48.6971113318772,1.33333333333333,0.898310646787687,"image",4370.18254498157,963.545855396028,-3300.37478900281,4085.25591309995
"A79",1452.38888888889,7551.55555555556,1837.5,56,42,42,56,"Polyamide (naturally occurring)",0.914585244700799,"Comparstic LDIR F2Ba Au MP2 240925.xlsx",48.369180925987,1.31578952684855,0.927542095544654,"image",-4176.03488796862,1491.55256037687,4232.95994370528,1066.12538750997
"A80",9824.58333333333,3334.58333333333,1825,106,31,31,106,"Cellulosic",0.900970428432625,"Comparstic LDIR F2Ba Au MP2 240925.xlsx",48.2043791490117,3.35483855329695,0.524903773114835,"image",4196.15955647582,-2725.41966184535,-4649.73036481801,855.389413601523
"A81",1462.13888888889,4848.27777777778,1812.5,60,42,42,60,"Polyamide (naturally occurring)",0.927072222024821,"Comparstic LDIR F2Ba Au MP2 240925.xlsx",48.0390120093293,1.4166666853986,0.90674450415934,"image",-4166.28488796862,-1211.72521740091,3126.59092143359,-1244.96601004485
"A82",7441.82291666667,4221.61458333333,1775,50,45,45,50,"Polyamide (naturally occurring)",0.804518698923528,"Comparstic LDIR F2Ba Au MP2 240925.xlsx",47.5394593143939,1.11111111111111,1.02445897068501,"image",1813.39913980916,-1838.38841184535,-2248.87060202307,647.200065397259
"A83",3504.97023809524,8667.44047619048,1750,50,40,40,50,"Polyethylene terephthalate",0.941419101723752,"Comparstic LDIR F2Ba Au MP2 240925.xlsx",47.2034871941315,0.8,1.06433907861171,"image",-2123.45353876227,2607.43748101179,2928.40709171828,2855.47353021711
"A84",5259.24479166667,11484.0104166667,1712.5,63,38,38,63,"Chitin",0.884059143024926,"Comparstic LDIR F2Ba Au MP2 240925.xlsx",46.6949967379693,1.6470589858636,0.944749241976453,"image",-369.178985190844,5424.00742148798,2570.1056953991,5980.09957253469
"A85",4111.25,1531.79597701149,1700,60,39,39,60,"Polycarbonate",0.887871498426707,"Comparstic LDIR F2Ba Au MP2 240925.xlsx",46.5242649168128,1.54545453430827,0.989602066997094,"image",-1517.17377685751,-4528.20701816719,-489.164001577795,-3009.13976226233
"A86",3569.20977011494,1094.35344827586,1637.5,53,42,42,53,"Carbonate",0.860705010415341,"Comparstic LDIR F2Ba Au MP2 240925.xlsx",45.6610310276042,1.2500000561958,1.08908595386698,"image",-2059.21400674257,-4965.64954690282,-202.648563671896,-3603.9260886818
"A87",4949.47916666667,10966.71875,1625,55,40,40,55,"Polyamide (naturally occurring)",0.925915615362264,"Comparstic LDIR F2Ba Au MP2 240925.xlsx",45.4864184146723,1.40000012063134,1.06509648792853,"image",-678.944610190844,4906.71575482132,2625.27102746225,5411.27695164917
"A88",4876.14898989899,6171.22474747475,1612.5,63,35,35,63,"Polyamide (naturally occurring)",0.956803703803018,"Comparstic LDIR F2Ba Au MP2 240925.xlsx",45.3111329132858,0.549999988690813,1.03568942210966,"image",-752.274786958521,111.221752296063,740.232936746096,1274.69343605789
"A89",4399.16666666667,9318.33333333333,1487.5,60,35,35,60,"Polyamide (naturally occurring)",0.931131812857365,"Comparstic LDIR F2Ba Au MP2 240925.xlsx",43.5194648725551,0.583333333333333,1.01393416765663,"image",-1229.25711019084,3258.33033815465,2427.00910368372,3776.09497036102
"A90",8727.79761904762,11266.6666666667,1475,65,31,31,65,"Polyamide (naturally occurring)",0.940899868441385,"Comparstic LDIR F2Ba Au MP2 240925.xlsx",43.3362242065961,0.471428559899464,1.05645965461944,"image",3099.37384219011,5206.66367148798,-488.59832233086,7202.82843613455
"A91",7920.97222222222,11890.3055555556,1475,68,36,36,68,"Polycarbonate",0.869741025025116,"Comparstic LDIR F2Ba Au MP2 240925.xlsx",43.3362242065961,0.523364520461789,1.05021205063725,"image",2292.54844536471,5830.30256037687,455.66645126689,7409.18770560749
"A93",3988.21428571429,1250.47619047619,1475,63,36,36,63,"Polyamide (naturally occurring)",0.934617438466672,"Comparstic LDIR F2Ba Au MP2 240925.xlsx",43.3362242065961,1.76923072301354,1.01940566854258,"image",-1640.20949114323,-4809.52680470249,-498.06449516365,-3300.03307253153
"A94",3364.08854166667,6862.91666666667,1462.5,49,42,42,49,"Rubber",0.769118095199971,"Comparstic LDIR F2Ba Au MP2 240925.xlsx",43.1522054381369,0.857142884667332,1.22821344714727,"image",-2264.33523519084,802.913671487982,2316.09359269076,1252.87956453749
"A95",3422.61111111111,7905.80555555556,1462.5,45,40,40,45,"Cellulosic",0.936736016673243,"Comparstic LDIR F2Ba Au MP2 240925.xlsx",43.1522054381369,0.888888888888889,1.26514534800805,"image",-2205.8126657464,1845.80256037687,2689.57696627091,2169.76667873691
"A96",11015.0718390805,4512.08333333333,1425,60,32,32,60,"Cellulosic",0.949829707431432,"Comparstic LDIR F2Ba Au MP2 240925.xlsx",42.5953794588991,1.88888877233464,1.05448672868155,"image",5386.64806222295,-1547.91966184535,-5190.97134853986,2347.33843131367
"A97",2010.70402298851,3767.94540229885,1425,57,35,35,57,"Rubber",0.731294542350706,"Comparstic LDIR F2Ba Au MP2 240925.xlsx",42.5953794588991,1.5999998381561,1.13902489370351,"image",-3617.71975386901,-2292.05759287983,2217.99677366173,-1947.33192928263
"A98",8267.51436781609,11582.1408045977,1425,53,35,35,53,"Polyamide (naturally occurring)",0.970435445372751,"Comparstic LDIR F2Ba Au MP2 240925.xlsx",42.5953794588991,0.666666666666667,1.22808482867364,"image",2639.09059095858,5522.13780941902,33.7217264935873,7286.03818173136
"A99",4555.41666666667,1264.97222222222,1412.5,55,34,34,55,"Polyamide (naturally occurring)",0.94536476687416,"Comparstic LDIR F2Ba Au MP2 240925.xlsx",42.408146115321,0.618181835521351,1.19959611636239,"image",-1073.00711019084,-4795.03077295646,-977.921172107622,-3057.23220289588
"A101",3698.18548387097,8781.11559139785,1400,45,40,40,45,"Polyamide (naturally occurring)",0.92007180937491,"Comparstic LDIR F2Ba Au MP2 240925.xlsx",42.2200824564475,0.888888888888889,1.3416102343337,"image",-1930.23829298654,2721.11259621917,2809.11272498894,3031.30371210239
"A102",6678.75,5986.28333333333,1387.5,45,40,40,45,"Polyamide (naturally occurring)",0.896877786873762,"Comparstic LDIR F2Ba Au MP2 240925.xlsx",42.0311773368298,1.125,1.18814778252843,"image",1050.32622314249,-73.7196618453509,-878.610575527494,1848.4937662807
"A103",2715,11759.1666666667,1375,65,41,41,65,"Polyamide (naturally occurring)",0.805443938699752,"Comparstic LDIR F2Ba Au MP2 240925.xlsx",41.84141935942,0.627906964891254,1.05255594113897,"image",-2913.42377685751,5699.16367148798,4860.72674696123,5182.31665777342
"A104",7278.55555555556,6195.94444444444,1350,60,30,30,60,"Polyamide (naturally occurring)",0.878473654949501,"Comparstic LDIR F2Ba Au MP2 240925.xlsx",41.4592979365603,2,1.1424555016275,"image",1650.13177869804,135.94144926576,-1307.11589607078,2271.67423218492
"A106",4912.44565217391,8832.69927536232,1312.5,40,40,40,40,"Polyamide (naturally occurring)",0.914073981047385,"Comparstic LDIR F2Ba Au MP2 240925.xlsx",40.8794190573313,1,1.26688263247454,"image",-715.978124683598,2772.69628018364,1790.18852779188,3568.68834363099
"A107",11677.7729885057,8039.6408045977,1300,60,33,33,60,"Polyamide (naturally occurring)",0.94860957659758,"Comparstic LDIR F2Ba Au MP2 240925.xlsx",40.6842894512822,1.82258054568935,1.14629427793467,"image",6049.34921164824,1979.63780941902,-4325.67417755284,5637.46883134079
"A108",8458.77873563218,11922.8304597701,1300,103,23,23,103,"Cellulosic",0.872267480562829,"Comparstic LDIR F2Ba Au MP2 240925.xlsx",40.6842894512822,4.51923051991095,0.987673840588006,"image",2830.35495877467,5862.82746459143,8.30698999248237,7655.48823138964
"A110",9934.58333333333,3482.91666666667,1275,40,40,40,40,"Polyamide (naturally occurring)",0.911695689243465,"Comparstic LDIR F2Ba Au MP2 240925.xlsx",40.291195310357,1,1.41847249144013,"image",4306.15955647582,-2577.08632851202,-4683.68278652519,1027.10001278276
"A111",3063.66666666667,4389.66666666667,1262.5,42,39,39,42,"Carbonate",0.874503002090825,"Comparstic LDIR F2Ba Au MP2 240925.xlsx",40.0932029804073,0.9166666853986,1.38780368387983,"image",-2564.75711019084,-1670.33632851202,1568.78454195709,-987.204887064025
"A113",12191.712962963,3775.01543209877,1250,58,29,29,58,"Polyamide (naturally occurring)",0.914672228900686,"Comparstic LDIR F2Ba Au MP2 240925.xlsx",39.8942280401433,0.499999958990759,1.24257857860075,"image",6563.28918610545,-2284.98756307992,-6498.01413914613,2194.05205180165
"A115",5582.26190476191,3091.36904761905,1225,49,34,34,49,"Polyamide (naturally occurring)",0.932774540992415,"Comparstic LDIR F2Ba Au MP2 240925.xlsx",39.4932708483429,1.46666673301051,1.38346028630704,"image",-46.1618720956058,-2968.63394755964,-1115.45084178117,-1076.04518484732
"A116",10660,4923.75,1212.5,40,35,35,40,"Polyamide (naturally occurring)",0.899545375294274,"Comparstic LDIR F2Ba Au MP2 240925.xlsx",39.2912579079798,0.875,1.47221866087906,"image",5031.57622314249,-1136.25299517868,-4719.68142586555,2555.66104245235
"A117",896.157407407408,6202.88580246914,1212.5,67,27,27,67,"Polycarbonate",0.714527233622709,"Comparstic LDIR F2Ba Au MP2 240925.xlsx",39.2912579079798,0.395348846291433,1.20091298166319,"image",-4732.2663694501,142.882807290451,4161.50567501602,-314.78820362391
"A118",7714.85,10430.55,1187.5,50,30,30,50,"Polyamide (naturally occurring)",0.899157106870072,"Comparstic LDIR F2Ba Au MP2 240925.xlsx",38.8840836252188,1.66666666666667,1.33877592431347,"image",2086.42622314249,4370.54700482132,39.2622929346251,6075.34931185071
"A119",11845.3472222222,4386.14583333333,1175,60,35,35,60,"Polyethylene terephthalate",0.87396817573455,"Comparstic LDIR F2Ba Au MP2 240925.xlsx",38.6788891394752,0.588235312784764,1.1170399129957,"image",6216.92344536471,-1673.85716184535,-5953.1616863942,2576.72904010968
"A123",12033.6666666667,4407.54166666667,1150,42,35,35,42,"Polyamide (naturally occurring)",0.967228630447921,"Comparstic LDIR F2Ba Au MP2 240925.xlsx",38.2651992866291,1.19999994605203,1.07567051556388,"image",6405.24288980915,-1652.46132851202,-6105.7454159937,2671.54387442983
"A124",10056.5833333333,7866.08333333333,1150,49,31,31,49,"Polyamide (naturally occurring)",0.927433535301946,"Comparstic LDIR F2Ba Au MP2 240925.xlsx",38.2651992866291,0.636363601116024,0.710913103198474,"image",4428.15955647582,1806.08033815465,-3007.80429893203,4830.34054465484
"A125",8714.69444444445,11547.9722222222,1150,40,35,35,40,"Polyamide (naturally occurring)",0.948391180267762,"Comparstic LDIR F2Ba Au MP2 240925.xlsx",38.2651992866291,1.14285714285714,0.81238352519682,"image",3086.27066758693,5487.96922704354,-363.116048905576,7438.41257049749
"A126",3143.83333333333,7792.41666666667,1137.5,65,24,24,65,"Polyamide (naturally occurring)",0.951513394065782,"Comparstic LDIR F2Ba Au MP2 240925.xlsx",38.0566680377598,2.71428570009993,0.175093579729995,"image",-2484.59044352418,1732.41367148798,2882.26222361737,1959.42776849411
"A128",5908.22916666667,6940.78125,1137.5,49,32,32,49,"Polyamide (naturally occurring)",0.909828476003282,"Comparstic LDIR F2Ba Au MP2 240925.xlsx",38.0566680377598,0.645161326411559,0.786380694868236,"image",279.805389809156,880.778254821315,168.951995986721,2352.94258373469
"A129",9921.85606060606,2501.51515151515,1125,40,35,35,40,"Polyamide (naturally occurring)",0.925494398314711,"Comparstic LDIR F2Ba Au MP2 240925.xlsx",37.8469878303024,0.875,1.2173546841717,"image",4293.43228374855,-3558.48784366353,-5071.40966773622,181.471045097324
"A130",3346.41666666667,9268.63888888889,1125,52,35,35,52,"Polyamide (naturally occurring)",0.937622494627555,"Comparstic LDIR F2Ba Au MP2 240925.xlsx",37.8469878303024,1.4705883994562,0.703180299681849,"image",-2282.00711019084,3208.63589371021,3308.38548214522,3305.93057141673
"A131",3490.13888888889,729.186507936508,1125,74,23,23,74,"Polyamide (naturally occurring)",0.922771687456672,"Comparstic LDIR F2Ba Au MP2 240925.xlsx",37.8469878303024,0.306666677472898,0.922133366819883,"image",-2138.28488796862,-5330.81648724218,-283.257059395136,-3948.76733605133
"A132",8479.36403508772,11619.8903508772,1112.5,50,30,30,50,"Polyamide (naturally occurring)",0.933069125103516,"Comparstic LDIR F2Ba Au MP2 240925.xlsx",37.6361394608675,0.6,0.970352734920846,"image",2850.94025823021,5559.88735569851,-132.370415033169,7404.41564377642
"A133",3430.19444444444,48.0277777777778,1100,65,27,27,65,"Polyamide (naturally occurring)",0.9363918972627,"Comparstic LDIR F2Ba Au MP2 240925.xlsx",37.4241031850956,2.44186044224542,0.614081379876803,"image",-2198.22933241307,-6011.97521740091,-508.594950116668,-4556.45102137899
"A135",10328.4429824561,10374.6271929825,1087.5,40,35,35,40,"Polyamide (naturally occurring)",0.93285967297164,"Comparstic LDIR F2Ba Au MP2 240925.xlsx",37.2108586960781,0.875,1.10465276165551,"image",4700.01920559863,4314.62419780377,-2221.69924781053,7089.04877029896
"A136",2312.34649122807,9385.37280701754,1087.5,40,35,35,40,"Polyamide (naturally occurring)",0.935471825715886,"Comparstic LDIR F2Ba Au MP2 240925.xlsx",37.2108586960781,0.875,1.10465276165551,"image",-3316.07728562944,3325.36981183886,4241.36469186595,2985.88062509314
"A137",6524.50396825397,1629.90079365079,1062.5,40,35,35,40,"Polyamide (naturally occurring)",0.928388537933136,"Comparstic LDIR F2Ba Au MP2 240925.xlsx",36.7806609005481,0.875,1.28688460020495,"image",896.080191396458,-4430.10220152789,-2515.99478880638,-1944.90690590613
"A138",1343.33333333333,2309.4696969697,1062.5,55,25,25,55,"Polyethylene terephthalate",0.913744115578168,"Comparstic LDIR F2Ba Au MP2 240925.xlsx",36.7806609005481,2.2,1.11528623245238,"image",-4285.09044352418,-3750.53329820899,2197.11960810677,-3467.42449974634
"A139",7428.28125,11262.6041666667,1050,49,40,40,49,"Polyamide (naturally occurring)",0.923709636857136,"Comparstic LDIR F2Ba Au MP2 240925.xlsx",36.5636639571573,0.818181800558012,0.866423402541772,"image",1799.85747314249,5202.60117148798,622.640355395424,6671.51090075174
"A140",12353.3854166667,7423.54166666667,1050,40,35,35,40,"Polyamide (naturally occurring)",0.959788191092708,"Comparstic LDIR F2Ba Au MP2 240925.xlsx",36.5636639571573,0.875,0.967893824540117,"image",6724.96163980916,1363.53867148798,-5154.50738318831,5384.27033079603
"A141",4507.62254901961,4562.42647058824,1037.5,55,25,25,55,"Polyethylene terephthalate",0.948961338968528,"Comparstic LDIR F2Ba Au MP2 240925.xlsx",36.3453714750961,0.454545454545455,0.881267771844001,"image",-1120.8012278379,-1497.57652459045,402.371346450995,-252.748649486913
"A142",10501.6666666667,4512.91666666667,1037.5,60,27,27,60,"Polyamide (naturally occurring)",0.953825080018043,"Comparstic LDIR F2Ba Au MP2 240925.xlsx",36.3453714750961,0.444444418117524,1.26264527731445,"image",4873.24288980915,-1547.08632851202,-4750.95940373273,2139.51681664606
"A143",2464.58333333333,5995.52777777778,1012.5,45,30,30,45,"Carbonate",0.802803126661236,"Comparstic LDIR F2Ba Au MP2 240925.xlsx",35.9048052361289,1.5,0.939722947573421,"image",-3163.84044352418,-64.4752174009072,2734.10144121608,144.697436374065
"A145",2623.09210526316,12752.2587719298,987.5,38,31,31,38,"Polyamide (naturally occurring)",0.97741251978851,"Comparstic LDIR F2Ba Au MP2 240925.xlsx",35.4587654949516,0.823529492931798,1.22675967503684,"image",-3005.33167159435,6692.25577675114,5342.8103062567,5995.4565084344
"A146",10816.4814814815,5636.34259259259,975,35,35,35,35,"Polyamide (naturally occurring)",0.93025516856779,"Comparstic LDIR F2Ba Au MP2 240925.xlsx",35.2336281997296,1,1.22655052866248,"image",5188.05770462397,-423.660402586092,-4564.2487603037,3229.47575651363
"A147",5329.74206349206,1559.22619047619,975,46,28,28,46,"Polyamide (naturally occurring)",0.937900148445519,"Comparstic LDIR F2Ba Au MP2 240925.xlsx",35.2336281997296,0.620689730477352,1.35562631664701,"image",-298.681713365448,-4500.77680470249,-1521.52301181653,-2490.72093217633
"A148",3123.75,7214.16666666667,962.5,43,31,31,43,"Polyamide (naturally occurring)",0.899673539667777,"Comparstic LDIR F2Ba Au MP2 240925.xlsx",35.0070430314757,1.38709687839314,1.56314420434983,"image",-2504.67377685751,1154.16367148798,2664.58733943641,1456.06458480406
"A149",995.583333333333,7185.02777777778,962.5,40,30,30,40,"Polyamide (naturally occurring)",0.941494671029114,"Comparstic LDIR F2Ba Au MP2 240925.xlsx",35.0070430314757,1.33333333333333,0.990366680392176,"image",-4632.84044352418,1125.02478259909,4475.28572653487,566.69020375958
"A150",10335.4924242424,8800.11363636364,962.5,35,35,35,35,"Cellulosic",0.911131013108027,"Comparstic LDIR F2Ba Au MP2 240925.xlsx",35.0070430314757,1,0.805868966228789,"image",4707.06864738491,2740.11064118495,-2867.27331011866,5743.51934338371
"A151",11219.5833333333,281.25,950,57,21,21,57,"Cellulosic",0.970433624467308,"Comparstic LDIR F2Ba Au MP2 240925.xlsx",34.7789816915102,0.375000021073426,0.74214352928674,"image",5591.15955647582,-5778.75299517868,-7084.59514110256,-1192.82316431024
"A152",2026.91666666667,8534.86111111111,937.5,35,30,30,35,"Rubber",0.772333042386798,"Comparstic LDIR F2Ba Au MP2 240925.xlsx",34.5494149471335,1.16666666666667,1.08344968502181,"image",-3601.50711019084,2474.85811593243,4140.34161988592,2141.5774707631
"A153",6480.89912280702,3053.57456140351,925,40,30,30,40,"Polyamide (naturally occurring)",0.878134211710042,"Comparstic LDIR F2Ba Au MP2 240925.xlsx",34.3183125878885,0.75,1.26649578710592,"image",852.475345949506,-3006.42843377518,-1900.38336837423,-743.402796560202
"A154",1175.95833333333,8013.95833333333,925,35,32,32,35,"Polytetrafluoroethylene",0.659396083088727,"Comparstic LDIR F2Ba Au MP2 240925.xlsx",34.3183125878885,1.11111124431598,1.38455477780573,"image",-4452.46544352418,1953.95533815465,4657.51053079118,1349.84031054915
"A155",3571.20833333333,6081.83333333333,912.5,39,32,32,39,"Polyamide (naturally occurring)",0.924571891780872,"Comparstic LDIR F2Ba Au MP2 240925.xlsx",34.0856433791536,1.22222233877648,1.34405363754139,"image",-2057.21544352418,21.8303381546484,1821.45794545128,668.098096056343
"A156",2191.58333333333,5378.20833333333,900,36,34,34,36,"Cellulosic",0.839816627593298,"Comparstic LDIR F2Ba Au MP2 240925.xlsx",33.8513750128654,1.06666668088321,1.45675983133869,"image",-3436.84044352418,-681.794661845351,2717.15182145814,-494.854175259761
"A158",4203.33333333333,4649.125,887.5,56,32,32,56,"Cellulosic",0.939837039840846,"Comparstic LDIR F2Ba Au MP2 240925.xlsx",33.6154740551499,0.577235796726732,1.30250995500282,"image",-1425.09044352418,-1410.87799517868,698.175911750961,-302.097570684515
"A159",10875.8928571429,5622.5,875,40,25,25,40,"Polyvinyl chloride",0.674151835167838,"Comparstic LDIR F2Ba Au MP2 240925.xlsx",33.3779058906227,0.625,1.12825576436665,"image",5247.46908028535,-437.502995178685,-4620.7504776639,3241.75289557431
"A160",6154.41666666667,9519.97222222222,875,38,31,31,38,"Carbonate",0.819768104945177,"Comparstic LDIR F2Ba Au MP2 240925.xlsx",33.3779058906227,0.82352944128001,1.11132350739028,"image",525.992889809156,3459.96922704354,1005.73783253031,4661.72453926915
"A161",2514.6875,6061.92708333333,862.5,49,35,35,49,"Polyamide",0.809742489366288,"Comparstic LDIR F2Ba Au MP2 240925.xlsx",33.1386346630949,1.40000002697398,1.06313369678783,"image",-3113.73627685751,1.92408815464933,2718.16300571918,221.912276716995
"A162",4208.75,4257.26449275362,850,56,22,22,56,"Polyamide (naturally occurring)",0.921464999904045,"Comparstic LDIR F2Ba Au MP2 240925.xlsx",32.8976232123977,2.50000021357691,1.37387229358609,"image",-1419.67377685751,-1802.73850242506,534.37097572539,-635.481627872193
"A163",10319.5524691358,6681.55864197531,850,35,35,35,35,"Cellulosic",0.948296980620076,"Comparstic LDIR F2Ba Au MP2 240925.xlsx",32.8976232123977,1,1.82810827611233,"image",4691.12869227829,621.555646796624,-3714.13868423659,3922.74211021019
"A164",12144.5833333333,7564.16666666667,837.5,41,28,28,41,"Polyamide (naturally occurring)",0.958400288917463,"Comparstic LDIR F2Ba Au MP2 240925.xlsx",32.6548330070098,0.6818181287635,1.66717951347898,"image",6516.15955647582,1504.16367148798,-4918.57285519513,5419.88836214849
"A165",7620.75757575758,3584.35606060606,825,46,27,27,46,"Cellulosic",0.957407166211825,"Comparstic LDIR F2Ba Au MP2 240925.xlsx",32.4102240721429,0.57999997740295,1.45762864128796,"image",1992.33379890007,-2475.64693457262,-2660.95000940658,174.14002295582
"A166",10861.1388888889,4835.63888888889,825,35,30,30,35,"Polyamide (naturally occurring)",0.894654602117043,"Comparstic LDIR F2Ba Au MP2 240925.xlsx",32.4102240721429,0.857142857142857,1.2112830565317,"image",5232.71511203138,-1224.3641062898,-4927.72316661739,2561.90257563451
"A167",6198.69791666667,7683.54166666667,812.5,35,30,30,35,"Rubber",0.857084832986266,"Comparstic LDIR F2Ba Au MP2 240925.xlsx",32.1637549129034,1.16666666666667,1.40266082545716,"image",570.274139809156,1623.53867148798,221.893308633735,3107.0156689707
"A169",9629.24019607843,6442.32843137255,800,45,25,25,45,"Polyamide",0.694726033409494,"Comparstic LDIR F2Ba Au MP2 240925.xlsx",31.9153824321146,1.8,1.241560644012,"image",4000.81641922092,382.325436193864,-3220.13499443907,3437.47697350392
"A170",3242.5,11599.1666666667,800,34,31,31,34,"Polyamide (naturally occurring)",0.94995253895931,"Comparstic LDIR F2Ba Au MP2 240925.xlsx",31.9153824321146,1.07142858230857,1.80659482055435,"image",-2385.92377685751,5539.16367148798,4343.99374904447,5259.55507205192
"A171",7861.9384057971,11038.9311594203,800,35,28,28,35,"Polycarbonate",0.838984365484226,"Comparstic LDIR F2Ba Au MP2 240925.xlsx",31.9153824321146,1.25000012644056,1.66949873002539,"image",2233.51462893959,4978.92816424161,160.410392917764,6656.10343433134
"A172",1747.5,5425.41666666667,800,42,27,27,42,"Polyamide (naturally occurring)",0.929841015772383,"Comparstic LDIR F2Ba Au MP2 240925.xlsx",31.9153824321146,1.58333334814223,1.75983179154894,"image",-3880.92377685751,-634.586328512018,3116.63408160939,-634.803654858601
"A173",3542.5,8876.25,800,42,28,28,42,"Polyamide (naturally occurring)",0.885576840828974,"Comparstic LDIR F2Ba Au MP2 240925.xlsx",31.9153824321146,1.49999995701848,1.75983179154894,"image",-2085.92377685751,2816.24700482132,2981.08149326745,3049.53913454237
"A174",7644.72222222222,5213.54166666667,787.5,55,20,20,55,"Carbonate",0.864125561005239,"Comparstic LDIR F2Ba Au MP2 240925.xlsx",31.6650618423356,0.363636363636364,0.80866695898085,"image",2016.29844536471,-846.461328512018,-2019.72927469133,1579.08720043403
"A175",1102.29166666667,6325.76388888889,787.5,35,30,30,35,"Cellulosic",0.896571768697195,"Comparstic LDIR F2Ba Au MP2 240925.xlsx",31.6650618423356,0.857142857142857,1.03465952085238,"image",-4526.13211019084,265.760893710204,4034.88570371285,-125.829263915628
"A176",3166.04166666667,9805.97222222222,787.5,35,30,30,35,"Polyamide (naturally occurring)",0.970222003369141,"Comparstic LDIR F2Ba Au MP2 240925.xlsx",31.6650618423356,0.857142857142857,1.03465952085238,"image",-2462.38211019084,3745.96922704354,3681.11069560052,3692.83095262167
"A177",6800.625,5305.625,775,40,25,25,40,"Polyamide (naturally occurring)",0.924178145895416,"Comparstic LDIR F2Ba Au MP2 240925.xlsx",31.4127465715711,0.625,1.27157623833834,"image",1172.20122314249,-754.377995178685,-1259.45300398864,1315.09016278046
"A178",7615.23148148148,5131.99074074074,775,30,30,30,30,"Polyamide (naturally occurring)",0.933518357332773,"Comparstic LDIR F2Ba Au MP2 240925.xlsx",31.4127465715711,1,1.59209182804881,"image",1986.80770462397,-928.012254437944,-2027.59820270692,1497.26948668083
"A179",6791.14583333333,6240,775,35,30,30,35,"Polyamide (naturally occurring)",0.950747285026925,"Comparstic LDIR F2Ba Au MP2 240925.xlsx",31.4127465715711,1.16666666666667,1.3383419346506,"image",1162.72205647582,179.997004821315,-871.81008178998,2111.42641221111
"A181",11827.2916666667,3434.16666666667,775,40,30,30,40,"Polyamide (naturally occurring)",0.917362687058753,"Comparstic LDIR F2Ba Au MP2 240925.xlsx",31.4127465715711,1.33333333333333,1.27157623833834,"image",6198.86788980916,-2625.83632851202,-6324.37470603011,1754.13274042391
"A182",4426.62037037037,577.175925925926,775,57,21,21,57,"Cellulosic",0.915730224189129,"Comparstic LDIR F2Ba Au MP2 240925.xlsx",31.4127465715711,2.6666665168112,1.21227336713442,"image",-1201.80340648714,-5482.82706925276,-1146.99129052091,-3698.56650599724
"A183",5381.45833333333,5675.76388888889,762.5,35,30,30,35,"Polyamide (naturally occurring)",0.933151115187775,"Comparstic LDIR F2Ba Au MP2 240925.xlsx",31.1583881621075,1.16666666666667,1.12581190089879,"image",-246.965443524177,-384.239106289796,106.246001158128,1055.63415130636
"A184",7507.04861111111,4331.97916666667,762.5,35,25,25,35,"Cellulosic",0.857782237441678,"Comparstic LDIR F2Ba Au MP2 240925.xlsx",31.1583881621075,1.4,1.81895908145874,"image",1878.6248342536,-1728.02382851202,-2259.90106858337,768.208266095681
"A186",8866.18055555555,11718.9583333333,762.5,32,28,28,32,"Polyamide (naturally occurring)",0.955234345501191,"Comparstic LDIR F2Ba Au MP2 240925.xlsx",31.1583881621075,1.12499997892657,1.17061798024364,"image",3237.75677869804,5658.95533815465,-423.395511394606,7646.37356917475
"A187",4615.90277777778,8875.20833333333,762.5,44,24,24,44,"Polyamide (naturally occurring)",0.920401598358279,"Comparstic LDIR F2Ba Au MP2 240925.xlsx",31.1583881621075,1.88235281029849,0.952499596856176,"image",-1012.52099907973,2815.20533815465,2061.41031765692,3484.64255254403
"A188",899.618055555556,6426.42361111111,762.5,50,20,20,50,"Cellulosic",0.951939672642685,"Comparstic LDIR F2Ba Au MP2 240925.xlsx",31.1583881621075,2.5,1.64062160948937,"image",-4728.80572130196,366.420615932428,4249.33876406015,-121.947705546966
"A189",2416.91666666667,9570.70833333333,750,35,28,28,35,"Polyamide (naturally occurring)",0.916358019690294,"Comparstic LDIR F2Ba Au MP2 240925.xlsx",30.9019361618552,1.25000012644056,1.5942753087878,"image",-3211.50711019084,3510.70533815465,4227.09187725916,3187.07392746741
"A190",9474.29166666667,6800.625,750,35,28,28,35,"Polyamide (naturally occurring)",0.951073079205133,"Comparstic LDIR F2Ba Au MP2 240925.xlsx",30.9019361618552,0.799999919078051,1.5942753087878,"image",3845.86788980915,740.622004821315,-2941.90595490321,3681.38035742404
"A193",3074.5,3804.66666666667,737.5,40,25,25,40,"Polyamide (naturally occurring)",0.970980710900523,"Comparstic LDIR F2Ba Au MP2 240925.xlsx",30.6433380075047,1.6,1.54431673079192,"image",-2553.92377685751,-2255.33632851202,1321.89130994106,-1483.79092909383
"A194",1497.70833333333,4382.08333333333,737.5,40,20,20,40,"Polyamide (naturally occurring)",0.884271822228978,"Comparstic LDIR F2Ba Au MP2 240925.xlsx",30.6433380075047,2,1.54431673079192,"image",-4130.71544352418,-1677.91966184535,2906.77053133629,-1629.76120054473
"A195",10599.875,5515.25,737.5,30,30,30,30,"Chitin",0.759995023201463,"Comparstic LDIR F2Ba Au MP2 240925.xlsx",30.6433380075047,1,1.747049284846,"image",4971.45122314249,-544.752995178684,-4427.93528201391,3037.79227580401
"A196",8393.66666666667,11492.5416666667,737.5,35,30,30,35,"Polyamide (naturally occurring)",0.90807277105187,"Comparstic LDIR F2Ba Au MP2 240925.xlsx",30.6433380075047,0.857142857142857,1.61108242710418,"image",2765.24288980915,5432.53867148798,-110.706889104231,7260.54728289268
"A198",2178.04166666667,9566.375,737.5,30,30,30,30,"Polyamide (naturally occurring)",0.947245249153435,"Comparstic LDIR F2Ba Au MP2 240925.xlsx",30.6433380075047,1,1.747049284846,"image",-3450.38211019084,3506.37200482132,4429.90118017864,3086.33650376656
"A199",4150.25,4625.83333333333,737.5,35,25,25,35,"Polyamide (naturally occurring)",0.949374759682262,"Comparstic LDIR F2Ba Au MP2 240925.xlsx",30.6433380075047,1.4,1.61108242710418,"image",-1478.17377685751,-1434.16966184535,734.17515731533,-343.605674048926
"A200",6485.91666666667,3872.05,725,30,30,30,30,"Polyamide (naturally occurring)",0.937432938110214,"Comparstic LDIR F2Ba Au MP2 240925.xlsx",30.3825388987325,1,1.92839575169132,"image",857.492889809157,-2187.95299517868,-1572.23140362551,-40.4331285437247
"A201",2440.06578947368,12081.7324561404,725,35,25,25,35,"Polyamide (naturally occurring)",0.940423370402516,"Comparstic LDIR F2Ba Au MP2 240925.xlsx",30.3825388987325,1.4,1.57688356607593,"image",-3188.35798738383,6021.72946096167,5227.19679849825,5346.88480321842
"A202",9999.45175438597,3439.01315789474,725,40,25,25,40,"Polyamide (naturally occurring)",0.95017311182442,"Comparstic LDIR F2Ba Au MP2 240925.xlsx",30.3825388987325,1.6,1.51011786976367,"image",4371.02797752845,-2620.98983728395,-4757.06800990263,1015.84992370686
"A203",5863.96929824561,6371.99561403509,725,35,25,25,35,"Polyamide (naturally occurring)",0.963845759382545,"Comparstic LDIR F2Ba Au MP2 240925.xlsx",30.3825388987325,1.4,1.57688356607593,"image",235.545521388103,311.992618856404,-24.1741784324782,1847.86451550704
"A204",7758.09210526316,10756.0745614035,725,41,28,28,41,"Polyethylene terephthalate",0.858466609997686,"Comparstic LDIR F2Ba Au MP2 240925.xlsx",30.3825388987325,0.690476187719499,1.49777156346848,"image",2129.66832840565,4696.07156622482,134.452113736475,6371.68838829027
"A205",2667.56578947368,5346.25,725,37,26,26,37,"Polyamide (naturally occurring)",0.972780674923961,"Comparstic LDIR F2Ba Au MP2 240925.xlsx",30.3825388987325,1.42105267444141,1.54909864049853,"image",-2960.85798738383,-713.752995178685,2296.54582622793,-328.887987616648
"A206",11515.8333333333,3407.76041666667,712.5,35,25,25,35,"Polyamide (naturally occurring)",0.949650640398687,"Comparstic LDIR F2Ba Au MP2 240925.xlsx",30.1194816626018,0.714285714285714,1.42242505186114,"image",5887.40955647582,-2652.24257851202,-6068.37158039245,1605.01041130779
"A207",6317.63888888889,2156.91666666667,712.5,35,25,25,35,"Polyamide (naturally occurring)",0.941450452795813,"Comparstic LDIR F2Ba Au MP2 240925.xlsx",30.1194816626018,1.4,1.35788653072357,"image",689.215112031377,-3903.08632851202,-2124.77457178134,-1577.60202137637
"A209",8157.26449275362,10670.1268115942,712.5,36,28,28,36,"Polyamide (naturally occurring)",0.940334600848329,"Comparstic LDIR F2Ba Au MP2 240925.xlsx",30.1194816626018,0.783783837065053,1.77124510706716,"image",2528.84071589611,4610.12381641552,-242.30420416249,6460.21998008969
"A211",8024.90942028986,10689.4384057971,712.5,30,30,30,30,"Polyamide (naturally occurring)",0.934788459042757,"Comparstic LDIR F2Ba Au MP2 240925.xlsx",30.1194816626018,1,1.86240588546414,"image",2396.48564343234,4629.43541061842,-121.113057989129,6422.99810077303
"A213",7870.98684210526,5614.80263157895,700,42,21,21,42,"Polycarbonate",0.692949627009735,"Comparstic LDIR F2Ba Au MP2 240925.xlsx",29.8541066072092,0.5,1.52081410749022,"image",2242.56306524775,-445.200363599737,-2050.51487157862,2014.62615265233
"A218",11638.869047619,3358.0753968254,675,30,30,30,30,"Carbonate",0.739916183928179,"Comparstic LDIR F2Ba Au MP2 240925.xlsx",29.3161507141752,1,1.93707310418579,"image",6010.44527076154,-2701.92759835329,-6193.91884953762,1612.43554359243
"A219",1220.19444444444,2231.30555555556,675,35,25,25,35,"Polycarbonate",0.864297192693158,"Comparstic LDIR F2Ba Au MP2 240925.xlsx",29.3161507141752,0.714285714285714,1.41195375199385,"image",-4408.22933241307,-3828.69743962313,2270.82537329042,-3584.37988565287
"A220",6534.125,2649.29166666667,675,30,30,30,30,"Polyamide (naturally occurring)",0.940643229375813,"Comparstic LDIR F2Ba Au MP2 240925.xlsx",29.3161507141752,1,1.83560268218745,"image",905.701223142489,-3410.71132851202,-2110.17721970071,-1068.00604516423
"A221",11725.2777777778,4460.625,675,30,25,25,30,"Polyamide (naturally occurring)",0.866809520082321,"Comparstic LDIR F2Ba Au MP2 240925.xlsx",29.3161507141752,0.833333333333333,1.26588554059327,"image",6096.85400092027,-1599.37799517868,-5820.08378804315,2591.7421317602
"A222",2614.97549019608,11480.4656862745,675,30,25,25,30,"Polyamide (naturally occurring)",0.937795511675505,"Comparstic LDIR F2Ba Au MP2 240925.xlsx",29.3161507141752,1.2,1.61419223486148,"image",-3013.44828666143,5420.46269109583,4833.18346794799,4903.01276582177
"A226",9017.91666666667,3226.25,662.5,30,25,25,30,"Cellulosic",0.857929704870774,"Comparstic LDIR F2Ba Au MP2 240925.xlsx",29.0434364080259,1.2,1.36462038127896,"image",3389.49288980916,-2833.75299517868,-4002.91451253868,434.961738422384
"A230",5578.75,11425.4166666667,662.5,30,30,30,30,"Chitin",0.828103633690543,"Comparstic LDIR F2Ba Au MP2 240925.xlsx",29.0434364080259,1,1.36462038127896,"image",-49.6737768575113,5365.41367148798,2272.68597228986,6059.69750096347
"A231",1235,6300.78703703704,662.5,30,25,25,30,"Polyamide (naturally occurring)",0.967814555602615,"Comparstic LDIR F2Ba Au MP2 240925.xlsx",29.0434364080259,1.2,1.74893429954177,"image",-4393.42377685751,240.784041858353,3911.09091126414,-93.3155492538785
"A232",10620.8088235294,5035.26960784314,650,30,30,30,30,"Polyamide (naturally occurring)",0.915708199824675,"Comparstic LDIR F2Ba Au MP2 240925.xlsx",28.768136958758,1,1.65193256284433,"image",4992.3850466719,-1024.73338733555,-4640.82150401704,2635.24627366984
"A233",10747.75,5344.625,650,38,25,25,38,"Polyamide (naturally occurring)",0.901091221197316,"Comparstic LDIR F2Ba Au MP2 240925.xlsx",28.768136958758,1.54545430753316,1.69625710330999,"image",5119.32622314249,-715.377995178684,-4623.87807524834,2951.73523250429
"A237",12833.5606060606,6599.4696969697,637.5,30,25,25,30,"Polyamide (naturally occurring)",0.969545731973827,"Comparstic LDIR F2Ba Au MP2 240925.xlsx",28.490177426065,0.833333333333333,1.92917975800353,"image",7205.1368292031,539.466701791012,-5900.44524858928,4873.58378912426
"A238",10794.9242424242,5710.15151515152,637.5,30,25,25,30,"Polyamide (naturally occurring)",0.909261335902999,"Comparstic LDIR F2Ba Au MP2 240925.xlsx",28.490177426065,1.2,1.92917975800353,"image",5166.50046556673,-349.851480027169,-4515.80766374957,3283.92861607233
"A239",10699.8863636364,5959.31818181818,637.5,30,25,25,30,"Cellulosic",0.944614896333655,"Comparstic LDIR F2Ba Au MP2 240925.xlsx",28.490177426065,0.833333333333333,1.92917975800353,"image",5071.46258677885,-100.684813360502,-4333.21177977549,3458.70913201123
"A240",10007.5378787879,1571.32575757576,637.5,30,25,25,30,"Polyamide (naturally occurring)",0.948715287677415,"Comparstic LDIR F2Ba Au MP2 240925.xlsx",28.490177426065,1.2,1.92917975800353,"image",4379.11410193037,-4488.67723760293,-5522.61142958549,-580.328660108223
"A244",5864.77272727273,7782.76515151515,637.5,39,21,21,39,"Polyamide (naturally occurring)",0.92180761624123,"Comparstic LDIR F2Ba Au MP2 240925.xlsx",28.490177426065,1.8333333707972,1.79799762576978,"image",236.348950415217,1722.76215633647,548.165128523986,3056.35539501929
"A245",3045.97222222222,2693.28703703704,625,32,25,25,32,"Polyamide (naturally occurring)",0.947139047880254,"Comparstic LDIR F2Ba Au MP2 240925.xlsx",28.2094791773878,1.28571442333666,1.71604242926877,"image",-2582.45155463529,-3366.71595814165,894.901173129769,-2447.14931064979
"A247",5162.68518518519,6607.12962962963,625,30,25,25,30,"Polyamide (naturally occurring)",0.95757956575154,"Comparstic LDIR F2Ba Au MP2 240925.xlsx",28.2094791773878,1.2,1.74831168983756,"image",-465.738591672326,547.126634450946,671.903243039416,1764.38213541866
"A248",7821.38157894737,10279.9780701754,625,30,25,25,30,"Polyamide (naturally occurring)",0.97276566394641,"Comparstic LDIR F2Ba Au MP2 240925.xlsx",28.2094791773878,0.833333333333333,1.80237891110783,"image",2192.95780208986,4219.97507499675,-113.129366356414,5989.67255548045
"A251",5429.90740740741,7822.87037037037,625,30,25,25,30,"Polyamide (naturally occurring)",0.945224783067511,"Comparstic LDIR F2Ba Au MP2 240925.xlsx",28.2094791773878,1.2,1.74831168983756,"image",-198.516369450103,1762.86737519169,936.868054769243,2914.06708040472
"A252",6961.62037037037,3530.46296296296,625,40,20,20,40,"Polyamide (naturally occurring)",0.959672078576031,"Comparstic LDIR F2Ba Au MP2 240925.xlsx",28.2094791773878,2,1.60447065361167,"image",1333.19659351286,-2529.54003221572,-2118.36388138563,-139.742128573199
"A255",2389.89035087719,8620.76754385965,612.5,30,25,25,30,"Polyamide (naturally occurring)",0.918731642282479,"Comparstic LDIR F2Ba Au MP2 240925.xlsx",27.9259596281003,1.2,1.82258161842535,"image",-3238.53342598032,2560.76454868097,3864.38924858306,2362.57951765634
"A256",1408.33333333333,4248.14393939394,612.5,30,25,25,30,"Polyamide (naturally occurring)",0.953831033312895,"Comparstic LDIR F2Ba Au MP2 240925.xlsx",27.9259596281003,1.2,1.96918509261723,"image",-4220.09044352418,-1811.85905578474,2928.90651368313,-1780.76754181694
"A260",10470.4166666667,8017.15909090909,600,30,25,25,30,"Sand",0.770421172824445,"Comparstic LDIR F2Ba Au MP2 240925.xlsx",27.6395319577068,1.2,1.29665719926002,"image",4841.99288980916,1957.15609573041,-3300.84168543443,5127.81095490565
"A261",6056.32575757576,344.204545454545,600,30,25,25,30,"Polyamide (naturally occurring)",0.967622113903948,"Comparstic LDIR F2Ba Au MP2 240925.xlsx",27.6395319577068,0.833333333333333,1.29665719926002,"image",427.901980718246,-5715.79844972414,-2637.27810250838,-3236.1252739459
"A263",5282.23484848485,955.795454545455,600,30,25,25,30,"Polyamide (naturally occurring)",0.949210424715306,"Comparstic LDIR F2Ba Au MP2 240925.xlsx",27.6395319577068,1.2,1.29665719926002,"image",-346.188928372663,-5104.20754063323,-1725.94037200685,-3026.78761944855
"A264",10125.7196969697,4695.26515151515,600,30,25,25,30,"Polyamide (naturally occurring)",0.972102100468779,"Comparstic LDIR F2Ba Au MP2 240925.xlsx",27.6395319577068,1.2,1.29665719926002,"image",4497.29592011218,-1364.73784366353,-4354.9369115549,2142.97526726347
"A265",4430.34090909091,4546.55303030303,600,30,25,25,30,"Polyamide (naturally occurring)",0.935189290172542,"Comparstic LDIR F2Ba Au MP2 240925.xlsx",27.6395319577068,1.2,1.29665719926002,"image",-1198.0828677666,-1513.44996487565,462.106844994064,-297.732766024642
"A266",2722.61363636364,8605.11363636364,600,30,25,25,30,"Polyamide (naturally occurring)",0.958380848164594,"Comparstic LDIR F2Ba Au MP2 240925.xlsx",27.6395319577068,0.833333333333333,1.29665719926002,"image",-2905.81014049387,2545.11064118495,3573.09107256497,2484.31949221155
"A273",3652.1875,1197.76041666667,587.5,48,22,22,48,"Polyamide (naturally occurring)",0.93235243343228,"Comparstic LDIR F2Ba Au MP2 240925.xlsx",27.3501047992857,0.448979610064654,1.51629376110459,"image",-1976.23627685751,-4862.24257851202,-231.707689604731,-3481.66576411674
"A281",10158.7990196078,7541.5931372549,575,46,25,25,46,"Polyamide (naturally occurring)",0.970070997757321,"Comparstic LDIR F2Ba Au MP2 240925.xlsx",27.05758189903,0.538461474617794,1.56081287752319,"image",4530.37524275033,1481.59014207622,-3227.14212678816,4593.96943217145
"A286",10210.4166666667,4354.68137254902,575,34,22,22,34,"Polyamide (naturally occurring)",0.922949798646161,"Comparstic LDIR F2Ba Au MP2 240925.xlsx",27.05758189903,1.5,1.71195331345966,"image",4581.99288980916,-1705.32162262966,-4565.80884284004,1885.70605682219
"A287",1906.98529411765,9542.57352941177,575,30,25,25,30,"Polyamide (naturally occurring)",0.958199966475364,"Comparstic LDIR F2Ba Au MP2 240925.xlsx",27.05758189903,1.2,1.83342640276485,"image",-3721.43848273986,3482.57053423308,4652.36260722966,2955.85537016312
"A288",2117.91666666667,2105.80882352941,575,30,25,25,30,"Polyamide (naturally occurring)",0.958325482295452,"Comparstic LDIR F2Ba Au MP2 240925.xlsx",27.05758189903,1.2,1.83342640276485,"image",-3510.50711019084,-3954.19417164927,1451.05347785803,-3327.21620488022
"A300",2004.94047619048,5135,562.5,30,25,25,30,"Polyamide (naturally occurring)",0.940828186962302,"Comparstic LDIR F2Ba Au MP2 240925.xlsx",26.7618617422916,0.833333333333333,1.60235777721448,"image",-3623.48330066704,-925.002995178685,2778.20378796922,-778.945330076
"A302",8236.34259259259,10096.0648148148,550,30,25,25,30,"Polyamide (naturally occurring)",0.937722753606073,"Comparstic LDIR F2Ba Au MP2 240925.xlsx",26.4628371420061,0.833333333333333,1.87614506134744,"image",2607.91881573508,4036.06181963613,-543.198554024047,6000.72080744074
"A303",5624.90740740741,2541.01851851852,550,30,25,25,30,"Polyamide (naturally occurring)",0.955524497450158,"Comparstic LDIR F2Ba Au MP2 240925.xlsx",26.4628371420061,1.2,1.87614506134744,"image",-3.51636945010432,-3518.98447666017,-1375.51365244509,-1530.03638503787
"A304",6962.82407407407,4380.87962962963,550,30,25,25,30,"Polyamide (naturally occurring)",0.875017308918085,"Comparstic LDIR F2Ba Au MP2 240925.xlsx",26.4628371420061,0.833333333333333,1.87614506134744,"image",1334.40029721656,-1679.12336554905,-1773.97188365403,589.032480286173
"A307",6661.2962962963,9874.58333333333,550,30,25,25,30,"Polyamide",0.627841765540542,"Comparstic LDIR F2Ba Au MP2 240925.xlsx",26.4628371420061,1.2,1.87614506134744,"image",1032.87251943879,3814.58033815465,715.688948977473,5171.29356814148
"A313",2006.25,6607.08333333333,537.5,41,19,19,41,"Polyamide (naturally occurring)",0.930045299463583,"Comparstic LDIR F2Ba Au MP2 240925.xlsx",26.1603947847725,2.21052638314133,1.41752483661644,"image",-3622.17377685751,547.080338154648,3375.01416227915,482.259446548721
"A320",11836.25,4767.91666666667,537.5,41,19,19,41,"Polyamide (naturally occurring)",0.951839364264435,"Comparstic LDIR F2Ba Au MP2 240925.xlsx",26.1603947847725,0.461538414695679,1.41752483661644,"image",6207.82622314249,-1292.08632851202,-5790.30300160412,2899.97746217663
"A332",2564.79166666667,9656.5625,525,30,20,20,30,"Polyamide (naturally occurring)",0.965942020163795,"Comparstic LDIR F2Ba Au MP2 240925.xlsx",25.8544147291321,1.5,1.80488204132595,"image",-3063.63211019084,3596.55950482132,4135.32597052656,3320.66228104838
"A333",6743.07291666667,9687.03125,525,30,25,25,30,"Polyamide (naturally occurring)",0.967155986327077,"Comparstic LDIR F2Ba Au MP2 240925.xlsx",25.8544147291321,1.2,1.80488204132595,"image",1114.64913980916,3627.02825482132,569.476487268459,5043.89250666193
"A334",3910.15625,9802.13541666667,525,30,25,25,30,"Polyamide (naturally occurring)",0.967092336603871,"Comparstic LDIR F2Ba Au MP2 240925.xlsx",25.8544147291321,1.2,1.80488204132595,"image",-1718.26752685751,3742.13242148798,3042.3022825539,3991.79014221121
"A336",2519.58333333333,11782.9166666667,512.5,30,25,25,30,"Polyamide (naturally occurring)",0.951604304839512,"Comparstic LDIR F2Ba Au MP2 240925.xlsx",25.5447698497515,0.833333333333333,1.62134022812677,"image",-3108.84044352418,5722.91367148798,5037.72581067278,5123.28136876821
"A337",3351.36904761905,4954.70238095238,512.5,32,21,21,32,"Polyamide (naturally occurring)",0.947647703170995,"Comparstic LDIR F2Ba Au MP2 240925.xlsx",25.5447698497515,1.4999998876084,1.66317893971171,"image",-2277.05472923846,-1105.3006142263,1551.90659343813,-386.456553367658
"A338",6612.08333333333,5945.41666666667,512.5,30,20,20,30,"Carbonate",0.799788225715532,"Comparstic LDIR F2Ba Au MP2 240925.xlsx",25.5447698497515,0.666666666666667,1.62134022812677,"image",983.659556475822,-114.586328512018,-838.117367058951,1786.41737546542
"A339",2546.60714285714,6317.38095238095,512.5,32,22,22,32,"Polyamide (naturally occurring)",0.944809928034373,"Comparstic LDIR F2Ba Au MP2 240925.xlsx",25.5447698497515,0.699999917065963,1.66317893971171,"image",-3081.81663400037,257.377957202268,2794.58787232074,453.644764915633
"A353",7136.15740740741,11407.5,487.5,30,20,20,30,"Polyamide (naturally occurring)",0.958094951707511,"Comparstic LDIR F2Ba Au MP2 240925.xlsx",24.9139374258344,1.5,1.99677304913606,"image",1507.7336305499,5347.49700482132,931.665276048436,6676.94272760426
"A356",4226.2037037037,4483.7962962963,487.5,30,20,20,30,"Cellulosic",0.948807229322959,"Comparstic LDIR F2Ba Au MP2 240925.xlsx",24.9139374258344,1.5,1.99677304913606,"image",-1402.22007315381,-1576.20669888239,611.436698320201,-434.393402753168
"A359",3481.71296296296,9560.41666666667,487.5,30,20,20,30,"Polyamide (naturally occurring)",0.870970369965427,"Comparstic LDIR F2Ba Au MP2 240925.xlsx",24.9139374258344,0.666666666666667,1.99677304913606,"image",-2146.71081389455,3500.41367148798,3311.03400815086,3610.7599800601
"A360",5103.10185185185,7945.64814814815,487.5,30,20,20,30,"Polyamide (naturally occurring)",0.882892107338418,"Comparstic LDIR F2Ba Au MP2 240925.xlsx",24.9139374258344,0.666666666666667,1.99677304913606,"image",-525.321925005659,1885.64515296946,1266.610012654,2886.47025204187
"A375",12729.5277777778,9788.63888888889,462.5,30,20,20,30,"Polyamide (naturally occurring)",0.943460137458787,"Comparstic LDIR F2Ba Au MP2 240925.xlsx",24.2667115497756,0.666666666666667,1.92598674365572,"image",7101.10400092027,3728.63589371021,-4515.97393494069,7562.49036074683
"A377",4829.13888888889,973.194444444444,462.5,30,20,20,30,"Polyamide (naturally occurring)",0.95742539755515,"Comparstic LDIR F2Ba Au MP2 240925.xlsx",24.2667115497756,1.5,1.92598674365572,"image",-799.284887968623,-5086.80855073424,-1330.84779671732,-3195.92618488984
"A379",1056.97222222222,6390.58333333333,462.5,25,20,20,25,"Polyamide (naturally occurring)",0.94883653693476,"Comparstic LDIR F2Ba Au MP2 240925.xlsx",24.2667115497756,1.25,1.9582560042245,"image",-4571.45155463529,330.580338154648,4100.02508904985,-88.7266247264629
"A393",1555.30555555556,12495.5277777778,437.5,32,19,19,32,"Polycarbonate",0.808576132423567,"Comparstic LDIR F2Ba Au MP2 240925.xlsx",23.6017435970657,1.64285699373759,1.89039581641355,"image",-4073.11822130196,6435.52478259909,6152.96953889787,5341.88116554105
"A402",12732.9166666667,7062.08333333333,425,30,15,15,30,"Polyamide (naturally occurring)",0.805130344899859,"Comparstic LDIR F2Ba Au MP2 240925.xlsx",23.2621324584064,0.5,1.80855177021492,"image",7104.49288980916,1002.08033815465,-5626.35036901243,5228.88041884469
"A408",6348.75,9080.41666666667,425,30,20,20,30,"Carbonate",0.728779598998151,"Comparstic LDIR F2Ba Au MP2 240925.xlsx",23.2621324584064,1.5,1.80855177021492,"image",720.326223142489,3020.41367148798,660.774331208214,4364.22937101601
"A417",10572.0833333333,9803.75,425,29,19,19,29,"Carbonate",0.822998721391764,"Comparstic LDIR F2Ba Au MP2 240925.xlsx",23.2621324584064,0.66666669395652,1.82550254605276,"image",4943.65955647582,3743.74700482132,-2662.22894686102,6699.11903159178
"A472",3759.58333333333,1639.58333333333,362.5,29,20,20,29,"Polyamide",0.663111423319241,"Comparstic LDIR F2Ba Au MP2 240925.xlsx",21.4836992849578,0.692307723853265,1.98456724068244,"image",-1868.84044352418,-4420.41966184535,-144.220133795491,-3059.67229451523
