"particle_id","x_um","y_um","area_um2","major_um","minor_um","feret_min_um","feret_max_um","material","quality","source_file"
"MP_-1",500,6900,2500,60.4,52.7,50,60.4,"Protein",0.771,"Comparstic Spotlight F2Ba Au 240926.csv"
"MP_-1",525,4375,1875,60.4,39.6,30,60.4,"Protein",0.777,"Comparstic Spotlight F2Ba Au 240926.csv"
"MP_-1",575,7775,1875,60.4,39.6,50,60.4,"Protein",0.781,"Comparstic Spotlight F2Ba Au 240926.csv"
"MP_-1",650,6950,2500,60.4,52.7,50,60.4,"Protein",0.769,"Comparstic Spotlight F2Ba Au 240926.csv"
"MP_-1",725,4575,3125,75,53.1,55,75,"Protein",0.79,"Comparstic Spotlight F2Ba Au 240926.csv"
"MP_-1",750,8175,3125,80.9,49.2,55,80.9,"Protein",0.822,"Comparstic Spotlight F2Ba Au 240926.csv"
"MP_-1",875,5250,1250,50,31.8,25,50,"Protein",0.728,"Comparstic Spotlight F2Ba Au 240926.csv"
"MP_0",1000,3800,3750,104.1,45.9,77.5,104.1,"PET",0.886,"Comparstic Spotlight F2Ba Au 240926.csv"
"MP_1",1150,3250,6875,152.5,57.4,75,152.5,"PET",0.848,"Comparstic Spotlight F2Ba Au 240926.csv"
"MP_-1",1200,4450,2500,60.4,52.7,50,60.4,"Protein",0.72,"Comparstic Spotlight F2Ba Au 240926.csv"
"MP_-1",1325,4050,1250,50,31.8,25,50,"Protein",0.693,"Comparstic Spotlight F2Ba Au 240926.csv"
"MP_-1",1450,4200,2500,60.4,52.7,50,60.4,"Protein",0.782,"Comparstic Spotlight F2Ba Au 240926.csv"
"MP_-1",1525,5850,6875,104.1,84.1,97.5,104.1,"Protein",0.828,"Comparstic Spotlight F2Ba Au 240926.csv"
"MP_2",1550,3000,3750,80.9,59,50,80.9,"PET",0.878,"Comparstic Spotlight F2Ba Au 240926.csv"
"MP_-1",1525,3375,1875,60.4,39.6,50,60.4,"Protein",0.666,"Comparstic Spotlight F2Ba Au 240926.csv"
"MP_-1",1550,5650,2500,60.4,52.7,50,60.4,"Protein",0.739,"Comparstic Spotlight F2Ba Au 240926.csv"
"MP_-1",1550,6525,1875,60.4,39.6,30,60.4,"Protein",0.704,"Comparstic Spotlight F2Ba Au 240926.csv"
"MP_-1",1650,4500,2500,60.4,52.7,50,60.4,"Protein",0.773,"Comparstic Spotlight F2Ba Au 240926.csv"
"MP_-1",1675,2900,2500,75,42.4,55,75,"Cellulose",0.692,"Comparstic Spotlight F2Ba Au 240926.csv"
"MP_-1",1700,2700,5000,128.1,49.7,50,128.1,"Cellulose",0.769,"Comparstic Spotlight F2Ba Au 240926.csv"
"MP_-1",1725,5475,3750,80.9,59,55,80.9,"Protein",0.833,"Comparstic Spotlight F2Ba Au 240926.csv"
"MP_-1",1800,6325,6250,104.1,76.5,100,104.1,"Protein",0.884,"Comparstic Spotlight F2Ba Au 240926.csv"
"MP_-1",1825,7725,1875,60.4,39.6,50,60.4,"Protein",0.725,"Comparstic Spotlight F2Ba Au 240926.csv"
"MP_-1",1950,9500,3125,80.9,49.2,50,80.9,"Cellulose",0.886,"Comparstic Spotlight F2Ba Au 240926.csv"
"MP_-1",1975,2550,16250,200.9,103,175,200.9,"Cellulose",0.693,"Comparstic Spotlight F2Ba Au 240926.csv"
"MP_-1",1975,7200,6250,115.1,69.1,75,115.1,"Protein",0.947,"Comparstic Spotlight F2Ba Au 240926.csv"
"MP_-1",1975,9750,3125,80.9,49.2,50,80.9,"Protein",0.796,"Comparstic Spotlight F2Ba Au 240926.csv"
"MP_-1",2000,4850,2500,60.4,52.7,50,60.4,"Protein",0.898,"Comparstic Spotlight F2Ba Au 240926.csv"
"MP_-1",2000,9575,3125,80.9,49.2,55,80.9,"Protein",0.796,"Comparstic Spotlight F2Ba Au 240926.csv"
"MP_-1",2050,10250,2500,60.4,52.7,50,60.4,"Protein",0.799,"Comparstic Spotlight F2Ba Au 240926.csv"
"MP_-1",2050,5300,2500,60.4,52.7,50,60.4,"Protein",0.75,"Comparstic Spotlight F2Ba Au 240926.csv"
"MP_-1",2125,7025,2500,75,42.4,55,75,"Protein",0.769,"Comparstic Spotlight F2Ba Au 240926.csv"
"MP_-1",2150,9000,2500,60.4,52.7,50,60.4,"Protein",0.674,"Comparstic Spotlight F2Ba Au 240926.csv"
"MP_-1",2175,9775,1875,60.4,39.6,30,60.4,"Protein",0.67,"Comparstic Spotlight F2Ba Au 240926.csv"
"MP_-1",2225,7700,3125,80.9,49.2,75,80.9,"Cellulose",0.773,"Comparstic Spotlight F2Ba Au 240926.csv"
"MP_-1",2250,2825,4375,95.7,58.2,75,95.7,"Protein",0.858,"Comparstic Spotlight F2Ba Au 240926.csv"
"MP_-1",2225,4850,3125,80.9,49.2,50,80.9,"Protein",0.722,"Comparstic Spotlight F2Ba Au 240926.csv"
"MP_-1",2200,10000,2500,60.4,52.7,50,60.4,"Protein",0.788,"Comparstic Spotlight F2Ba Au 240926.csv"
"MP_-1",2250,7875,4375,95.7,58.2,75,95.7,"Cellulose",0.813,"Comparstic Spotlight F2Ba Au 240926.csv"
"MP_-1",2300,4550,2500,60.4,52.7,50,60.4,"Protein",0.72,"Comparstic Spotlight F2Ba Au 240926.csv"
"MP_-1",2300,9575,1250,50,31.8,30,50,"Protein",0.677,"Comparstic Spotlight F2Ba Au 240926.csv"
"MP_-1",2350,2250,3750,80.9,59,50,80.9,"Protein",0.863,"Comparstic Spotlight F2Ba Au 240926.csv"
"MP_-1",2350,7500,2500,60.4,52.7,50,60.4,"Protein",0.74,"Comparstic Spotlight F2Ba Au 240926.csv"
"MP_3",2500,2675,31875,292.5,138.7,195,292.5,"PET",0.91,"Comparstic Spotlight F2Ba Au 240926.csv"
"MP_-1",2425,2775,8750,150,74.3,97.5,150,"Protein",0.95,"Comparstic Spotlight F2Ba Au 240926.csv"
"MP_-1",2450,1850,3125,75,53.1,55,75,"Protein",0.775,"Comparstic Spotlight F2Ba Au 240926.csv"
"MP_-1",2450,3575,1250,50,31.8,30,50,"Protein",0.687,"Comparstic Spotlight F2Ba Au 240926.csv"
"MP_-1",2500,3200,2500,60.4,52.7,50,60.4,"Protein",0.786,"Comparstic Spotlight F2Ba Au 240926.csv"
"MP_-1",2500,4775,3125,80.9,49.2,62.5,80.9,"Protein",0.746,"Comparstic Spotlight F2Ba Au 240926.csv"
"MP_-1",2550,5175,1250,50,31.8,50,50,"Cellulose",0.687,"Comparstic Spotlight F2Ba Au 240926.csv"
"MP_-1",2600,4750,1875,60.4,39.6,50,60.4,"Protein",0.696,"Comparstic Spotlight F2Ba Au 240926.csv"
"MP_-1",2600,2050,3750,100,47.7,50,100,"Cellulose",0.845,"Comparstic Spotlight F2Ba Au 240926.csv"
"MP_-1",2650,2950,625,31.8,25,25,31.8,"Protein",0.664,"Comparstic Spotlight F2Ba Au 240926.csv"
"MP_-1",2675,5600,1875,60.4,39.6,30,60.4,"Protein",0.838,"Comparstic Spotlight F2Ba Au 240926.csv"
"MP_-1",2675,8050,1875,60.4,39.6,30,60.4,"Protein",0.73,"Comparstic Spotlight F2Ba Au 240926.csv"
"MP_4",3075,1275,140625,743.7,240.7,352.5,743.7,"PET",0.911,"Comparstic Spotlight F2Ba Au 240926.csv"
"MP_-1",2750,6500,2500,80.9,39.3,50,80.9,"Protein",0.835,"Comparstic Spotlight F2Ba Au 240926.csv"
"MP_-1",2775,7850,1875,60.4,39.6,30,60.4,"Protein",0.712,"Comparstic Spotlight F2Ba Au 240926.csv"
"MP_-1",2800,5050,1875,60.4,39.6,30,60.4,"Protein",0.759,"Comparstic Spotlight F2Ba Au 240926.csv"
"MP_5",2925,5850,19375,255.4,96.6,150,255.4,"PET",0.802,"Comparstic Spotlight F2Ba Au 240926.csv"
"MP_-1",2900,2850,5000,95.7,66.5,75,95.7,"Cellulose",0.819,"Comparstic Spotlight F2Ba Au 240926.csv"
"MP_-1",2875,9075,3125,80.9,49.2,55,80.9,"Protein",0.779,"Comparstic Spotlight F2Ba Au 240926.csv"
"MP_-1",2925,3850,5625,104.1,68.8,97.5,104.1,"Cellulose",0.734,"Comparstic Spotlight F2Ba Au 240926.csv"
"MP_-1",2900,5400,2500,60.4,52.7,50,60.4,"Protein",0.721,"Comparstic Spotlight F2Ba Au 240926.csv"
"MP_-1",2950,6300,3750,80.9,59,75,80.9,"Cellulose",0.84,"Comparstic Spotlight F2Ba Au 240926.csv"
"MP_-1",2975,3375,1875,60.4,39.6,30,60.4,"Protein",0.793,"Comparstic Spotlight F2Ba Au 240926.csv"
"MP_-1",2975,4000,1875,60.4,39.6,30,60.4,"Protein",0.731,"Comparstic Spotlight F2Ba Au 240926.csv"
"MP_-1",3025,6900,2500,80.9,39.3,55,80.9,"Protein",0.79,"Comparstic Spotlight F2Ba Au 240926.csv"
"MP_-1",3100,8200,2500,60.4,52.7,50,60.4,"Protein",0.797,"Comparstic Spotlight F2Ba Au 240926.csv"
"MP_-1",3175,5750,1875,60.4,39.6,50,60.4,"Protein",0.789,"Comparstic Spotlight F2Ba Au 240926.csv"
"MP_-1",3150,8050,1875,60.4,39.6,30,60.4,"Protein",0.709,"Comparstic Spotlight F2Ba Au 240926.csv"
"MP_-1",3200,10200,5000,95.7,66.5,75,95.7,"Protein",0.924,"Comparstic Spotlight F2Ba Au 240926.csv"
"MP_-1",3200,3450,8125,150,69,112.5,150,"Cellulose",0.771,"Comparstic Spotlight F2Ba Au 240926.csv"
"MP_-1",3200,7750,1875,60.4,39.6,50,60.4,"Protein",0.773,"Comparstic Spotlight F2Ba Au 240926.csv"
"MP_6",3350,10500,36250,266.7,173.1,230,266.7,"PET",0.859,"Comparstic Spotlight F2Ba Au 240926.csv"
"MP_-1",3250,3475,1875,60.4,39.6,50,60.4,"Protein",0.698,"Comparstic Spotlight F2Ba Au 240926.csv"
"MP_-1",3250,10350,2500,60.4,52.7,50,60.4,"Protein",0.757,"Comparstic Spotlight F2Ba Au 240926.csv"
"MP_-1",3300,3900,3125,80.9,49.2,50,80.9,"Cellulose",0.717,"Comparstic Spotlight F2Ba Au 240926.csv"
"MP_-1",3250,4550,2500,60.4,52.7,50,60.4,"Protein",0.714,"Comparstic Spotlight F2Ba Au 240926.csv"
"MP_-1",3275,6250,3125,80.9,49.2,50,80.9,"Protein",0.671,"Comparstic Spotlight F2Ba Au 240926.csv"
"MP_-1",3325,9950,1875,60.4,39.6,50,60.4,"Protein",0.754,"Comparstic Spotlight F2Ba Au 240926.csv"
"MP_-1",3300,10025,1250,50,31.8,30,50,"Protein",0.694,"Comparstic Spotlight F2Ba Au 240926.csv"
"MP_-1",3350,11900,2500,60.4,52.7,50,60.4,"Protein",0.664,"Comparstic Spotlight F2Ba Au 240926.csv"
"MP_-1",3600,7700,2500,60.4,52.7,50,60.4,"Protein",0.791,"Comparstic Spotlight F2Ba Au 240926.csv"
"MP_-1",3600,7875,2500,80.9,39.3,50,80.9,"Protein",0.763,"Comparstic Spotlight F2Ba Au 240926.csv"
"MP_-1",3650,8950,3125,80.9,49.2,50,80.9,"Protein",0.837,"Comparstic Spotlight F2Ba Au 240926.csv"
"MP_-1",3650,3250,2500,60.4,52.7,50,60.4,"Protein",0.796,"Comparstic Spotlight F2Ba Au 240926.csv"
"MP_-1",3700,2150,3125,80.9,49.2,50,80.9,"Protein",0.832,"Comparstic Spotlight F2Ba Au 240926.csv"
"MP_-1",3700,3150,2500,80.9,39.3,55,80.9,"Cellulose",0.672,"Comparstic Spotlight F2Ba Au 240926.csv"
"MP_-1",3700,8850,2500,60.4,52.7,50,60.4,"Protein",0.784,"Comparstic Spotlight F2Ba Au 240926.csv"
"MP_-1",3725,8100,1875,60.4,39.6,30,60.4,"Protein",0.782,"Comparstic Spotlight F2Ba Au 240926.csv"
"MP_-1",3750,9550,3125,80.9,49.2,55,80.9,"Protein",0.811,"Comparstic Spotlight F2Ba Au 240926.csv"
"MP_-1",3700,10575,3750,95.7,49.9,62.5,95.7,"Protein",0.758,"Comparstic Spotlight F2Ba Au 240926.csv"
"MP_-1",3775,3425,4375,104.1,53.5,80,104.1,"Cellulose",0.788,"Comparstic Spotlight F2Ba Au 240926.csv"
"MP_-1",3825,3325,1875,60.4,39.6,30,60.4,"Cellulose",0.669,"Comparstic Spotlight F2Ba Au 240926.csv"
"MP_-1",3925,4600,1875,60.4,39.6,30,60.4,"Protein",0.786,"Comparstic Spotlight F2Ba Au 240926.csv"
"MP_-1",3900,9950,2500,60.4,52.7,50,60.4,"Protein",0.69,"Comparstic Spotlight F2Ba Au 240926.csv"
"MP_-1",3950,950,4375,80.9,68.9,75,80.9,"Protein",0.733,"Comparstic Spotlight F2Ba Au 240926.csv"
"MP_-1",3975,3375,1875,60.4,39.6,30,60.4,"Protein",0.738,"Comparstic Spotlight F2Ba Au 240926.csv"
"MP_-1",4050,1150,3750,104.1,45.9,62.5,104.1,"Cellulose",0.686,"Comparstic Spotlight F2Ba Au 240926.csv"
"MP_-1",4050,9750,3125,75,53.1,55,75,"Protein",0.852,"Comparstic Spotlight F2Ba Au 240926.csv"
"MP_-1",4200,1550,28125,417.9,85.7,150,417.9,"Cellulose",0.893,"Comparstic Spotlight F2Ba Au 240926.csv"
"MP_-1",4100,2600,3125,80.9,49.2,55,80.9,"Protein",0.913,"Comparstic Spotlight F2Ba Au 240926.csv"
"MP_-1",4100,7025,1875,60.4,39.6,50,60.4,"Protein",0.713,"Comparstic Spotlight F2Ba Au 240926.csv"
"MP_-1",4100,9550,2500,60.4,52.7,50,60.4,"Protein",0.724,"Comparstic Spotlight F2Ba Au 240926.csv"
"MP_-1",4125,2800,1250,50,31.8,25,50,"Protein",0.747,"Comparstic Spotlight F2Ba Au 240926.csv"
"MP_-1",4200,3600,3125,80.9,49.2,55,80.9,"Protein",0.798,"Comparstic Spotlight F2Ba Au 240926.csv"
"MP_-1",4175,10800,3125,80.9,49.2,75,80.9,"Protein",0.901,"Comparstic Spotlight F2Ba Au 240926.csv"
"MP_-1",4200,1200,1875,60.4,39.6,30,60.4,"Protein",0.766,"Comparstic Spotlight F2Ba Au 240926.csv"
"MP_-1",4200,9000,2500,60.4,52.7,50,60.4,"Protein",0.823,"Comparstic Spotlight F2Ba Au 240926.csv"
"MP_-1",4225,8925,1875,60.4,39.6,30,60.4,"Protein",0.745,"Comparstic Spotlight F2Ba Au 240926.csv"
"MP_-1",4250,1600,1250,50,31.8,30,50,"Protein",0.704,"Comparstic Spotlight F2Ba Au 240926.csv"
"MP_-1",4250,3275,3750,80.9,59,50,80.9,"Protein",0.83,"Comparstic Spotlight F2Ba Au 240926.csv"
"MP_-1",4275,9650,4375,131.1,42.5,72.5,131.1,"Protein",0.8,"Comparstic Spotlight F2Ba Au 240926.csv"
"MP_7",4300,8325,3125,80.9,49.2,55,80.9,"PET",0.733,"Comparstic Spotlight F2Ba Au 240926.csv"
"MP_-1",4300,1200,1875,60.4,39.6,50,60.4,"Protein",0.779,"Comparstic Spotlight F2Ba Au 240926.csv"
"MP_-1",4300,1550,1250,50,31.8,25,50,"Protein",0.703,"Comparstic Spotlight F2Ba Au 240926.csv"
"MP_-1",4350,6375,3750,80.9,59,55,80.9,"Protein",0.814,"Comparstic Spotlight F2Ba Au 240926.csv"
"MP_-1",4350,5450,5000,104.1,61.2,80,104.1,"Protein",0.859,"Comparstic Spotlight F2Ba Au 240926.csv"
"MP_-1",4375,1775,1875,60.4,39.6,30,60.4,"Protein",0.707,"Comparstic Spotlight F2Ba Au 240926.csv"
"MP_-1",4375,7575,1875,60.4,39.6,30,60.4,"Protein",0.701,"Comparstic Spotlight F2Ba Au 240926.csv"
"MP_-1",4400,10650,3125,80.9,49.2,75,80.9,"Protein",0.836,"Comparstic Spotlight F2Ba Au 240926.csv"
"MP_-1",4425,3200,1250,50,31.8,25,50,"Cellulose",0.666,"Comparstic Spotlight F2Ba Au 240926.csv"
"MP_-1",4500,7950,2500,60.4,52.7,50,60.4,"Protein",0.735,"Comparstic Spotlight F2Ba Au 240926.csv"
"MP_-1",4550,7250,1250,50,31.8,50,50,"Protein",0.674,"Comparstic Spotlight F2Ba Au 240926.csv"
"MP_-1",4550,3500,2500,60.4,52.7,50,60.4,"Protein",0.667,"Comparstic Spotlight F2Ba Au 240926.csv"
"MP_-1",4550,3650,4375,80.9,68.9,75,80.9,"Protein",0.842,"Comparstic Spotlight F2Ba Au 240926.csv"
"MP_-1",4550,7575,1250,50,31.8,30,50,"Protein",0.822,"Comparstic Spotlight F2Ba Au 240926.csv"
"MP_-1",4600,11000,1875,60.4,39.6,50,60.4,"Protein",0.664,"Comparstic Spotlight F2Ba Au 240926.csv"
"MP_-1",4650,9250,1250,50,31.8,50,50,"Protein",0.68,"Comparstic Spotlight F2Ba Au 240926.csv"
"MP_-1",4800,1350,48750,777.7,79.8,217.5,777.7,"Cellulose",0.8,"Comparstic Spotlight F2Ba Au 240926.csv"
"MP_-1",4650,2075,6250,170.8,46.6,72.5,170.8,"Cellulose",0.698,"Comparstic Spotlight F2Ba Au 240926.csv"
"MP_8",4725,7200,6250,115.1,69.1,75,115.1,"PET",0.788,"Comparstic Spotlight F2Ba Au 240926.csv"
"MP_-1",4825,10275,8750,207,53.8,75,207,"Cellulose",0.821,"Comparstic Spotlight F2Ba Au 240926.csv"
"MP_-1",4800,2775,1250,50,31.8,50,50,"Protein",0.722,"Comparstic Spotlight F2Ba Au 240926.csv"
"MP_-1",4850,4800,2500,60.4,52.7,50,60.4,"Protein",0.808,"Comparstic Spotlight F2Ba Au 240926.csv"
"MP_-1",4825,9475,4375,104.1,53.5,77.5,104.1,"Protein",0.737,"Comparstic Spotlight F2Ba Au 240926.csv"
"MP_-1",4900,5550,2500,60.4,52.7,50,60.4,"Protein",0.803,"Comparstic Spotlight F2Ba Au 240926.csv"
"MP_-1",4875,6950,3125,80.9,49.2,55,80.9,"Protein",0.825,"Comparstic Spotlight F2Ba Au 240926.csv"
"MP_-1",4875,11100,1875,60.4,39.6,30,60.4,"Protein",0.756,"Comparstic Spotlight F2Ba Au 240926.csv"
"MP_-1",4925,4150,1250,50,31.8,25,50,"Protein",0.666,"Comparstic Spotlight F2Ba Au 240926.csv"
"MP_-1",4950,2475,1875,60.4,39.6,30,60.4,"Protein",0.721,"Comparstic Spotlight F2Ba Au 240926.csv"
"MP_9",4950,5450,3125,80.9,49.2,55,80.9,"Polypro",0.676,"Comparstic Spotlight F2Ba Au 240926.csv"
"MP_-1",4975,5500,5000,95.7,66.5,75,95.7,"Protein",0.937,"Comparstic Spotlight F2Ba Au 240926.csv"
"MP_-1",5000,3650,2500,60.4,52.7,50,60.4,"Protein",0.717,"Comparstic Spotlight F2Ba Au 240926.csv"
"MP_-1",4950,9750,2500,60.4,52.7,50,60.4,"Protein",0.67,"Comparstic Spotlight F2Ba Au 240926.csv"
"MP_-1",5000,775,1250,50,31.8,30,50,"Protein",0.728,"Comparstic Spotlight F2Ba Au 240926.csv"
"MP_-1",5050,1950,13125,177.1,94.4,150,177.1,"Protein",0.956,"Comparstic Spotlight F2Ba Au 240926.csv"
"MP_-1",5025,8475,1875,60.4,39.6,50,60.4,"Protein",0.665,"Comparstic Spotlight F2Ba Au 240926.csv"
"MP_-1",5100,8400,2500,100,31.8,52.5,100,"Protein",0.792,"Comparstic Spotlight F2Ba Au 240926.csv"
"MP_-1",5100,2900,2500,60.4,52.7,50,60.4,"Protein",0.684,"Comparstic Spotlight F2Ba Au 240926.csv"
"MP_-1",5100,3100,2500,60.4,52.7,50,60.4,"Protein",0.726,"Comparstic Spotlight F2Ba Au 240926.csv"
"MP_-1",5100,10675,1875,60.4,39.6,30,60.4,"Protein",0.712,"Comparstic Spotlight F2Ba Au 240926.csv"
"MP_-1",5150,9725,2500,80.9,39.3,50,80.9,"Protein",0.781,"Comparstic Spotlight F2Ba Au 240926.csv"
"MP_-1",5150,3725,2500,75,42.4,50,75,"Protein",0.706,"Comparstic Spotlight F2Ba Au 240926.csv"
"MP_-1",5150,9300,2500,60.4,52.7,50,60.4,"Protein",0.722,"Comparstic Spotlight F2Ba Au 240926.csv"
"MP_-1",5200,6850,2500,60.4,52.7,50,60.4,"Protein",0.771,"Comparstic Spotlight F2Ba Au 240926.csv"
"MP_-1",5175,10075,1875,60.4,39.6,50,60.4,"Protein",0.741,"Comparstic Spotlight F2Ba Au 240926.csv"
"MP_-1",5300,10150,1250,50,31.8,50,50,"Protein",0.834,"Comparstic Spotlight F2Ba Au 240926.csv"
"MP_-1",5300,2700,1875,60.4,39.6,30,60.4,"Protein",0.698,"Comparstic Spotlight F2Ba Au 240926.csv"
"MP_-1",5325,7725,3750,80.9,59,75,80.9,"Protein",0.803,"Comparstic Spotlight F2Ba Au 240926.csv"
"MP_-1",5375,7900,5000,95.7,66.5,75,95.7,"Protein",0.887,"Comparstic Spotlight F2Ba Au 240926.csv"
"MP_-1",5400,11400,3750,80.9,59,50,80.9,"Protein",0.936,"Comparstic Spotlight F2Ba Au 240926.csv"
"MP_-1",5425,2000,3750,80.9,59,75,80.9,"Protein",0.835,"Comparstic Spotlight F2Ba Au 240926.csv"
"MP_-1",5400,5650,1250,50,31.8,25,50,"Protein",0.664,"Comparstic Spotlight F2Ba Au 240926.csv"
"MP_-1",5450,8025,1875,60.4,39.6,30,60.4,"Protein",0.738,"Comparstic Spotlight F2Ba Au 240926.csv"
"MP_-1",5550,8975,3750,95.7,49.9,75,95.7,"Protein",0.91,"Comparstic Spotlight F2Ba Au 240926.csv"
"MP_-1",5575,11525,3750,95.7,49.9,75,95.7,"Protein",0.92,"Comparstic Spotlight F2Ba Au 240926.csv"
"MP_-1",5575,8000,1875,60.4,39.6,50,60.4,"Protein",0.729,"Comparstic Spotlight F2Ba Au 240926.csv"
"MP_-1",5600,9600,1250,50,31.8,30,50,"Protein",0.734,"Comparstic Spotlight F2Ba Au 240926.csv"
"MP_-1",5625,8400,1250,50,31.8,25,50,"Protein",0.694,"Comparstic Spotlight F2Ba Au 240926.csv"
"MP_-1",5675,975,3750,95.7,49.9,55,95.7,"Cellulose",0.701,"Comparstic Spotlight F2Ba Au 240926.csv"
"MP_-1",5675,7650,3750,80.9,59,55,80.9,"Protein",0.775,"Comparstic Spotlight F2Ba Au 240926.csv"
"MP_-1",5700,3100,3125,80.9,49.2,50,80.9,"Protein",0.716,"Comparstic Spotlight F2Ba Au 240926.csv"
"MP_-1",5700,7150,1250,50,31.8,25,50,"Cellulose",0.72,"Comparstic Spotlight F2Ba Au 240926.csv"
"MP_-1",5725,9950,3125,80.9,49.2,50,80.9,"Protein",0.818,"Comparstic Spotlight F2Ba Au 240926.csv"
"MP_-1",5750,5325,3750,80.9,59,50,80.9,"Cellulose",0.737,"Comparstic Spotlight F2Ba Au 240926.csv"
"MP_-1",5825,11675,3125,80.9,49.2,50,80.9,"Cellulose",0.863,"Comparstic Spotlight F2Ba Au 240926.csv"
"MP_-1",5850,5900,1250,50,31.8,25,50,"Protein",0.709,"Comparstic Spotlight F2Ba Au 240926.csv"
"MP_-1",5900,8050,2500,60.4,52.7,50,60.4,"Protein",0.833,"Comparstic Spotlight F2Ba Au 240926.csv"
"MP_-1",5975,3275,2500,95.7,33.3,55,95.7,"Protein",0.743,"Comparstic Spotlight F2Ba Au 240926.csv"
"MP_-1",6000,8575,5625,136.8,52.4,95,136.8,"Protein",0.79,"Comparstic Spotlight F2Ba Au 240926.csv"
"MP_-1",6050,3375,1875,75,31.8,52.5,75,"Protein",0.766,"Comparstic Spotlight F2Ba Au 240926.csv"
"MP_-1",6125,8700,3125,80.9,49.2,50,80.9,"Protein",0.762,"Comparstic Spotlight F2Ba Au 240926.csv"
"MP_-1",6175,2450,3125,80.9,49.2,50,80.9,"Cellulose",0.74,"Comparstic Spotlight F2Ba Au 240926.csv"
"MP_-1",6200,6950,625,31.8,25,25,31.8,"Protein",0.701,"Comparstic Spotlight F2Ba Au 240926.csv"
"MP_-1",6200,9350,2500,60.4,52.7,50,60.4,"Protein",0.671,"Comparstic Spotlight F2Ba Au 240926.csv"
"MP_-1",6200,2150,2500,60.4,52.7,50,60.4,"Protein",0.728,"Comparstic Spotlight F2Ba Au 240926.csv"
"MP_10",6275,2275,21875,228.9,121.7,145,228.9,"PET",0.942,"Comparstic Spotlight F2Ba Au 240926.csv"
"MP_-1",6225,9000,2500,75,42.4,55,75,"Protein",0.757,"Comparstic Spotlight F2Ba Au 240926.csv"
"MP_-1",6225,10175,625,31.8,25,25,31.8,"Protein",0.669,"Comparstic Spotlight F2Ba Au 240926.csv"
"MP_-1",6300,6400,5000,104.1,61.2,50,104.1,"Cellulose",0.746,"Comparstic Spotlight F2Ba Au 240926.csv"
"MP_-1",6300,2750,1875,60.4,39.6,30,60.4,"Protein",0.69,"Comparstic Spotlight F2Ba Au 240926.csv"
"MP_-1",6325,2375,1875,60.4,39.6,50,60.4,"Protein",0.713,"Comparstic Spotlight F2Ba Au 240926.csv"
"MP_-1",6325,9975,3125,80.9,49.2,55,80.9,"Protein",0.831,"Comparstic Spotlight F2Ba Au 240926.csv"
"MP_-1",6450,1900,2500,60.4,52.7,50,60.4,"Protein",0.779,"Comparstic Spotlight F2Ba Au 240926.csv"
"MP_-1",6475,4175,5000,104.1,61.2,95,104.1,"Cellulose",0.712,"Comparstic Spotlight F2Ba Au 240926.csv"
"MP_-1",6500,8325,11250,183.1,78.2,117.5,183.1,"Cellulose",0.85,"Comparstic Spotlight F2Ba Au 240926.csv"
"MP_-1",6475,4025,4375,104.1,53.5,75,104.1,"Cellulose",0.714,"Comparstic Spotlight F2Ba Au 240926.csv"
"MP_11",6700,4825,114375,445.8,326.7,397.5,445.8,"PET",0.866,"Comparstic Spotlight F2Ba Au 240926.csv"
"MP_-1",6525,9075,2500,75,42.4,50,75,"Protein",0.858,"Comparstic Spotlight F2Ba Au 240926.csv"
"MP_-1",6525,5075,2500,75,42.4,30,75,"Protein",0.773,"Comparstic Spotlight F2Ba Au 240926.csv"
"MP_-1",6550,11375,3750,115.1,41.5,72.5,115.1,"Protein",0.858,"Comparstic Spotlight F2Ba Au 240926.csv"
"MP_-1",6550,5825,1250,50,31.8,30,50,"Protein",0.698,"Comparstic Spotlight F2Ba Au 240926.csv"
"MP_-1",6650,11225,1875,60.4,39.6,30,60.4,"Protein",0.829,"Comparstic Spotlight F2Ba Au 240926.csv"
"MP_-1",6700,4450,2500,60.4,52.7,50,60.4,"Protein",0.7,"Comparstic Spotlight F2Ba Au 240926.csv"
"MP_-1",6750,6925,10625,152.5,88.7,100,152.5,"Protein",0.971,"Comparstic Spotlight F2Ba Au 240926.csv"
"MP_-1",6700,11100,1875,60.4,39.6,30,60.4,"Protein",0.714,"Comparstic Spotlight F2Ba Au 240926.csv"
"MP_-1",6725,4375,1875,60.4,39.6,30,60.4,"Protein",0.883,"Comparstic Spotlight F2Ba Au 240926.csv"
"MP_-1",6825,4050,3125,80.9,49.2,55,80.9,"Protein",0.793,"Comparstic Spotlight F2Ba Au 240926.csv"
"MP_-1",6800,7450,1875,60.4,39.6,30,60.4,"Protein",0.748,"Comparstic Spotlight F2Ba Au 240926.csv"
"MP_-1",6850,5950,2500,60.4,52.7,50,60.4,"Protein",0.748,"Comparstic Spotlight F2Ba Au 240926.csv"
"MP_-1",6875,1075,4375,80.9,68.9,75,80.9,"Cellulose",0.885,"Comparstic Spotlight F2Ba Au 240926.csv"
"MP_-1",6850,7100,1875,60.4,39.6,30,60.4,"Protein",0.782,"Comparstic Spotlight F2Ba Au 240926.csv"
"MP_-1",6850,10800,2500,60.4,52.7,50,60.4,"Protein",0.675,"Comparstic Spotlight F2Ba Au 240926.csv"
"MP_-1",6950,4175,1875,60.4,39.6,30,60.4,"Cellulose",0.711,"Comparstic Spotlight F2Ba Au 240926.csv"
"MP_-1",7000,3500,3125,80.9,49.2,50,80.9,"Protein",0.786,"Comparstic Spotlight F2Ba Au 240926.csv"
"MP_-1",6950,6450,2500,60.4,52.7,50,60.4,"Protein",0.681,"Comparstic Spotlight F2Ba Au 240926.csv"
"MP_-1",7000,1525,3750,80.9,59,75,80.9,"Protein",0.838,"Comparstic Spotlight F2Ba Au 240926.csv"
"MP_-1",7000,7800,2500,60.4,52.7,50,60.4,"Protein",0.807,"Comparstic Spotlight F2Ba Au 240926.csv"
"MP_-1",7050,2650,1875,60.4,39.6,50,60.4,"Protein",0.676,"Comparstic Spotlight F2Ba Au 240926.csv"
"MP_12",7075,7800,3125,80.9,49.2,55,80.9,"PET",0.698,"Comparstic Spotlight F2Ba Au 240926.csv"
"MP_-1",7100,8250,1250,50,31.8,25,50,"Protein",0.72,"Comparstic Spotlight F2Ba Au 240926.csv"
"MP_-1",7125,10800,1875,60.4,39.6,30,60.4,"Protein",0.676,"Comparstic Spotlight F2Ba Au 240926.csv"
"MP_-1",7150,3600,1875,60.4,39.6,30,60.4,"Protein",0.789,"Comparstic Spotlight F2Ba Au 240926.csv"
"MP_-1",7175,10025,1875,60.4,39.6,30,60.4,"Protein",0.721,"Comparstic Spotlight F2Ba Au 240926.csv"
"MP_-1",7350,11550,2500,60.4,52.7,50,60.4,"Protein",0.794,"Comparstic Spotlight F2Ba Au 240926.csv"
"MP_-1",7375,6775,625,31.8,25,25,31.8,"Cellulose",0.673,"Comparstic Spotlight F2Ba Au 240926.csv"
"MP_-1",7400,1550,3125,80.9,49.2,75,80.9,"Cellulose",0.685,"Comparstic Spotlight F2Ba Au 240926.csv"
"MP_-1",7450,4350,3125,80.9,49.2,75,80.9,"Protein",0.8,"Comparstic Spotlight F2Ba Au 240926.csv"
"MP_-1",7475,5850,1875,60.4,39.6,50,60.4,"Protein",0.685,"Comparstic Spotlight F2Ba Au 240926.csv"
"MP_-1",7525,10675,4375,80.9,68.9,55,80.9,"Protein",0.815,"Comparstic Spotlight F2Ba Au 240926.csv"
"MP_-1",7550,650,3125,80.9,49.2,50,80.9,"Protein",0.827,"Comparstic Spotlight F2Ba Au 240926.csv"
"MP_-1",7550,2525,4375,80.9,68.9,55,80.9,"Protein",0.895,"Comparstic Spotlight F2Ba Au 240926.csv"
"MP_-1",7550,4275,3750,80.9,59,50,80.9,"Protein",0.732,"Comparstic Spotlight F2Ba Au 240926.csv"
"MP_-1",7550,10500,2500,60.4,52.7,50,60.4,"Protein",0.698,"Comparstic Spotlight F2Ba Au 240926.csv"
"MP_-1",7550,7025,2500,75,42.4,30,75,"Protein",0.775,"Comparstic Spotlight F2Ba Au 240926.csv"
"MP_-1",7575,4775,1875,60.4,39.6,30,60.4,"Protein",0.663,"Comparstic Spotlight F2Ba Au 240926.csv"
"MP_-1",7550,9400,2500,60.4,52.7,50,60.4,"Protein",0.783,"Comparstic Spotlight F2Ba Au 240926.csv"
"MP_-1",7600,4650,2500,60.4,52.7,50,60.4,"Protein",0.703,"Comparstic Spotlight F2Ba Au 240926.csv"
"MP_-1",7600,6450,1250,50,31.8,30,50,"Protein",0.699,"Comparstic Spotlight F2Ba Au 240926.csv"
"MP_-1",7725,5200,4375,95.7,58.2,75,95.7,"Protein",0.875,"Comparstic Spotlight F2Ba Au 240926.csv"
"MP_-1",7825,450,10625,150,90.2,100,150,"Protein",0.945,"Comparstic Spotlight F2Ba Au 240926.csv"
"MP_-1",7775,1350,625,31.8,25,25,31.8,"Protein",0.66,"Comparstic Spotlight F2Ba Au 240926.csv"
"MP_-1",7800,9350,1250,50,31.8,25,50,"Protein",0.671,"Comparstic Spotlight F2Ba Au 240926.csv"
"MP_13",7850,4750,5000,95.7,66.5,75,95.7,"PET",0.737,"Comparstic Spotlight F2Ba Au 240926.csv"
"MP_-1",7875,7225,4375,128.1,43.5,75,128.1,"Protein",0.779,"Comparstic Spotlight F2Ba Au 240926.csv"
"MP_-1",7900,4350,3750,80.9,59,75,80.9,"Protein",0.954,"Comparstic Spotlight F2Ba Au 240926.csv"
"MP_14",7900,3025,3750,80.9,59,75,80.9,"PET",0.746,"Comparstic Spotlight F2Ba Au 240926.csv"
"MP_-1",7950,4875,4375,104.1,53.5,82.5,104.1,"Protein",0.823,"Comparstic Spotlight F2Ba Au 240926.csv"
"MP_-1",7900,7500,1875,60.4,39.6,50,60.4,"Protein",0.782,"Comparstic Spotlight F2Ba Au 240926.csv"
"MP_-1",8000,2175,35625,543.7,83.4,130,543.7,"Cellulose",0.878,"Comparstic Spotlight F2Ba Au 240926.csv"
"MP_15",8175,5300,119375,672.4,226,297.5,672.4,"PET",0.945,"Comparstic Spotlight F2Ba Au 240926.csv"
"MP_-1",7950,3550,2500,75,42.4,55,75,"Protein",0.763,"Comparstic Spotlight F2Ba Au 240926.csv"
"MP_-1",8000,7700,2500,60.4,52.7,50,60.4,"Protein",0.781,"Comparstic Spotlight F2Ba Au 240926.csv"
"MP_-1",8000,8375,1250,50,31.8,30,50,"Protein",0.666,"Comparstic Spotlight F2Ba Au 240926.csv"
"MP_-1",8050,3350,2500,60.4,52.7,50,60.4,"Protein",0.667,"Comparstic Spotlight F2Ba Au 240926.csv"
"MP_-1",8050,4500,2500,60.4,52.7,50,60.4,"Protein",0.736,"Comparstic Spotlight F2Ba Au 240926.csv"
"MP_-1",8075,5075,3750,80.9,59,55,80.9,"Protein",0.911,"Comparstic Spotlight F2Ba Au 240926.csv"
"MP_-1",8100,10525,1875,60.4,39.6,30,60.4,"Protein",0.738,"Comparstic Spotlight F2Ba Au 240926.csv"
"MP_-1",8150,11350,2500,60.4,52.7,50,60.4,"Protein",0.829,"Comparstic Spotlight F2Ba Au 240926.csv"
"MP_-1",8150,9400,1250,50,31.8,50,50,"Protein",0.661,"Comparstic Spotlight F2Ba Au 240926.csv"
"MP_-1",8225,4650,625,31.8,25,25,31.8,"Protein",0.688,"Comparstic Spotlight F2Ba Au 240926.csv"
"MP_-1",8275,8650,2500,80.9,39.3,55,80.9,"Protein",0.793,"Comparstic Spotlight F2Ba Au 240926.csv"
"MP_-1",8275,9825,4375,104.1,53.5,77.5,104.1,"Cellulose",0.704,"Comparstic Spotlight F2Ba Au 240926.csv"
"MP_-1",8350,4950,3750,104.1,45.9,50,104.1,"Cellulose",0.835,"Comparstic Spotlight F2Ba Au 240926.csv"
"MP_-1",8325,5200,1250,50,31.8,25,50,"Protein",0.745,"Comparstic Spotlight F2Ba Au 240926.csv"
"MP_-1",8400,400,2500,60.4,52.7,50,60.4,"Protein",0.664,"Comparstic Spotlight F2Ba Au 240926.csv"
"MP_-1",8400,2625,1875,60.4,39.6,50,60.4,"Protein",0.684,"Comparstic Spotlight F2Ba Au 240926.csv"
"MP_-1",8475,9900,1875,60.4,39.6,50,60.4,"Protein",0.772,"Comparstic Spotlight F2Ba Au 240926.csv"
"MP_-1",8500,3000,2500,60.4,52.7,50,60.4,"Protein",0.793,"Comparstic Spotlight F2Ba Au 240926.csv"
"MP_-1",8575,7075,2500,75,42.4,30,75,"Protein",0.753,"Comparstic Spotlight F2Ba Au 240926.csv"
"MP_16",8650,2625,10625,152.5,88.7,127.5,152.5,"PET",0.823,"Comparstic Spotlight F2Ba Au 240926.csv"
"MP_-1",8650,4400,1250,50,31.8,25,50,"Protein",0.698,"Comparstic Spotlight F2Ba Au 240926.csv"
"MP_-1",8675,3900,1875,60.4,39.6,50,60.4,"Protein",0.735,"Comparstic Spotlight F2Ba Au 240926.csv"
"MP_-1",8675,8750,3125,80.9,49.2,50,80.9,"Protein",0.768,"Comparstic Spotlight F2Ba Au 240926.csv"
"MP_-1",8700,4800,1875,60.4,39.6,30,60.4,"Protein",0.745,"Comparstic Spotlight F2Ba Au 240926.csv"
"MP_-1",8750,8700,2500,60.4,52.7,50,60.4,"Protein",0.779,"Comparstic Spotlight F2Ba Au 240926.csv"
"MP_-1",8750,1775,2500,80.9,39.3,50,80.9,"Protein",0.853,"Comparstic Spotlight F2Ba Au 240926.csv"
"MP_-1",8750,10650,1875,60.4,39.6,30,60.4,"Protein",0.72,"Comparstic Spotlight F2Ba Au 240926.csv"
"MP_-1",8875,7975,4375,80.9,68.9,75,80.9,"Protein",0.945,"Comparstic Spotlight F2Ba Au 240926.csv"
"MP_-1",8900,10150,2500,60.4,52.7,50,60.4,"Protein",0.786,"Comparstic Spotlight F2Ba Au 240926.csv"
"MP_-1",8950,4200,2500,60.4,52.7,50,60.4,"Cellulose",0.748,"Comparstic Spotlight F2Ba Au 240926.csv"
"MP_-1",8950,8625,1875,60.4,39.6,50,60.4,"Protein",0.755,"Comparstic Spotlight F2Ba Au 240926.csv"
"MP_-1",8975,4025,4375,95.7,58.2,75,95.7,"Protein",0.844,"Comparstic Spotlight F2Ba Au 240926.csv"
"MP_-1",8975,11100,1250,50,31.8,25,50,"Protein",0.675,"Comparstic Spotlight F2Ba Au 240926.csv"
"MP_-1",9000,7800,2500,60.4,52.7,50,60.4,"Protein",0.668,"Comparstic Spotlight F2Ba Au 240926.csv"
"MP_-1",9125,10575,1875,60.4,39.6,30,60.4,"Protein",0.756,"Comparstic Spotlight F2Ba Au 240926.csv"
"MP_17",9425,4325,91875,638.7,183.1,252.5,638.7,"PET",0.959,"Comparstic Spotlight F2Ba Au 240926.csv"
"MP_-1",9150,7200,1875,60.4,39.6,50,60.4,"Protein",0.682,"Comparstic Spotlight F2Ba Au 240926.csv"
"MP_-1",9200,4725,3750,80.9,59,50,80.9,"Protein",0.811,"Comparstic Spotlight F2Ba Au 240926.csv"
"MP_-1",9275,10450,3125,80.9,49.2,55,80.9,"Protein",0.79,"Comparstic Spotlight F2Ba Au 240926.csv"
"MP_-1",9425,8150,18125,258.2,89.4,142.5,258.2,"Cellulose",0.901,"Comparstic Spotlight F2Ba Au 240926.csv"
"MP_-1",9325,8525,1875,60.4,39.6,50,60.4,"Protein",0.703,"Comparstic Spotlight F2Ba Au 240926.csv"
"MP_-1",9375,5600,1875,60.4,39.6,50,60.4,"Protein",0.716,"Comparstic Spotlight F2Ba Au 240926.csv"
"MP_-1",9350,6100,2500,60.4,52.7,50,60.4,"Protein",0.798,"Comparstic Spotlight F2Ba Au 240926.csv"
"MP_-1",9400,1200,4375,80.9,68.9,75,80.9,"Protein",0.899,"Comparstic Spotlight F2Ba Au 240926.csv"
"MP_-1",9400,9500,2500,60.4,52.7,50,60.4,"Protein",0.736,"Comparstic Spotlight F2Ba Au 240926.csv"
"MP_-1",9450,7875,9375,226.6,52.7,75,226.6,"Cellulose",0.754,"Comparstic Spotlight F2Ba Au 240926.csv"
"MP_18",9500,7925,5000,95.7,66.5,75,95.7,"PET",0.816,"Comparstic Spotlight F2Ba Au 240926.csv"
"MP_-1",9500,9700,1875,60.4,39.6,50,60.4,"Protein",0.68,"Comparstic Spotlight F2Ba Au 240926.csv"
"MP_-1",9500,3050,3750,80.9,59,50,80.9,"Protein",0.857,"Comparstic Spotlight F2Ba Au 240926.csv"
"MP_-1",9550,6600,1250,50,31.8,50,50,"Cellulose",0.722,"Comparstic Spotlight F2Ba Au 240926.csv"
"MP_-1",9600,10175,1875,60.4,39.6,30,60.4,"Protein",0.834,"Comparstic Spotlight F2Ba Au 240926.csv"
"MP_-1",9625,2025,2500,75,42.4,50,75,"Protein",0.717,"Comparstic Spotlight F2Ba Au 240926.csv"
"MP_-1",9750,5850,1875,60.4,39.6,50,60.4,"Protein",0.75,"Comparstic Spotlight F2Ba Au 240926.csv"
"MP_19",9825,6925,9375,175,68.2,75,175,"PET",0.856,"Comparstic Spotlight F2Ba Au 240926.csv"
"MP_-1",9950,2750,1875,60.4,39.6,50,60.4,"Protein",0.682,"Comparstic Spotlight F2Ba Au 240926.csv"
"MP_-1",9975,9125,1875,60.4,39.6,50,60.4,"Cellulose",0.697,"Comparstic Spotlight F2Ba Au 240926.csv"
"MP_-1",10050,4200,1250,50,31.8,25,50,"Protein",0.741,"Comparstic Spotlight F2Ba Au 240926.csv"
"MP_-1",10050,5975,625,31.8,25,25,31.8,"Protein",0.694,"Comparstic Spotlight F2Ba Au 240926.csv"
"MP_-1",10100,2400,4375,104.1,53.5,77.5,104.1,"Cellulose",0.668,"Comparstic Spotlight F2Ba Au 240926.csv"
"MP_-1",10100,2500,3750,80.9,59,75,80.9,"Protein",0.761,"Comparstic Spotlight F2Ba Au 240926.csv"
"MP_-1",10100,9950,4375,95.7,58.2,72.5,95.7,"Protein",0.672,"Comparstic Spotlight F2Ba Au 240926.csv"
"MP_-1",10125,9625,2500,75,42.4,50,75,"Protein",0.698,"Comparstic Spotlight F2Ba Au 240926.csv"
"MP_-1",10150,3000,2500,60.4,52.7,50,60.4,"Protein",0.753,"Comparstic Spotlight F2Ba Au 240926.csv"
"MP_-1",10150,5400,2500,60.4,52.7,50,60.4,"Protein",0.737,"Comparstic Spotlight F2Ba Au 240926.csv"
"MP_-1",10225,7575,7500,136.8,69.8,75,136.8,"Cellulose",0.872,"Comparstic Spotlight F2Ba Au 240926.csv"
"MP_-1",10200,2250,3125,80.9,49.2,70,80.9,"Protein",0.671,"Comparstic Spotlight F2Ba Au 240926.csv"
"MP_-1",10225,4775,4375,80.9,68.9,75,80.9,"Cellulose",0.779,"Comparstic Spotlight F2Ba Au 240926.csv"
"MP_-1",10275,2675,3125,80.9,49.2,50,80.9,"Protein",0.696,"Comparstic Spotlight F2Ba Au 240926.csv"
"MP_-1",10275,3325,3750,80.9,59,75,80.9,"Cellulose",0.785,"Comparstic Spotlight F2Ba Au 240926.csv"
"MP_-1",10300,8300,2500,60.4,52.7,50,60.4,"Protein",0.751,"Comparstic Spotlight F2Ba Au 240926.csv"
"MP_-1",10300,6025,625,31.8,25,25,31.8,"Protein",0.673,"Comparstic Spotlight F2Ba Au 240926.csv"
"MP_-1",10300,9850,3750,80.9,59,50,80.9,"Protein",0.835,"Comparstic Spotlight F2Ba Au 240926.csv"
"MP_-1",10325,5175,1875,60.4,39.6,50,60.4,"Protein",0.688,"Comparstic Spotlight F2Ba Au 240926.csv"
"MP_20",10425,5775,43750,369.1,150.9,175,369.1,"PET",0.903,"Comparstic Spotlight F2Ba Au 240926.csv"
"MP_-1",10350,7075,1250,50,31.8,30,50,"Protein",0.679,"Comparstic Spotlight F2Ba Au 240926.csv"
"MP_-1",10400,5500,2500,60.4,52.7,50,60.4,"Protein",0.794,"Comparstic Spotlight F2Ba Au 240926.csv"
"MP_-1",10450,6000,2500,60.4,52.7,50,60.4,"Protein",0.742,"Comparstic Spotlight F2Ba Au 240926.csv"
"MP_-1",10450,8350,2500,60.4,52.7,50,60.4,"Protein",0.756,"Comparstic Spotlight F2Ba Au 240926.csv"
"MP_-1",10500,4350,4375,104.1,53.5,75,104.1,"Protein",0.839,"Comparstic Spotlight F2Ba Au 240926.csv"
"MP_-1",10600,2500,1875,60.4,39.6,50,60.4,"Protein",0.735,"Comparstic Spotlight F2Ba Au 240926.csv"
"MP_-1",10600,5725,6250,115.1,69.1,95,115.1,"Protein",0.874,"Comparstic Spotlight F2Ba Au 240926.csv"
"MP_-1",10675,8350,6250,150,53.1,80,150,"Protein",0.757,"Comparstic Spotlight F2Ba Au 240926.csv"
"MP_-1",10700,5100,2500,60.4,52.7,50,60.4,"Protein",0.69,"Comparstic Spotlight F2Ba Au 240926.csv"
"MP_-1",10700,5350,2500,60.4,52.7,50,60.4,"Protein",0.756,"Comparstic Spotlight F2Ba Au 240926.csv"
"MP_-1",10700,5925,1875,60.4,39.6,50,60.4,"Protein",0.773,"Comparstic Spotlight F2Ba Au 240926.csv"
"MP_-1",10700,7350,1875,60.4,39.6,30,60.4,"Protein",0.766,"Comparstic Spotlight F2Ba Au 240926.csv"
"MP_-1",10750,7450,1250,50,31.8,25,50,"Protein",0.66,"Comparstic Spotlight F2Ba Au 240926.csv"
"MP_-1",10750,9350,2500,60.4,52.7,50,60.4,"Protein",0.753,"Comparstic Spotlight F2Ba Au 240926.csv"
"MP_-1",10900,5750,2500,60.4,52.7,50,60.4,"Protein",0.834,"Comparstic Spotlight F2Ba Au 240926.csv"
"MP_-1",10950,5200,2500,60.4,52.7,50,60.4,"Protein",0.782,"Comparstic Spotlight F2Ba Au 240926.csv"
"MP_-1",11000,8525,3125,80.9,49.2,50,80.9,"Protein",0.805,"Comparstic Spotlight F2Ba Au 240926.csv"
"MP_21",11100,2475,3750,80.9,59,50,80.9,"PET",0.848,"Comparstic Spotlight F2Ba Au 240926.csv"
"MP_-1",11175,2475,32500,326,126.9,215,326,"Cellulose",0.893,"Comparstic Spotlight F2Ba Au 240926.csv"
"MP_-1",11200,3700,2500,60.4,52.7,50,60.4,"Protein",0.747,"Comparstic Spotlight F2Ba Au 240926.csv"
"MP_-1",11200,6050,5000,104.1,61.2,50,104.1,"Cellulose",0.894,"Comparstic Spotlight F2Ba Au 240926.csv"
"MP_22",11475,7200,119375,595.1,255.4,382.5,595.1,"PET",0.959,"Comparstic Spotlight F2Ba Au 240926.csv"
"MP_23",11300,5175,1875,75,31.8,52.5,75,"PET",0.733,"Comparstic Spotlight F2Ba Au 240926.csv"
"MP_-1",11400,3650,18750,282.9,84.4,132.5,282.9,"Cellulose",0.843,"Comparstic Spotlight F2Ba Au 240926.csv"
"MP_-1",11325,3650,3125,80.9,49.2,75,80.9,"Protein",0.756,"Comparstic Spotlight F2Ba Au 240926.csv"
"MP_-1",11350,8350,2500,60.4,52.7,50,60.4,"Protein",0.781,"Comparstic Spotlight F2Ba Au 240926.csv"
"MP_-1",11350,4150,2500,80.9,39.3,55,80.9,"Protein",0.724,"Comparstic Spotlight F2Ba Au 240926.csv"
"MP_-1",11350,8550,2500,60.4,52.7,50,60.4,"Protein",0.694,"Comparstic Spotlight F2Ba Au 240926.csv"
"MP_-1",11400,7650,2500,60.4,52.7,50,60.4,"Protein",0.757,"Comparstic Spotlight F2Ba Au 240926.csv"
"MP_-1",11450,8725,1875,60.4,39.6,30,60.4,"Protein",0.807,"Comparstic Spotlight F2Ba Au 240926.csv"
"MP_24",11625,3150,28750,238.6,153.4,192.5,238.6,"PET",0.888,"Comparstic Spotlight F2Ba Au 240926.csv"
"MP_-1",11575,4825,1875,60.4,39.6,50,60.4,"Protein",0.704,"Comparstic Spotlight F2Ba Au 240926.csv"
"MP_-1",11850,7300,10000,136.8,93.1,100,136.8,"Protein",0.959,"Comparstic Spotlight F2Ba Au 240926.csv"
