"raman_particle_id","ftir_particle_id","ftir_material","ftir_raman_distance","ldir_particle_id","ldir_material","ldir_raman_distance","raman_material","n_instrument_agreement","ftir_family","raman_family","ldir_family","material_consensus"
"1","MP_4","PET",30.0124688810205,"A1","Polyethylene terephthalate",33.4211915203165,"Polyethylene terephtalate (PET)",3,"PET","PET","PET","Full agreement"
"10","MP_5","PET",8.02226957321067,"A11","Cellulosic",13.5957510245038,"Polyethylene terephtalate (PET)",1,"PET","PET","Cellulose","FTIR+Raman agree"
"105","MP_-1","Protein",19.9178799861905,"A437","Polyamide (naturally occurring)",8.64790067803711,"Cellulose Acetate Butyrate (CAB)",0,"Protein","Cellulose","Natural","No agreement"
"108","MP_-1","Protein",27.9732058140461,"A196","Polyamide (naturally occurring)",11.0335884223384,"Polyphenylene sulphide (PPS)",0,"Protein","Unknown","Natural","No agreement"
"109","MP_-1","Protein",11.5693376166401,"A128","Polyamide (naturally occurring)",9.64471755904732,"Polyacrylamide/acrylate",0,"Protein","Acrylate","Natural","No agreement"
"12","MP_-1","Protein",13.1547086408711,"A497","Polyamide (naturally occurring)",4.87461202974927,"Cellulose Acetate Butyrate (CAB)",0,"Protein","Cellulose","Natural","No agreement"
"122","MP_-1","Protein",13.6999745989942,"A359","Polyamide (naturally occurring)",315.227545046473,"Polyacrylamide/acrylate",0,"Protein","Acrylate","Natural","No agreement"
"123","MP_-1","Protein",13.7073723720537,"A45","Polyamide (naturally occurring)",22.7518882816835,"Cellulose Acetate Butyrate (CAB)",0,"Protein","Cellulose","Natural","No agreement"
"125","MP_-1","Cellulose",3.8247683111556,"A187","Polyamide (naturally occurring)",50.5255397710485,"Polyether sulphone (PES)",0,"Cellulose","Unknown","Natural","No agreement"
"129","MP_-1","Protein",8.41370375595796,"A188","Cellulosic",22.1112106399875,"Polyether sulphone (PES)",0,"Protein","Unknown","Cellulose","No agreement"
"132","MP_-1","Protein",19.4226109282536,"A446","Polyamide (naturally occurring)",10.715048374586,"Cellulose Acetate Butyrate (CAB)",0,"Protein","Cellulose","Natural","No agreement"
"133","MP_-1","Cellulose",53.6199845911298,"A47","Cellulosic",24.1455016310429,"Polyamide (PA)",1,"Cellulose","PA","Cellulose","FTIR+LDIR agree"
"134","MP_-1","Protein",6.06964126681018,"A465","Polycarbonate",7.33800617348451,"Polyvinyl Chloride (PVC)",0,"Protein","PVC","PC","No agreement"
"137","MP_-1","Protein",31.9462620395728,"A184","Cellulosic",8.80179253783845,"Polyethylene terephtalate (PET)",0,"Protein","PET","Cellulose","No agreement"
"139","MP_-1","Protein",14.7018196401267,"A468","Cellulosic",12.5562216145683,"Cellulose Acetate Butyrate (CAB)",1,"Protein","Cellulose","Cellulose","LDIR+Raman agree"
"141","MP_1","PET",37.6909139604141,"A26","Polyethylene terephthalate",37.1109599607669,"Polyethylene terephtalate (PET)",3,"PET","PET","PET","Full agreement"
"151","MP_-1","Cellulose",32.7505363287204,"A80","Cellulosic",10.2639175675647,"Polyvinyl Chloride (PVC)",1,"Cellulose","PVC","Cellulose","FTIR+LDIR agree"
"160","MP_-1","Protein",7.58331147517195,"A269","Polyamide (naturally occurring)",734.83412810607,"Polyacrylamide/acrylate",0,"Protein","Acrylate","Natural","No agreement"
"161","MP_-1","Protein",8.60946109347752,"A314","Polyamide (naturally occurring)",3.59277920101067,"Polyacrylamide/acrylate",0,"Protein","Acrylate","Natural","No agreement"
"164","MP_-1","Protein",19.1224288907117,"A471","Polyamide (naturally occurring)",1.87397085723047,"Polycarbonate (PC)",0,"Protein","PC","Natural","No agreement"
"165","MP_-1","Protein",29.2008441832252,"A397","Polyamide (naturally occurring)",6.56155701651394,"Cellulose Acetate Butyrate (CAB)",0,"Protein","Cellulose","Natural","No agreement"
"168","MP_-1","Protein",23.0111900300511,"A327","Polyamide (naturally occurring)",13.0438866045407,"Cellulose Acetate Butyrate (CAB)",0,"Protein","Cellulose","Natural","No agreement"
"17","MP_-1","Protein",12.1162179911935,"A60","Polyethylene terephthalate",6.5054672715936,"Polyether sulphone (PES)",0,"Protein","Unknown","PET","No agreement"
"18","MP_-1","Protein",5.46024724492442,"A164","Polyamide (naturally occurring)",5.63699821472374,"Cellulose Acetate Butyrate (CAB)",0,"Protein","Cellulose","Natural","No agreement"
"185","MP_-1","Cellulose",34.6968877028427,"A38","Polyethylene terephthalate",32.8637387907975,"Polyamide (PA)",0,"Cellulose","PA","PET","No agreement"
"190","MP_11","PET",14.1280480660966,"A3","Polyethylene terephthalate",12.3073219480582,"Polyethylene terephtalate (PET)",3,"PET","PET","PET","Full agreement"
"191","MP_-1","Protein",6.96881340527672,"A358","Polyamide (naturally occurring)",13.1976609837179,"Polyacrylamide/acrylate",0,"Protein","Acrylate","Natural","No agreement"
"198","MP_-1","Protein",15.9846194296934,"A458","Cellulosic",4.11418439762419,"Polyacrylamide/acrylate",0,"Protein","Acrylate","Cellulose","No agreement"
"199","MP_-1","Protein",18.4788893501697,"A352","Cellulosic",6.98379127452537,"Polyethylene terephtalate (PET)",0,"Protein","PET","Cellulose","No agreement"
"201","MP_13","PET",16.3130301985525,"A30","Polyethylene terephthalate",3.58723824991086,"Polyethylene terephtalate (PET)",3,"PET","PET","PET","Full agreement"
"204","MP_-1","Protein",28.7035982233397,"A406","Polyamide (naturally occurring)",11.498729493206,"Polyacrylamide/acrylate",0,"Protein","Acrylate","Natural","No agreement"
"207","MP_-1","Protein",12.4123294056771,"A380","Polyamide (naturally occurring)",8.50975253224274,"Cellulose Acetate Butyrate (CAB)",0,"Protein","Cellulose","Natural","No agreement"
"209","MP_-1","Protein",18.5810611015835,"A460","Polyamide (naturally occurring)",7.84484898437463,"Polyacrylamide/acrylate",0,"Protein","Acrylate","Natural","No agreement"
"21","MP_-1","Protein",56.8450616028922,"A58","Cellulosic",5.71894274110462,"Polyethylene terephtalate (PET)",0,"Protein","PET","Cellulose","No agreement"
"211","MP_-1","Protein",19.6765307342219,"A98","Polyamide (naturally occurring)",9.76974642213756,"Cellulose Acetate Butyrate (CAB)",0,"Protein","Cellulose","Natural","No agreement"
"214","MP_-1","Protein",13.2543989275422,"A483","Chitin",11.915379207333,"Polyacrylamide/acrylate",0,"Protein","Acrylate","Chitin","No agreement"
"215","MP_-1","Protein",11.3970279886809,"A277","Polyamide (naturally occurring)",5.59430223802377,"Polyacrylamide/acrylate",0,"Protein","Acrylate","Natural","No agreement"
"216","MP_-1","Protein",27.4021121922725,"A42","Cellulosic",25.3181397805921,"Cellulose Acetate Butyrate (CAB)",1,"Protein","Cellulose","Cellulose","LDIR+Raman agree"
"22","MP_-1","Protein",15.6944598583895,"A494","Polyamide (naturally occurring)",207.039559895023,"Polyether sulphone (PES)",0,"Protein","Unknown","Natural","No agreement"
"223","MP_-1","Protein",12.7433947953535,"A419","Polyamide (naturally occurring)",3.45347684124594,"Polyacrylamide/acrylate",0,"Protein","Acrylate","Natural","No agreement"
"23","MP_-1","Protein",3.0184923020236,"A279","Polyethylene terephthalate",8.31121397754027,"Cellulose Acetate Butyrate (CAB)",0,"Protein","Cellulose","PET","No agreement"
"230","MP_-1","Protein",16.0119361610831,"A405","Polyamide (naturally occurring)",343.924822016935,"Polyacrylamide/acrylate",0,"Protein","Acrylate","Natural","No agreement"
"231","MP_-1","Protein",16.6992020267283,"A356","Cellulosic",10.8627479885952,"Polypropylene (PP) Lab bench",0,"Protein","PP","Cellulose","No agreement"
"238","MP_-1","Protein",10.8693066723097,"A287","Polyamide (naturally occurring)",622.116228334308,"Cellulose Acetate Butyrate (CAB)",0,"Protein","Cellulose","Natural","No agreement"
"239","MP_-1","Cellulose",80.3310186275134,"A17","Polyethylene terephthalate",149.15183036632,"Polyethylene terephtalate (PET)",1,"Cellulose","PET","PET","LDIR+Raman agree"
"241","MP_-1","Protein",20.7003274491387,"A162","Polyamide (naturally occurring)",15.5450395737647,"Cellulose Acetate Butyrate (CAB)",0,"Protein","Cellulose","Natural","No agreement"
"248","MP_-1","Cellulose",70.3142182760166,"A46","Cellulosic",63.181302607177,"Polyamide (PA)",1,"Cellulose","PA","Cellulose","FTIR+LDIR agree"
"254","MP_-1","Protein",16.0310765381123,"A337","Polyamide (naturally occurring)",5.90379434594588,"Polyamide (PA)",0,"Protein","PA","Natural","No agreement"
"256","MP_-1","Protein",20.5229238648719,"A215","Polyamide (naturally occurring)",9.97299666573754,"Polyphenylene sulphide (PPS)",0,"Protein","Unknown","Natural","No agreement"
"258","MP_-1","Protein",33.3838123264651,"A505","Polyamide (naturally occurring)",12.930948202368,"Polyacrylamide/acrylate",0,"Protein","Acrylate","Natural","No agreement"
"26","MP_20","PET",73.0407047555563,"A7","Polyethylene terephthalate",69.8234373469966,"Polyethylene terephtalate (PET)",3,"PET","PET","PET","Full agreement"
"261","MP_-1","Protein",12.1872486678413,"A345","Polyamide (naturally occurring)",203.570357803727,"Polyether sulphone (PES)",0,"Protein","Unknown","Natural","No agreement"
"262","MP_-1","Protein",5.73195774915685,"A335","Polyethylene terephthalate",8.27459591965828,"Polyether sulphone (PES)",0,"Protein","Unknown","PET","No agreement"
"269","MP_-1","Cellulose",11.5305545091919,"A410","Polyamide (naturally occurring)",283.226494193748,"Polyamide (PA)",0,"Cellulose","PA","Natural","No agreement"
"270","MP_9","Polypro",6.5569365431076,"A72","Polyethylene terephthalate",2.14293331755063,"Polypropylene (PP)",1,"PP","PP","PET","FTIR+Raman agree"
"272","MP_-1","Protein",5.58557542084791,"A123","Polyamide (naturally occurring)",8.42848719620309,"Cellulose Acetate Butyrate (CAB)",0,"Protein","Cellulose","Natural","No agreement"
"273","MP_-1","Protein",20.0000132407881,"A158","Cellulosic",10.6980030870001,"Cellulose Acetate Butyrate (CAB)",1,"Protein","Cellulose","Cellulose","LDIR+Raman agree"
"274","MP_-1","Protein",11.4306362587541,"A288","Polyamide (naturally occurring)",5.75614299801509,"Polyether sulphone (PES)",0,"Protein","Unknown","Natural","No agreement"
"278","MP_-1","Protein",2.78602522360565,"A328","Polyamide (naturally occurring)",6.03300234857171,"Polyacrylamide/acrylate",0,"Protein","Acrylate","Natural","No agreement"
"279","MP_-1","Protein",17.7052439736625,"A296","Polyamide (naturally occurring)",8.36797427416792,"Cellulose Acetate Butyrate (CAB)",0,"Protein","Cellulose","Natural","No agreement"
"28","MP_-1","Protein",33.1336723538763,"A20","Polyethylene terephthalate",15.1506813342551,"Cellulose Acetate Butyrate (CAB)",0,"Protein","Cellulose","PET","No agreement"
"280","MP_-1","Protein",20.0148624962639,"A398","Polyamide (naturally occurring)",10.3897265378942,"Polyethylene naphtalate (PEN)",0,"Protein","PE","Natural","No agreement"
"281","MP_6","PET",26.3030521708553,"A8","Polyethylene terephthalate",14.0778727933577,"Polyethylene terephtalate (PET)",3,"PET","PET","PET","Full agreement"
"291","MP_-1","Protein",13.4867665392833,"A246","Polyamide (naturally occurring)",4.75715937232617,"Cellulose Acetate Butyrate (CAB)",0,"Protein","Cellulose","Natural","No agreement"
"294","MP_-1","Cellulose",19.463132864764,"A495","Acrylonitrile butadiene styrene",448.41617792572,"Polycarbonate (PC)",0,"Cellulose","PC","ABS","No agreement"
"296","MP_-1","Cellulose",32.336504840348,"A59","Cellulosic",3.67188052861578,"Polyamide (PA)",1,"Cellulose","PA","Cellulose","FTIR+LDIR agree"
"307","MP_-1","Protein",7.35182734711421,"A451","Polyethylene terephthalate",10.7464977285395,"Polyacrylamide/acrylate",0,"Protein","Acrylate","PET","No agreement"
"310","MP_-1","Protein",24.2523052496124,"A103","Polyamide (naturally occurring)",7.71952159973949,"Polyphenylene sulphide (PPS)",0,"Protein","Unknown","Natural","No agreement"
"314","MP_-1","Protein",30.1385876530216,"A330","Polyamide (naturally occurring)",298.278526886884,"Polyvinyl Chloride (PVC)",0,"Protein","PVC","Natural","No agreement"
"315","MP_-1","Protein",3.27757404160816,"A77","Polyamide (naturally occurring)",7.01780921918008,"Cellulose Acetate Butyrate (CAB)",0,"Protein","Cellulose","Natural","No agreement"
"317","MP_-1","Cellulose",92.9569349480237,"A108","Cellulosic",133.662079761821,"Polyamide (PA)",1,"Cellulose","PA","Cellulose","FTIR+LDIR agree"
"32","MP_-1","Protein",8.26886233978763,"A388","Polyethylene terephthalate",9.70387043856521,"Cellulose Acetate Butyrate (CAB)",0,"Protein","Cellulose","PET","No agreement"
"323","MP_-1","Protein",16.1258212641158,"A326","Polyamide (naturally occurring)",13.126564438598,"Polyacrylamide/acrylate",0,"Protein","Acrylate","Natural","No agreement"
"325","MP_-1","Protein",32.2616358565253,"A297","Polyamide (naturally occurring)",9.13409629146391,"Polyacrylamide/acrylate",0,"Protein","Acrylate","Natural","No agreement"
"326","MP_-1","Protein",18.9194236835868,"A50","Cellulosic",16.6748611128194,"Polyether sulphone (PES)",0,"Protein","Unknown","Cellulose","No agreement"
"327","MP_-1","Cellulose",6.1513516504993,"A44","Polypropylene",21.7181081540668,"Polyamide (PA)",0,"Cellulose","PA","PP","No agreement"
"329","MP_-1","Protein",23.9928281997396,"A347","Polyamide (naturally occurring)",13.8158748647341,"Cellulose Acetate Butyrate (CAB)",0,"Protein","Cellulose","Natural","No agreement"
"334","MP_-1","Protein",7.41430007941995,"A502","Polyamide (naturally occurring)",168.703698694698,"Polytetrafluoroethylene (PTFE)",0,"Protein","PTFE","Natural","No agreement"
"337","MP_-1","Protein",7.75943139498581,"A307","Polyamide",9.244429316966,"Cellulose Acetate Butyrate (CAB)",0,"Protein","Cellulose","PA","No agreement"
"338","MP_8","PET",6.059389532896,"A22","Polyethylene terephthalate",7.31423955855505,"Polyethylene terephtalate (PET)",3,"PET","PET","PET","Full agreement"
"339","MP_-1","Protein",13.9496569220126,"A442","Polyamide (naturally occurring)",2.48629950683195,"Cellulose Acetate Butyrate (CAB)",0,"Protein","Cellulose","Natural","No agreement"
"34","MP_-1","Protein",8.21405593971852,"A122","Polyamide (naturally occurring)",3.60035736879965,"Polyacrylamide/acrylate",0,"Protein","Acrylate","Natural","No agreement"
"342","MP_-1","Protein",15.3585510291043,"A344","Polyamide (naturally occurring)",2.39016144094769,"Polyacrylamide/acrylate",0,"Protein","Acrylate","Natural","No agreement"
"346","MP_-1","Protein",7.32994711498341,"A95","Cellulosic",8.49371494967859,"Polyphenylene sulphide (PPS)",0,"Protein","Unknown","Cellulose","No agreement"
"347","MP_3","PET",27.4155292735602,"A6","Polyethylene terephthalate",40.4966663750243,"Polyethylene terephtalate (PET)",3,"PET","PET","PET","Full agreement"
"350","MP_-1","Protein",6.85613112993504,"A485","Polyamide (naturally occurring)",286.8275226957,"Polyacrylamide/acrylate",0,"Protein","Acrylate","Natural","No agreement"
"355","MP_-1","Protein",4.31246492164835,"A260","Sand",6.2174262806634,"Polycarbonate (PC)",0,"Protein","PC","Natural","No agreement"
"362","MP_-1","Protein",17.3762910959232,"A160","Carbonate",1.71231769787668,"Polytetrafluoroethylene (PTFE)",0,"Protein","PTFE","Natural","No agreement"
"365","MP_-1","Protein",19.7378726742767,"A268","Polyamide (naturally occurring)",5.90564171970395,"Polyvinyl Chloride (PVC)",0,"Protein","PVC","Natural","No agreement"
"368","MP_7","PET",7.41880543224218,"A49","Polyethylene terephthalate",12.3541393387264,"Polyethylene terephtalate (PET)",3,"PET","PET","PET","Full agreement"
"372","MP_-1","Protein",17.6072300893809,"A179","Polyamide (naturally occurring)",14.5712043378119,"Polyacrylamide/acrylate",0,"Protein","Acrylate","Natural","No agreement"
"373","MP_-1","Protein",12.0869785402871,"A482","Polyamide (naturally occurring)",5.11122282813521,"Cellulose Acetate Butyrate (CAB)",0,"Protein","Cellulose","Natural","No agreement"
"374","MP_23","PET",8.80532686467468,"A48","Polyethylene terephthalate",3.98490916224373,"Polyethylene terephtalate (PET)",3,"PET","PET","PET","Full agreement"
"377","MP_-1","Protein",11.0068637155528,"A295","Polyamide (naturally occurring)",11.2970597786591,"Cellulose Acetate Butyrate (CAB)",0,"Protein","Cellulose","Natural","No agreement"
"379","MP_-1","Protein",16.4458018540383,"A174","Carbonate",234.850386289673,"Polytetrafluoroethylene (PTFE)",0,"Protein","PTFE","Natural","No agreement"
"38","MP_-1","Protein",10.9248943751456,"A411","Polyamide",3.43738142942183,"Cellulose Acetate Butyrate (CAB)",0,"Protein","Cellulose","PA","No agreement"
"380","MP_-1","Protein",26.4874176710586,"A270","Polyamide (naturally occurring)",87.6306493879267,"Polyvinyl Chloride (PVC)",0,"Protein","PVC","Natural","No agreement"
"383","MP_-1","Protein",8.36638874005127,"A304","Polyamide (naturally occurring)",7.01010909646985,"Polyacrylamide/acrylate",0,"Protein","Acrylate","Natural","No agreement"
"387","MP_-1","Protein",11.0049357722587,"A449","Polyamide (naturally occurring)",323.811750054452,"Polyacrylamide/acrylate",0,"Protein","Acrylate","Natural","No agreement"
"389","MP_-1","Protein",6.59072673906752,"A404","Polyamide",12.0853825647242,"Polyphenylene sulphide (PPS)",0,"Protein","Unknown","PA","No agreement"
"401","MP_-1","Protein",3.02899786838325,"A363","Polyamide (naturally occurring)",11.4468712752158,"Polyacrylamide/acrylate",0,"Protein","Acrylate","Natural","No agreement"
"402","MP_14","PET",13.0183151657434,"A35","Polyamide (naturally occurring)",5.63429617365206,"Polyethylene terephtalate (PET)",1,"PET","PET","Natural","FTIR+Raman agree"
"404","MP_-1","Protein",4.44007373602183,"A106","Polyamide (naturally occurring)",8.44399594027722,"Polyacrylamide/acrylate",0,"Protein","Acrylate","Natural","No agreement"
"406","MP_-1","Protein",21.6037706251205,"A210","Polyamide (naturally occurring)",6.23267752515415,"Cellulose Acetate Butyrate (CAB)",0,"Protein","Cellulose","Natural","No agreement"
"411","MP_-1","Protein",11.3057241556128,"A73","Polyamide (naturally occurring)",3.93775496925288,"Polyacrylamide/acrylate",0,"Protein","Acrylate","Natural","No agreement"
"417","MP_-1","Protein",33.1836298316918,"A342","Polyamide (naturally occurring)",6.00500749669029,"Polyacrylamide/acrylate",0,"Protein","Acrylate","Natural","No agreement"
"423","MP_-1","Protein",85.7835756111716,"A280","Polyamide (naturally occurring)",5.66944660060131,"Cellulose Acetate Butyrate (CAB)",0,"Protein","Cellulose","Natural","No agreement"
"43","MP_-1","Protein",10.6243057995469,"A100","Polyamide (naturally occurring)",7.83086991453336,"Cellulose Acetate Butyrate (CAB)",0,"Protein","Cellulose","Natural","No agreement"
"431","MP_-1","Protein",19.454754481385,"A324","Cellulosic",14.7751816579062,"Cellulose Acetate Butyrate (CAB)",1,"Protein","Cellulose","Cellulose","LDIR+Raman agree"
"432","MP_-1","Protein",22.8597705144108,"A51","Polyamide (naturally occurring)",14.6313065736879,"Cellulose Acetate Butyrate (CAB)",0,"Protein","Cellulose","Natural","No agreement"
"434","MP_-1","Protein",8.91798253833372,"A425","Polyamide (naturally occurring)",5.5140361095129,"Polyacrylamide/acrylate",0,"Protein","Acrylate","Natural","No agreement"
"435","MP_-1","Protein",6.51362240864784,"A318","Polyamide (naturally occurring)",1.1561408335505,"Cellulose Acetate Butyrate (CAB)",0,"Protein","Cellulose","Natural","No agreement"
"437","MP_-1","Protein",17.7240953039539,"A284","Polyethylene terephthalate",11.9400358222218,"Polyacrylamide/acrylate",0,"Protein","Acrylate","PET","No agreement"
"44","MP_-1","Protein",8.0950243333653,"A353","Polyamide (naturally occurring)",7.54436403817157,"Cellulose Acetate Butyrate (CAB)",0,"Protein","Cellulose","Natural","No agreement"
"440","MP_-1","Protein",25.6969665452006,"A444","Polyamide",8.50403473807821,"Polyacrylamide/acrylate",0,"Protein","Acrylate","PA","No agreement"
"453","MP_-1","Protein",6.08004405055261,"A310","Polyamide (naturally occurring)",4.05898358869785,"Polyvinyl Chloride (PVC)",0,"Protein","PVC","Natural","No agreement"
"455","MP_-1","Protein",17.07100252424,"A138","Polyethylene terephthalate",13.8022975325384,"Polyvinyl Chloride (PVC)",0,"Protein","PVC","PET","No agreement"
"461","MP_-1","Cellulose",18.9437816487902,"A61","Cellulosic",23.0332994005804,"Polyamide (PA)",1,"Cellulose","PA","Cellulose","FTIR+LDIR agree"
"462","MP_-1","Cellulose",26.1270825590526,"A454","Cellulosic",24.4329419157838,"Polyamide (PA)",1,"Cellulose","PA","Cellulose","FTIR+LDIR agree"
"469","MP_-1","Protein",11.9698108125244,"A83","Polyethylene terephthalate",24.6367706547431,"Polyacrylamide/acrylate",0,"Protein","Acrylate","PET","No agreement"
"47","MP_-1","Cellulose",16.329736439962,"A474","Polyamide (naturally occurring)",5.58438869994655,"Polyacrylamide/acrylate",0,"Cellulose","Acrylate","Natural","No agreement"
"470","MP_-1","Protein",27.1784352745923,"A429","Polyamide (naturally occurring)",21.9150151099663,"Polytetrafluoroethylene (PTFE)",0,"Protein","PTFE","Natural","No agreement"
"48","MP_-1","Protein",25.8928818532192,"A213","Polycarbonate",7.42152137662715,"Polycarbonate (PC)",1,"Protein","PC","PC","LDIR+Raman agree"
"484","MP_-1","Protein",26.9041853401726,"A143","Carbonate",5.09342773663613,"Cellulose Acetate Butyrate (CAB)",0,"Protein","Cellulose","Natural","No agreement"
"487","MP_-1","Protein",13.6504697773995,"A403","Polyamide (naturally occurring)",4.36169338170488,"Cellulose Acetate Butyrate (CAB)",0,"Protein","Cellulose","Natural","No agreement"
"491","MP_-1","Protein",14.5973803016543,"A378","Polyamide (naturally occurring)",18.8998317937952,"Cellulose Acetate Butyrate (CAB)",0,"Protein","Cellulose","Natural","No agreement"
"493","MP_-1","Cellulose",6.09244599947256,"A62","Polyamide (naturally occurring)",4.54433572693882,"Polyamide (PA)",0,"Cellulose","PA","Natural","No agreement"
"496","MP_-1","Protein",7.95107612894451,"A349","Polyamide (naturally occurring)",11.371431689461,"Polyacrylamide/acrylate",0,"Protein","Acrylate","Natural","No agreement"
"501","MP_-1","Protein",22.0176175144361,"A107","Polyamide (naturally occurring)",22.012627124111,"Cellulose Acetate Butyrate (CAB)",0,"Protein","Cellulose","Natural","No agreement"
"506","MP_15","PET",31.2569383541997,"A2","Polyethylene terephthalate",19.0353582432276,"Polyethylene terephtalate (PET)",3,"PET","PET","PET","Full agreement"
"513","MP_-1","Protein",24.7700887114974,"A71","Polyethylene terephthalate",9.28089073503464,"Polytetrafluoroethylene (PTFE)",0,"Protein","PTFE","PET","No agreement"
"514","MP_10","PET",0.736868338488803,"A13","Polyethylene terephthalate",7.31859393204255,"Polyethylene terephtalate (PET)",3,"PET","PET","PET","Full agreement"
"517","MP_-1","Protein",11.1826059421936,"A464","Polyamide (naturally occurring)",9.59604683310286,"Polyacrylamide/acrylate",0,"Protein","Acrylate","Natural","No agreement"
"528","MP_-1","Protein",9.57497277393699,"A67","Polyamide (naturally occurring)",10.5966892754161,"Cellulose Acetate Butyrate (CAB)",0,"Protein","Cellulose","Natural","No agreement"
"533","MP_-1","Cellulose",4.58708044998465,"A91","Polycarbonate",9.65597601360083,"Polyamide (PA)",0,"Cellulose","PA","PC","No agreement"
"537","MP_-1","Protein",14.614544616459,"A503","Rubber",16.7553451216166,"Cellulose Acetate Butyrate (CAB)",0,"Protein","Cellulose","Rubber","No agreement"
"538","MP_-1","Protein",15.1276524101383,"A499","Polycarbonate",0.368656423687833,"Polyacrylamide/acrylate",0,"Protein","Acrylate","PC","No agreement"
"547","MP_-1","Cellulose",11.0237641689711,"A504","Polyamide (naturally occurring)",15.4242176968743,"Polyamide (PA)",0,"Cellulose","PA","Natural","No agreement"
"550","MP_-1","Protein",21.2192456179843,"A92","Polyamide (naturally occurring)",15.9597260411192,"Polyacrylamide/acrylate",0,"Protein","Acrylate","Natural","No agreement"
"554","MP_19","PET",9.85467520919661,"A12","Polyethylene terephthalate",3.66723396817647,"Polyethylene terephtalate (PET)",3,"PET","PET","PET","Full agreement"
"556","MP_-1","Protein",12.0064345307181,"A212","Polyamide (naturally occurring)",16.3577298640974,"Cellulose Acetate Butyrate (CAB)",0,"Protein","Cellulose","Natural","No agreement"
"561","MP_18","PET",15.6519464199206,"A14","Polyethylene terephthalate",59.8361883592212,"Polyethylene terephtalate (PET)",3,"PET","PET","PET","Full agreement"
"563","MP_-1","Cellulose",15.1481940514004,"A156","Cellulosic",141.045104234786,"Polyamide (PA)",1,"Cellulose","PA","Cellulose","FTIR+LDIR agree"
"565","MP_-1","Cellulose",11.0513226043057,"A40","Polyamide (naturally occurring)",15.2392480158795,"Polyamide (PA)",0,"Cellulose","PA","Natural","No agreement"
"567","MP_-1","Protein",7.03909878644713,"A36","Polyethylene terephthalate",9.40738606430669,"Cellulose Acetate Butyrate (CAB)",0,"Protein","Cellulose","PET","No agreement"
"57","MP_-1","Protein",16.7959012646939,"A245","Polyamide (naturally occurring)",9.80415641604384,"Cellulose Acetate Butyrate (CAB)",0,"Protein","Cellulose","Natural","No agreement"
"570","MP_-1","Cellulose",16.4168082581352,"A206","Polyamide (naturally occurring)",3.40914616310531,"Polyamide (PA)",0,"Cellulose","PA","Natural","No agreement"
"575","MP_-1","Protein",14.5949502690449,"A175","Cellulosic",606.053334849222,"Polyethylene naphtalate (PEN)",0,"Protein","PE","Cellulose","No agreement"
"577","MP_-1","Protein",5.82367374111391,"A237","Polyamide (naturally occurring)",8.52863670844051,"Polyvinyl Chloride (PVC)",0,"Protein","PVC","Natural","No agreement"
"578","MP_-1","Cellulose",22.2859663324128,"A240","Polyamide (naturally occurring)",9.10729303987533,"Polyamide (PA)",0,"Cellulose","PA","Natural","No agreement"
"579","MP_22","PET",59.5524752759423,"A4","Polyethylene terephthalate",61.9178368288918,"Polyethylene terephtalate (PET)",3,"PET","PET","PET","Full agreement"
"58","MP_-1","Protein",9.88409969336944,"A443","Polyamide (naturally occurring)",10.7878791240936,"Polyamide (PA)",0,"Protein","PA","Natural","No agreement"
"582","MP_-1","Protein",20.3003409209097,"A157","Polyamide (naturally occurring)",14.6094951223598,"Cellulose Acetate Butyrate (CAB)",0,"Protein","Cellulose","Natural","No agreement"
"584","MP_-1","Protein",18.1873028800475,"A432","Polyamide (naturally occurring)",6.55673565575908,"Polyether sulphone (PES)",0,"Protein","Unknown","Natural","No agreement"
"585","MP_-1","Protein",20.6026467129622,"A364","Polyamide (naturally occurring)",8.35247313741947,"Cellulose Acetate Butyrate (CAB)",0,"Protein","Cellulose","Natural","No agreement"
"586","MP_-1","Protein",23.0364952776086,"A369","Polyamide (naturally occurring)",9.64088232363516,"Polymethylmethacrylate (PMMA)",0,"Protein","PMMA","Natural","No agreement"
"59","MP_-1","Protein",17.9888753249885,"A228","Polyamide (naturally occurring)",3.45977698283502,"Cellulose Acetate Butyrate (CAB)",0,"Protein","Cellulose","Natural","No agreement"
"593","MP_-1","Cellulose",7.46714264658831,"A313","Polyamide (naturally occurring)",3.86584038300339,"Polyamide (PA)",0,"Cellulose","PA","Natural","No agreement"
"596","MP_-1","Protein",16.4036464391224,"A341","Polyamide (naturally occurring)",6.73388399094651,"Cellulose Acetate Butyrate (CAB)",0,"Protein","Cellulose","Natural","No agreement"
"597","MP_-1","Protein",12.416297395557,"A99","Polyamide (naturally occurring)",8.80892180639772,"Polyamide (PA)",0,"Protein","PA","Natural","No agreement"
"60","MP_-1","Cellulose",8.36095613995487,"A39","Polyamide (naturally occurring)",88.6234110776624,"Polyphenylene sulphide (PPS)",0,"Cellulose","Unknown","Natural","No agreement"
"600","MP_-1","Protein",20.4672970847799,"A334","Polyamide (naturally occurring)",14.9783287840675,"Polyacrylamide/acrylate",0,"Protein","Acrylate","Natural","No agreement"
"601","MP_0","PET",7.67659398287735,"A32","Polyethylene terephthalate",13.8673930998901,"Polyethylene terephtalate (PET)",3,"PET","PET","PET","Full agreement"
"610","MP_-1","Protein",11.4803193413817,"A102","Polyamide (naturally occurring)",6.87407354035032,"Polyacrylamide/acrylate",0,"Protein","Acrylate","Natural","No agreement"
"611","MP_-1","Protein",20.4813171180867,"A113","Polyamide (naturally occurring)",4.89912648045568,"Polyamide (PA)",0,"Protein","PA","Natural","No agreement"
"614","MP_-1","Protein",16.2158439995505,"A383","Cellulosic",10.0555907900652,"Cellulose Acetate Butyrate (CAB)",1,"Protein","Cellulose","Cellulose","LDIR+Raman agree"
"623","MP_-1","Protein",6.37413895199294,"A266","Polyamide (naturally occurring)",9.89256192979678,"Polyvinyl Chloride (PVC)",0,"Protein","PVC","Natural","No agreement"
"627","MP_-1","Protein",4.29718401730706,"A236","Polyamide (naturally occurring)",5.16652193478224,"Cellulose Acetate Butyrate (CAB)",0,"Protein","Cellulose","Natural","No agreement"
"634","MP_-1","Protein",12.1667864095418,"A147","Polyamide (naturally occurring)",8.39430818407268,"Cellulose Acetate Butyrate (CAB)",0,"Protein","Cellulose","Natural","No agreement"
"636","MP_-1","Protein",14.5979325022681,"A278","Polyamide (naturally occurring)",1.90546760573935,"Polyacrylamide/acrylate",0,"Protein","Acrylate","Natural","No agreement"
"641","MP_-1","Protein",19.972995064389,"A491","Polyamide (naturally occurring)",476.698037953849,"Cellulose Acetate Butyrate (CAB)",0,"Protein","Cellulose","Natural","No agreement"
"644","MP_-1","Protein",13.1343139083478,"A142","Polyamide (naturally occurring)",20.9463407630863,"Polycarbonate (PC)",0,"Protein","PC","Natural","No agreement"
"646","MP_-1","Protein",7.75528279787247,"A78","Polyamide (naturally occurring)",4.88166378978952,"Cellulose Acetate Butyrate (CAB)",0,"Protein","Cellulose","Natural","No agreement"
"65","MP_-1","Protein",17.9824220605394,"A325","Polyamide (naturally occurring)",1.83819948167811,"Polyethylene terephtalate (PET)",0,"Protein","PET","Natural","No agreement"
"651","MP_-1","Protein",14.7720152748748,"A357","Polyamide (naturally occurring)",654.88140802762,"Polyacrylamide/acrylate",0,"Protein","Acrylate","Natural","No agreement"
"652","MP_-1","Protein",9.16042141633577,"A256","Polyamide (naturally occurring)",6.32743682535814,"Polyacrylamide/acrylate",0,"Protein","Acrylate","Natural","No agreement"
"658","MP_-1","Protein",44.8776614997854,"A23","Cellulosic",120.102426319025,"Polyamide (PA)",0,"Protein","PA","Cellulose","No agreement"
"664","MP_12","PET",5.24749228364756,"A43","Polyamide (naturally occurring)",7.82366298824163,"Polyethylene terephtalate (PET)",1,"PET","PET","Natural","FTIR+Raman agree"
"665","MP_-1","Protein",24.2875679398613,"A193","Polyamide (naturally occurring)",18.6646635763195,"Cellulose Acetate Butyrate (CAB)",0,"Protein","Cellulose","Natural","No agreement"
"667","MP_-1","Protein",7.36461689790708,"A428","Polyamide (naturally occurring)",6.62893933905273,"Cellulose Acetate Butyrate (CAB)",0,"Protein","Cellulose","Natural","No agreement"
"67","MP_-1","Cellulose",11.827808992883,"A376","Polyamide (naturally occurring)",1.97228307643526,"Polyamide (PA)",0,"Cellulose","PA","Natural","No agreement"
"672","MP_-1","Protein",28.2359872703263,"A118","Polyamide (naturally occurring)",832.178028261051,"Polyphenylene sulphide (PPS)",0,"Protein","Unknown","Natural","No agreement"
"673","MP_-1","Protein",24.819351421977,"A300","Polyamide (naturally occurring)",4.96047991015041,"Polycarbonate (PC)",0,"Protein","PC","Natural","No agreement"
"684","MP_-1","Protein",16.305579062081,"A225","Polyamide (naturally occurring)",6.08374640492317,"Cellulose Acetate Butyrate (CAB)",0,"Protein","Cellulose","Natural","No agreement"
"689","MP_-1","Protein",15.64612571562,"A254","Polyamide (naturally occurring)",12.1780496521616,"Cellulose Acetate Butyrate (CAB)",0,"Protein","Cellulose","Natural","No agreement"
"692","MP_-1","Protein",13.4990087593641,"A472","Polyamide",5.28542516178745,"Polyvinyl Chloride (PVC)",0,"Protein","PVC","PA","No agreement"
"695","MP_-1","Protein",9.5490607234982,"A493","Polyamide (naturally occurring)",4.39457446950551,"Polyacrylamide/acrylate",0,"Protein","Acrylate","Natural","No agreement"
"697","MP_-1","Protein",20.6133056298333,"A151","Cellulosic",6.40912501890227,"Polyacrylamide/acrylate",0,"Protein","Acrylate","Cellulose","No agreement"
"70","MP_-1","Protein",15.5517986315818,"A302","Polyamide (naturally occurring)",12.8479290197661,"Polyacrylamide/acrylate",0,"Protein","Acrylate","Natural","No agreement"
"700","MP_-1","Cellulose",11.3458194110591,"A461","Cellulosic",8.87082985435411,"Polyamide (PA)",1,"Cellulose","PA","Cellulose","FTIR+LDIR agree"
"702","MP_-1","Protein",26.1506210604922,"A68","Polyamide (naturally occurring)",10.9312636827009,"Polyamide (PA)",0,"Protein","PA","Natural","No agreement"
"706","MP_-1","Protein",3.7429615104863,"A70","Polyethylene terephthalate",2.70953966312928,"Polyamide (PA)",0,"Protein","PA","PET","No agreement"
"707","MP_-1","Protein",16.9527427373409,"A441","Chitin",7.61998675670157,"Polyacrylamide/acrylate",0,"Protein","Acrylate","Chitin","No agreement"
"708","MP_-1","Protein",5.76000428398493,"A306","Polyamide (naturally occurring)",8.22300026648003,"Polycarbonate (PC)",0,"Protein","PC","Natural","No agreement"
"711","MP_-1","Protein",17.1721006540633,"A81","Polyamide (naturally occurring)",184.040866173466,"Cellulose Acetate Butyrate (CAB)",0,"Protein","Cellulose","Natural","No agreement"
"714","MP_16","PET",23.7841551422923,"A15","Polyethylene terephthalate",3.81843649823859,"Polyethylene terephtalate (PET)",3,"PET","PET","PET","Full agreement"
"715","MP_-1","Protein",20.0043811260802,"A176","Polyamide (naturally occurring)",8.93219613371043,"Polyacrylamide/acrylate",0,"Protein","Acrylate","Natural","No agreement"
"716","MP_-1","Protein",18.905098924604,"A393","Polycarbonate",9.62760943213778,"Polyacrylamide/acrylate",0,"Protein","Acrylate","PC","No agreement"
"718","MP_-1","Protein",10.9505226115463,"A139","Polyamide (naturally occurring)",10.5569072240113,"Cellulose Acetate Butyrate (CAB)",0,"Protein","Cellulose","Natural","No agreement"
"72","MP_-1","Protein",4.75035113720463,"A168","Polyamide (naturally occurring)",7.81274124752129,"Polytetrafluoroethylene (PTFE)",0,"Protein","PTFE","Natural","No agreement"
"728","MP_-1","Protein",20.5858215764516,"A105","Polyamide (naturally occurring)",2.6251988541009,"Polyacrylamide/acrylate",0,"Protein","Acrylate","Natural","No agreement"
"73","MP_-1","Protein",19.7680793564182,"A263","Polyamide (naturally occurring)",11.7575688136517,"Polyacrylamide/acrylate",0,"Protein","Acrylate","Natural","No agreement"
"731","MP_-1","Protein",6.00638100208498,"A94","Rubber",11.0281735616987,"Cellulose Acetate Butyrate (CAB)",0,"Protein","Cellulose","Rubber","No agreement"
"733","MP_-1","Protein",18.4330816247037,"A294","Polyamide (naturally occurring)",10.5162598026908,"Polyacrylamide/acrylate",0,"Protein","Acrylate","Natural","No agreement"
"734","MP_-1","Cellulose",49.1633762647195,"A181","Polyamide (naturally occurring)",3.95973183461683,"Cellulose Acetate Butyrate (CAB)",1,"Cellulose","Cellulose","Natural","FTIR+Raman agree"
"735","MP_-1","Protein",21.9557919113089,"A375","Polyamide (naturally occurring)",5.94566428942714,"Cellulose Acetate Butyrate (CAB)",0,"Protein","Cellulose","Natural","No agreement"
"738","MP_-1","Cellulose",4.69914334520127,"A55","Polyethylene terephthalate",9.94210092852297,"Polyethylene terephtalate (PET)",1,"Cellulose","PET","PET","LDIR+Raman agree"
"742","MP_-1","Protein",21.0212715943722,"A303","Polyamide (naturally occurring)",1.92410878473099,"Cellulose Acetate Butyrate (CAB)",0,"Protein","Cellulose","Natural","No agreement"
"751","MP_-1","Protein",14.3595326218982,"A498","Polycarbonate",6.68093571649538,"Polyacrylamide/acrylate",0,"Protein","Acrylate","PC","No agreement"
"752","MP_-1","Protein",15.058470154975,"A312","Polyamide (naturally occurring)",12.0823213285095,"Polyacrylamide/acrylate",0,"Protein","Acrylate","Natural","No agreement"
"755","MP_-1","Cellulose",21.8639188530041,"A426","Polyurethane",387.676115567204,"Polycarbonate (PC)",0,"Cellulose","PC","PU","No agreement"
"757","MP_-1","Cellulose",4.48716689950945,"A223","Polyamide (naturally occurring)",12.3489789928096,"Polyamide (PA)",0,"Cellulose","PA","Natural","No agreement"
"761","MP_-1","Protein",18.8826072704829,"A274","Polyamide (naturally occurring)",5.24155967778955,"Cellulose Acetate Butyrate (CAB)",0,"Protein","Cellulose","Natural","No agreement"
"762","MP_-1","Cellulose",22.660857892005,"A309","Polyamide (naturally occurring)",155.174305389349,"Polyamide (PA)",0,"Cellulose","PA","Natural","No agreement"
"763","MP_2","PET",28.0775070661973,"A31","Cellulosic",9.98122002147496,"Polyethylene terephtalate (PET)",1,"PET","PET","Cellulose","FTIR+Raman agree"
"769","MP_-1","Protein",23.896960701064,"A438","Polyamide (naturally occurring)",9.89696148298751,"Polyacrylamide/acrylate",0,"Protein","Acrylate","Natural","No agreement"
"770","MP_-1","Cellulose",26.5421421340791,"A29","Cellulosic",19.9603339941863,"Polyamide (PA)",1,"Cellulose","PA","Cellulose","FTIR+LDIR agree"
"773","MP_-1","Protein",19.3934168952228,"A135","Polyamide (naturally occurring)",13.7014636815143,"Polyacrylamide/acrylate",0,"Protein","Acrylate","Natural","No agreement"
"774","MP_-1","Protein",29.0839561060525,"A144","Polyamide (naturally occurring)",7.24387159931279,"Polyacrylamide/acrylate",0,"Protein","Acrylate","Natural","No agreement"
"78","MP_-1","Protein",13.8170128655168,"A311","Polyamide (naturally occurring)",72.1786784491238,"Polyacrylamide/acrylate",0,"Protein","Acrylate","Natural","No agreement"
"784","MP_-1","Protein",9.33306513654799,"A54","Polyethylene terephthalate",2.05429268771125,"Cellulose Acetate Butyrate (CAB)",0,"Protein","Cellulose","PET","No agreement"
"79","MP_-1","Protein",36.7765594506333,"A355","Polyamide (naturally occurring)",7.73717893425403,"Polycarbonate (PC)",0,"Protein","PC","Natural","No agreement"
"790","MP_-1","Protein",21.8666558735887,"A21","Polyethylene terephthalate",31.3709181522607,"Cellulose Acetate Butyrate (CAB)",0,"Protein","Cellulose","PET","No agreement"
"84","MP_-1","Protein",17.894179430169,"A159","Polyvinyl chloride",6.64212340115848,"Cellulose Acetate Butyrate (CAB)",0,"Protein","Cellulose","PVC","No agreement"
"87","MP_-1","Protein",11.5957288796232,"A101","Polyamide (naturally occurring)",5.79114488101935,"Polystyrene (PS)",0,"Protein","PS","Natural","No agreement"
"88","MP_-1","Protein",13.0912738503082,"A239","Cellulosic",2.95372022548843,"Polyvinyl Chloride (PVC)",0,"Protein","PVC","Cellulose","No agreement"
"96","MP_-1","Cellulose",10.4270076270891,"A293","Polyamide",15.1901653946772,"Polyamide (PA)",1,"Cellulose","PA","PA","LDIR+Raman agree"
