"particle_id","centroid_y","centroid_x","tile_row","tile_col","local_y","local_x","area_px","max_intensity","mean_intensity","integrated_intensity","bbox_width","bbox_height","equivalent_diameter","aspect_ratio","x_um","y_um","feret_max_um","feret_min_um","area_um2","centroid_px_x","centroid_px_y","coord_source"
1,49.33,2790.2,0,2,49.33,290.2,30,110.9,95,2850.09,6,6,6.18,1,754.52,6371.742,15.6,15.6,202.8,2790.2,49.33,"circle_calibrated"
2,111.93,2898.73,0,2,111.93,398.73,140,175.43,120.4,16855.57,15,13,13.35,1.15,1036.698,6208.982,39,33.8,946.4,2898.73,111.93,"circle_calibrated"
3,124.48,2620.43,0,2,124.48,120.43,54,105.2,89.86,4852.33,9,8,8.29,1.12,313.118,6176.352,23.4,20.8,365.04,2620.43,124.48,"circle_calibrated"
4,173.5,2007.83,0,1,173.5,757.83,12,82.09,78.32,939.88,3,6,3.91,2,-1279.642,6048.9,15.6,7.8,81.12,2007.83,173.5,"circle_calibrated"
5,200.23,2120.66,0,1,200.23,870.66,216,170.46,128.76,27812.47,14,22,16.58,1.57,-986.284,5979.402,57.2,36.4,1460.16,2120.66,200.23,"circle_calibrated"
6,225.89,3052.74,0,2,225.89,552.74,19,89.66,83.16,1580.01,5,5,4.92,1,1437.124,5912.686,13,13,128.44,3052.74,225.89,"circle_calibrated"
7,257.07,2082.86,0,1,257.07,832.86,29,88.94,81.71,2369.45,7,6,6.08,1.17,-1084.564,5831.618,18.2,15.6,196.04,2082.86,257.07,"circle_calibrated"
8,272.82,2954.12,0,2,272.82,454.12,34,93.31,81.71,2778.17,13,6,6.58,2.17,1180.712,5790.668,33.8,15.6,229.84,2954.12,272.82,"circle_calibrated"
9,281.67,3420.29,0,2,281.67,920.29,42,90.74,84.55,3551.27,6,8,7.31,1.33,2392.754,5767.658,20.8,15.6,283.92,3420.29,281.67,"circle_calibrated"
10,287.23,3080.97,0,2,287.23,580.97,39,104,87,3393.15,9,7,7.05,1.29,1510.522,5753.202,23.4,18.2,263.64,3080.97,287.23,"circle_calibrated"
11,356.18,1758.81,0,1,356.18,508.81,722,180.65,135.41,97767.43,39,33,30.32,1.18,-1927.094,5573.932,101.4,85.8,4880.72,1758.81,356.18,"circle_calibrated"
12,365.86,3575.28,0,2,365.86,1075.28,245,138.81,104.78,25670.24,17,24,17.66,1.41,2795.728,5548.764,62.4,44.2,1656.2,3575.28,365.86,"circle_calibrated"
13,381.74,1647.51,0,1,381.74,397.51,3034,224.27,186.45,565683.32,90,48,62.15,1.88,-2216.474,5507.476,234,124.8,20509.84,1647.51,381.74,"circle_calibrated"
14,361.65,2729.53,0,2,361.65,229.53,17,114.02,94.91,1613.39,4,6,4.65,1.5,596.778000000001,5559.71,15.6,10.4,114.92,2729.53,361.65,"circle_calibrated"
15,401.42,1523.07,0,1,401.42,273.07,1044,182.69,137.21,143249.23,55,32,36.46,1.72,-2540.018,5456.308,143,83.2,7057.44,1523.07,401.42,"circle_calibrated"
16,410.91,2472.5,0,1,410.91,1222.5,32,119.39,98.81,3161.83,8,5,6.38,1.6,-71.5,5431.634,20.8,13,216.32,2472.5,410.91,"circle_calibrated"
17,415.5,3503.2,0,2,415.5,1003.2,10,90.08,83.58,835.81,3,4,3.57,1.33,2608.32,5419.7,10.4,7.8,67.6,3503.2,415.5,"circle_calibrated"
18,426.4,1882.29,0,1,426.4,632.29,220,169.64,121.08,26637.2,15,20,16.74,1.33,-1606.046,5391.36,52,39,1487.2,1882.29,426.4,"circle_calibrated"
19,418.62,2554.72,0,2,418.62,54.72,29,135.69,105.22,3051.38,6,6,6.08,1,142.271999999999,5411.588,15.6,15.6,196.04,2554.72,418.62,"circle_calibrated"
20,419.75,2972.72,0,2,419.75,472.72,32,129.75,105.53,3376.92,7,6,6.38,1.17,1229.072,5408.65,18.2,15.6,216.32,2972.72,419.75,"circle_calibrated"
21,428.3,2061.01,0,1,428.3,811.01,171,131.5,100.36,17161.16,17,14,14.76,1.21,-1141.374,5386.42,44.2,36.4,1155.96,2061.01,428.3,"circle_calibrated"
22,443.5,2572.91,0,2,443.5,72.91,54,155.21,118.21,6383.07,10,8,8.29,1.25,189.566,5346.9,26,20.8,365.04,2572.91,443.5,"circle_calibrated"
23,447.32,2030.26,0,1,447.32,780.26,34,87.9,78.49,2668.52,10,6,6.58,1.67,-1221.324,5336.968,26,15.6,229.84,2030.26,447.32,"circle_calibrated"
24,526.69,2002.5,0,1,526.69,752.5,1050,169.04,117.51,123380.45,124,88,36.56,1.41,-1293.5,5130.606,322.4,228.8,7098,2002.5,526.69,"circle_calibrated"
25,494.33,1854.5,0,1,494.33,604.5,12,83.86,81.68,980.13,4,4,3.91,1,-1678.3,5214.742,10.4,10.4,81.12,1854.5,494.33,"circle_calibrated"
26,511,1504.5,0,1,511,254.5,10,96.4,85.65,856.54,2,5,3.57,2.5,-2588.3,5171.4,13,5.2,67.6,1504.5,511,"circle_calibrated"
27,521.78,2596.09,0,2,521.78,96.09,78,111.62,90.62,7068.13,11,9,9.97,1.22,249.834,5143.372,28.6,23.4,527.28,2596.09,521.78,"circle_calibrated"
28,531.53,3598.26,0,2,531.53,1098.26,19,117.63,99.18,1884.33,4,6,4.92,1.5,2855.476,5118.022,15.6,10.4,128.44,3598.26,531.53,"circle_calibrated"
29,540.92,1907.89,0,1,540.92,657.89,63,96.29,86.19,5430.21,10,8,8.96,1.25,-1539.486,5093.608,26,20.8,425.88,1907.89,540.92,"circle_calibrated"
30,558.42,1420.7,0,1,558.42,170.7,727,196.22,152.62,110953.07,38,29,30.42,1.31,-2806.18,5048.108,98.8,75.4,4914.52,1420.7,558.42,"circle_calibrated"
31,556.11,1568.06,0,1,556.11,318.06,47,97.87,87.43,4109.01,10,7,7.74,1.43,-2423.044,5054.114,26,18.2,317.72,1568.06,556.11,"circle_calibrated"
32,558.3,2375.23,0,1,558.3,1125.23,30,99.71,90.61,2718.31,6,6,6.18,1,-324.402,5048.42,15.6,15.6,202.8,2375.23,558.3,"circle_calibrated"
33,601.5,1627,0,1,601.5,377,18,91.84,80.42,1447.53,3,6,4.79,2,-2269.8,4936.1,15.6,7.8,121.68,1627,601.5,"circle_calibrated"
34,605.43,3850.05,0,3,605.43,100.05,74,172.84,128.9,9538.47,9,12,9.71,1.33,3510.13,4925.882,31.2,23.4,500.24,3850.05,605.43,"circle_calibrated"
35,605.5,1368.79,0,1,605.5,118.79,34,134.03,97.13,3302.54,5,10,6.58,2,-2941.146,4925.7,26,13,229.84,1368.79,605.5,"circle_calibrated"
36,611.09,1264.96,0,1,611.09,14.96,54,125.49,95.44,5153.51,8,11,8.29,1.38,-3211.104,4911.166,28.6,20.8,365.04,1264.96,611.09,"circle_calibrated"
37,685.32,1228.62,0,0,685.32,1228.62,2428,201.58,135.49,328962.27,139,124,55.6,1.12,-3305.588,4718.168,361.4,322.4,16413.28,1228.62,685.32,"circle_calibrated"
38,626.72,3290.99,0,2,626.72,790.99,75,103.26,83.13,6234.62,11,9,9.77,1.22,2056.574,4870.528,28.6,23.4,507,3290.99,626.72,"circle_calibrated"
39,627.55,2507.14,0,2,627.55,7.14,56,105.61,90.36,5060.36,9,8,8.44,1.12,18.5639999999997,4868.37,23.4,20.8,378.56,2507.14,627.55,"circle_calibrated"
40,640.06,2597.48,0,2,640.06,97.48,84,108.88,88.3,7417.09,9,14,10.34,1.56,253.448,4835.844,36.4,23.4,567.84,2597.48,640.06,"circle_calibrated"
41,641.12,3130.5,0,2,641.12,630.5,16,107.9,93.77,1500.3,6,3,4.51,2,1639.3,4833.088,15.6,7.8,108.16,3130.5,641.12,"circle_calibrated"
42,656.01,2861.31,0,2,656.01,361.31,132,174.11,117.4,15496.45,14,16,12.96,1.14,939.406,4794.374,41.6,36.4,892.32,2861.31,656.01,"circle_calibrated"
43,652.5,2640.8,0,2,652.5,140.8,20,112.06,94.17,1883.48,5,6,5.05,1.2,366.08,4803.5,15.6,13,135.2,2640.8,652.5,"circle_calibrated"
44,664.5,2609.29,0,2,664.5,109.29,14,121.01,98.56,1379.88,4,4,4.22,1,284.154,4772.3,10.4,10.4,94.64,2609.29,664.5,"circle_calibrated"
45,692.4,2200.5,0,1,692.4,950.5,10,108.92,95.05,950.47,4,4,3.57,1,-778.7,4699.76,10.4,10.4,67.6,2200.5,692.4,"circle_calibrated"
46,699.96,3693.73,0,2,699.96,1193.73,26,119.22,96.43,2507.23,8,5,5.75,1.6,3103.698,4680.104,20.8,13,175.76,3693.73,699.96,"circle_calibrated"
47,711.27,3788.95,0,3,711.27,38.95,116,189.88,134.98,15657.87,15,11,12.15,1.36,3351.27,4650.698,39,28.6,784.16,3788.95,711.27,"circle_calibrated"
48,727.83,1857.02,0,1,727.83,607.02,47,138.04,109.4,5141.65,9,7,7.74,1.29,-1671.748,4607.642,23.4,18.2,317.72,1857.02,727.83,"circle_calibrated"
49,729.93,2147.14,0,1,729.93,897.14,14,101.15,88.72,1242.1,4,5,4.22,1.25,-917.436,4602.182,13,10.4,94.64,2147.14,729.93,"circle_calibrated"
50,732.68,863.32,0,0,732.68,863.32,19,103.66,90.17,1713.15,4,7,4.92,1.75,-4255.368,4595.032,18.2,10.4,128.44,863.32,732.68,"circle_calibrated"
51,735.5,1680,0,1,735.5,430,16,95.27,84.02,1344.35,5,4,4.51,1.25,-2132,4587.7,13,10.4,108.16,1680,735.5,"circle_calibrated"
52,736,1849.58,0,1,736,599.58,19,87.04,80.78,1534.84,6,6,4.92,1,-1691.092,4586.4,15.6,15.6,128.44,1849.58,736,"circle_calibrated"
53,741.04,2008.42,0,1,741.04,758.42,57,93.36,83.92,4783.56,9,9,8.52,1,-1278.108,4573.296,23.4,23.4,385.32,2008.42,741.04,"circle_calibrated"
54,757.58,1736.33,0,1,757.58,486.33,684,190.26,126.68,86649.75,67,31,29.51,2.16,-1985.542,4530.292,174.2,80.6,4623.84,1736.33,757.58,"circle_calibrated"
55,748.74,1835.55,0,1,748.74,585.55,65,129.47,103.06,6699.1,8,10,9.1,1.25,-1727.57,4553.276,26,20.8,439.4,1835.55,748.74,"circle_calibrated"
56,755,2774.86,0,2,755,274.86,69,104.97,85.41,5893.51,9,13,9.37,1.44,714.636,4537,33.8,23.4,466.44,2774.86,755,"circle_calibrated"
57,768,1679.14,0,1,768,429.14,44,145.13,106.84,4701.02,8,7,7.48,1.14,-2134.236,4503.2,20.8,18.2,297.44,1679.14,768,"circle_calibrated"
58,795.49,1867.96,0,1,795.49,617.96,276,216.36,165.69,45730.01,19,18,18.75,1.06,-1643.304,4431.726,49.4,46.8,1865.76,1867.96,795.49,"circle_calibrated"
59,801.01,3336.8,0,2,801.01,836.8,70,160.05,122.37,8565.74,8,11,9.44,1.38,2175.68,4417.374,28.6,20.8,473.2,3336.8,801.01,"circle_calibrated"
60,804.4,2170.43,0,1,804.4,920.43,35,96.84,84.72,2965.28,5,11,6.68,2.2,-856.882,4408.56,28.6,13,236.6,2170.43,804.4,"circle_calibrated"
61,804.18,3367.29,0,2,804.18,867.29,17,82.74,79.74,1355.54,6,5,4.65,1.2,2254.954,4409.132,15.6,13,114.92,3367.29,804.18,"circle_calibrated"
62,814.23,3188.32,0,2,814.23,688.32,60,102.31,86.45,5187.06,11,8,8.74,1.38,1789.632,4383.002,28.6,20.8,405.6,3188.32,814.23,"circle_calibrated"
63,822.39,1051.65,0,0,822.39,1051.65,46,100.26,84.14,3870.65,11,6,7.65,1.83,-3765.71,4361.786,28.6,15.6,310.96,1051.65,822.39,"circle_calibrated"
64,829.38,2355.75,0,1,829.38,1105.75,24,92.31,82.78,1986.63,7,4,5.53,1.75,-375.05,4343.612,18.2,10.4,162.24,2355.75,829.38,"circle_calibrated"
65,849.57,3142.72,0,2,849.57,642.72,341,153.76,94.61,32262.91,25,24,20.84,1.04,1671.072,4291.118,65,62.4,2305.16,3142.72,849.57,"circle_calibrated"
66,843.85,1319.99,0,1,843.85,69.99,130,107.49,89.21,11596.93,13,14,12.87,1.08,-3068.026,4305.99,36.4,33.8,878.8,1319.99,843.85,"circle_calibrated"
67,844,1795.2,0,1,844,545.2,10,99.86,88.92,889.21,4,3,3.57,1.33,-1832.48,4305.6,10.4,7.8,67.6,1795.2,844,"circle_calibrated"
68,849.5,1036.5,0,0,849.5,1036.5,42,82.94,78.56,3299.45,8,6,7.31,1.33,-3805.1,4291.3,20.8,15.6,283.92,1036.5,849.5,"circle_calibrated"
69,859.58,983.89,0,0,859.58,983.89,38,113.99,97.87,3718.98,7,7,6.96,1,-3941.886,4265.092,18.2,18.2,256.88,983.89,859.58,"circle_calibrated"
70,862,2251.73,0,1,862,1001.73,22,95.42,86.15,1895.26,5,7,5.29,1.4,-645.502,4258.8,18.2,13,148.72,2251.73,862,"circle_calibrated"
71,879.32,3680.18,0,2,879.32,1180.18,66,105.49,91.04,6008.74,9,9,9.17,1,3068.468,4213.768,23.4,23.4,446.16,3680.18,879.32,"circle_calibrated"
72,879.51,1078,0,0,879.51,1078,53,92.04,83.97,4450.4,9,8,8.21,1.12,-3697.2,4213.274,23.4,20.8,358.28,1078,879.51,"circle_calibrated"
73,888.22,1315.35,0,1,888.22,65.35,23,100.46,88.2,2028.57,6,5,5.41,1.2,-3080.09,4190.628,15.6,13,155.48,1315.35,888.22,"circle_calibrated"
74,889.77,2154.17,0,1,889.77,904.17,52,93.49,83.32,4332.43,11,8,8.14,1.38,-899.158,4186.598,28.6,20.8,351.52,2154.17,889.77,"circle_calibrated"
75,887.5,2629.8,0,2,887.5,129.8,10,120.85,94.63,946.31,3,4,3.57,1.33,337.48,4192.5,10.4,7.8,67.6,2629.8,887.5,"circle_calibrated"
76,891.82,2169.39,0,1,891.82,919.39,51,93.11,84.88,4328.85,8,8,8.06,1,-859.586,4181.268,20.8,20.8,344.76,2169.39,891.82,"circle_calibrated"
77,939.82,1258.51,0,1,939.82,8.51,7260,225.41,175.97,1277507.11,123,96,96.14,1.28,-3227.874,4056.468,319.8,249.6,49077.6,1258.51,939.82,"circle_calibrated"
78,895.16,3511.66,0,2,895.16,1011.66,50,94.36,85.36,4267.79,10,7,7.98,1.43,2630.316,4172.584,26,18.2,338,3511.66,895.16,"circle_calibrated"
79,898.76,4084.1,0,3,898.76,334.1,21,97.63,86.39,1814.14,5,6,5.17,1.2,4118.66,4163.224,15.6,13,141.96,4084.1,898.76,"circle_calibrated"
80,903.71,2024.59,0,1,903.71,774.59,41,90.24,81.99,3361.68,9,6,7.23,1.5,-1236.066,4150.354,23.4,15.6,277.16,2024.59,903.71,"circle_calibrated"
81,907.96,3065.21,0,2,907.96,565.21,135,131.87,92.8,12527.93,14,14,13.11,1,1469.546,4139.304,36.4,36.4,912.6,3065.21,907.96,"circle_calibrated"
82,905.65,914.42,0,0,905.65,914.42,40,89.35,82.18,3287.29,7,7,7.14,1,-4122.508,4145.31,18.2,18.2,270.4,914.42,905.65,"circle_calibrated"
83,918,4194.32,0,3,918,444.32,38,94.13,83.74,3182.03,10,5,6.96,2,4405.232,4113.2,26,13,256.88,4194.32,918,"circle_calibrated"
84,923.7,4120.15,0,3,923.7,370.15,61,97.87,85.11,5192,12,8,8.81,1.5,4212.39,4098.38,31.2,20.8,412.36,4120.15,923.7,"circle_calibrated"
85,925.2,4171,0,3,925.2,421,10,94.88,87.5,875.03,3,5,3.57,1.67,4344.6,4094.48,13,7.8,67.6,4171,925.2,"circle_calibrated"
86,938.8,2172.09,0,1,938.8,922.09,160,148.45,110.29,17645.63,11,20,14.27,1.82,-852.566,4059.12,52,28.6,1081.6,2172.09,938.8,"circle_calibrated"
87,954.18,1622.58,0,1,954.18,372.58,57,110.79,86.05,4904.96,9,11,8.52,1.22,-2281.292,4019.132,28.6,23.4,385.32,1622.58,954.18,"circle_calibrated"
88,955.27,1471.73,0,1,955.27,221.73,55,94.69,84.5,4647.5,11,9,8.37,1.22,-2673.502,4016.298,28.6,23.4,371.8,1471.73,955.27,"circle_calibrated"
89,957.53,4396.37,0,3,957.53,646.37,30,95.64,85.69,2570.71,7,7,6.18,1,4930.562,4010.422,18.2,18.2,202.8,4396.37,957.53,"circle_calibrated"
90,971.48,3377.85,0,2,971.48,877.85,658,196.97,131.89,86780.76,74,21,28.94,3.52,2282.41,3974.152,192.4,54.6,4448.08,3377.85,971.48,"circle_calibrated"
91,969.6,3538.5,0,2,969.6,1038.5,10,89.76,84.03,840.33,4,4,3.57,1,2700.1,3979.04,10.4,10.4,67.6,3538.5,969.6,"circle_calibrated"
92,981.1,1191.24,0,0,981.1,1191.24,42,144.98,109.81,4612.23,7,8,7.31,1.14,-3402.776,3949.14,20.8,18.2,283.92,1191.24,981.1,"circle_calibrated"
93,981,2906.5,0,2,981,406.5,10,93.27,85.63,856.25,4,3,3.57,1.33,1056.9,3949.4,10.4,7.8,67.6,2906.5,981,"circle_calibrated"
94,994.37,1072.65,0,0,994.37,1072.65,51,89.34,80.33,4096.79,8,9,8.06,1.12,-3711.11,3914.638,23.4,20.8,344.76,1072.65,994.37,"circle_calibrated"
95,993.43,2200.92,0,1,993.43,950.92,53,136.44,107.81,5714.04,10,7,8.21,1.43,-777.608,3917.082,26,18.2,358.28,2200.92,993.43,"circle_calibrated"
96,1004.51,2115.61,0,1,1004.51,865.61,175,118.73,93.43,16349.57,15,21,14.93,1.4,-999.414,3888.274,54.6,39,1183,2115.61,1004.51,"circle_calibrated"
97,999.35,1094.63,0,0,999.35,1094.63,82,160.67,115.69,9486.58,14,8,10.22,1.75,-3653.962,3901.69,36.4,20.8,554.32,1094.63,999.35,"circle_calibrated"
98,1003,2704.8,0,2,1003,204.8,10,106.02,89.88,898.85,4,3,3.57,1.33,532.48,3892.2,10.4,7.8,67.6,2704.8,1003,"circle_calibrated"
99,1009.01,1780.7,0,1,1009.01,530.7,117,142.75,108,12636.2,13,13,12.21,1,-1870.18,3876.574,33.8,33.8,790.92,1780.7,1009.01,"circle_calibrated"
100,1009,3408.17,0,2,1009,908.17,24,102.8,88.03,2112.65,5,7,5.53,1.4,2361.242,3876.6,18.2,13,162.24,3408.17,1009,"circle_calibrated"
101,1009.96,3261.41,0,2,1009.96,761.41,27,91.89,85.19,2300,7,5,5.86,1.4,1979.666,3874.104,18.2,13,182.52,3261.41,1009.96,"circle_calibrated"
102,1012.07,2699.8,0,2,1012.07,199.8,15,127.07,105.21,1578.12,5,4,4.37,1.25,519.48,3868.618,13,10.4,101.4,2699.8,1012.07,"circle_calibrated"
103,1152.46,652.33,0,0,1152.46,652.33,22115,223.83,186.73,4129514.83,138,289,167.8,2.09,-4803.942,3503.604,751.4,358.8,149497.4,652.33,1152.46,"circle_calibrated"
104,1017.15,1363.46,0,1,1017.15,113.46,13,86.24,81.87,1064.31,5,5,4.07,1,-2955.004,3855.41,13,13,87.88,1363.46,1017.15,"circle_calibrated"
105,1024.05,4165.7,0,3,1024.05,415.7,20,100.14,86.02,1720.39,6,5,5.05,1.2,4330.82,3837.47,15.6,13,135.2,4165.7,1024.05,"circle_calibrated"
106,1031.08,3905.76,0,3,1031.08,155.76,59,149.24,112.69,6648.9,10,9,8.67,1.11,3654.976,3819.192,26,23.4,398.84,3905.76,1031.08,"circle_calibrated"
107,1034.09,745.53,0,0,1034.09,745.53,55,96.61,83.72,4604.64,10,7,8.37,1.43,-4561.622,3811.366,26,18.2,371.8,745.53,1034.09,"circle_calibrated"
108,1037.57,2109.94,0,1,1037.57,859.94,47,88.54,81.22,3817.3,8,8,7.74,1,-1014.156,3802.318,20.8,20.8,317.72,2109.94,1037.57,"circle_calibrated"
109,1048.04,943.05,0,0,1048.04,943.05,327,198.84,155.4,50815.54,24,21,20.4,1.14,-4048.07,3775.096,62.4,54.6,2210.52,943.05,1048.04,"circle_calibrated"
110,1047.59,2251.12,0,1,1047.59,1001.12,17,127.78,102.49,1742.31,5,4,4.65,1.25,-647.088,3776.266,13,10.4,114.92,2251.12,1047.59,"circle_calibrated"
111,1059.33,2267.75,0,1,1059.33,1017.75,12,82.98,80.53,966.33,4,4,3.91,1,-603.85,3745.742,10.4,10.4,81.12,2267.75,1059.33,"circle_calibrated"
112,1065.65,2648.4,0,2,1065.65,148.4,78,95.93,83.15,6485.69,14,8,9.97,1.75,385.84,3729.31,36.4,20.8,527.28,2648.4,1065.65,"circle_calibrated"
113,1081.87,1292.21,0,1,1081.87,42.21,47,143.74,116.68,5484.11,9,7,7.74,1.29,-3140.254,3687.138,23.4,18.2,317.72,1292.21,1081.87,"circle_calibrated"
114,1081.91,1873.36,0,1,1081.91,623.36,11,98.82,87.29,960.19,4,3,3.74,1.33,-1629.264,3687.034,10.4,7.8,74.36,1873.36,1081.91,"circle_calibrated"
115,1087.3,1822.33,0,1,1087.3,572.33,69,110.97,96.4,6651.66,8,12,9.37,1.5,-1761.942,3673.02,31.2,20.8,466.44,1822.33,1087.3,"circle_calibrated"
116,1096.17,2216.53,0,1,1096.17,966.53,287,208.17,154.77,44420.37,21,20,19.12,1.05,-737.021999999999,3649.958,54.6,52,1940.12,2216.53,1096.17,"circle_calibrated"
117,1104.33,1089.48,0,0,1104.33,1089.48,86,156.92,120,10319.67,12,10,10.46,1.2,-3667.352,3628.742,31.2,26,581.36,1089.48,1104.33,"circle_calibrated"
118,1135.62,2157.66,0,1,1135.62,907.66,299,148,105.11,31428.34,28,60,19.51,2.14,-890.084,3547.388,156,72.8,2021.24,2157.66,1135.62,"circle_calibrated"
119,1116.09,1314.62,0,1,1116.09,64.62,105,122.72,99.98,10497.84,13,13,11.56,1,-3081.988,3598.166,33.8,33.8,709.8,1314.62,1116.09,"circle_calibrated"
120,1117.69,1719.16,0,1,1117.69,469.16,32,116.66,93.15,2980.66,7,11,6.38,1.57,-2030.184,3594.006,28.6,18.2,216.32,1719.16,1117.69,"circle_calibrated"
121,1140.23,1545.78,0,1,1140.23,295.78,1113,210.45,154.47,171929.52,36,47,37.64,1.31,-2480.972,3535.402,122.2,93.6,7523.88,1545.78,1140.23,"circle_calibrated"
122,1129.53,3397.26,0,2,1129.53,897.26,103,111.91,92.37,9514.14,14,10,11.45,1.4,2332.876,3563.222,36.4,26,696.28,3397.26,1129.53,"circle_calibrated"
123,1132.08,2907.16,0,2,1132.08,407.16,25,112.03,92.33,2308.17,7,5,5.64,1.4,1058.616,3556.592,18.2,13,169,2907.16,1132.08,"circle_calibrated"
124,1132.3,2329.7,0,1,1132.3,1079.7,10,98.51,87.26,872.6,4,4,3.57,1,-442.78,3556.02,10.4,10.4,67.6,2329.7,1132.3,"circle_calibrated"
125,1139.29,3004.79,0,2,1139.29,504.79,24,126.72,105.02,2520.49,7,4,5.53,1.75,1312.454,3537.846,18.2,10.4,162.24,3004.79,1139.29,"circle_calibrated"
126,1147.67,2342.24,0,1,1147.67,1092.24,90,124.42,95.35,8581.23,14,9,10.7,1.56,-410.176000000001,3516.058,36.4,23.4,608.4,2342.24,1147.67,"circle_calibrated"
127,1159.54,2226.85,0,1,1159.54,976.85,371,182.41,131.91,48939.8,17,28,21.73,1.65,-710.19,3485.196,72.8,44.2,2507.96,2226.85,1159.54,"circle_calibrated"
128,1158.66,1725.11,0,1,1158.66,475.11,187,151.88,106.56,19927.21,16,26,15.43,1.62,-2014.714,3487.484,67.6,41.6,1264.12,1725.11,1158.66,"circle_calibrated"
129,1162.31,2829.83,0,2,1162.31,329.83,137,176.66,101.39,13890.42,20,15,13.21,1.33,857.558,3477.994,52,39,926.12,2829.83,1162.31,"circle_calibrated"
130,1217.57,2559.25,0,2,1217.57,59.25,3758,223.01,179.46,674406.51,73,96,69.17,1.32,154.05,3334.318,249.6,189.8,25404.08,2559.25,1217.57,"circle_calibrated"
131,1176.61,2446.17,0,1,1176.61,1196.17,36,91.81,81.96,2950.59,9,5,6.77,1.8,-139.958,3440.814,23.4,13,243.36,2446.17,1176.61,"circle_calibrated"
132,1184.35,1787.97,0,1,1184.35,537.97,34,88.19,83.47,2838.13,7,7,6.58,1,-1851.278,3420.69,18.2,18.2,229.84,1787.97,1184.35,"circle_calibrated"
133,1196.72,2060.23,0,1,1196.72,810.23,403,219.06,169.43,68282.03,23,22,22.65,1.05,-1143.402,3388.528,59.8,57.2,2724.28,2060.23,1196.72,"circle_calibrated"
134,1195.02,2375.86,0,1,1195.02,1125.86,105,120.39,97.7,10258.38,12,12,11.56,1,-322.764,3392.948,31.2,31.2,709.8,2375.86,1195.02,"circle_calibrated"
135,1197.54,3912.67,0,3,1197.54,162.67,24,113.47,93.79,2251.07,6,6,5.53,1,3672.942,3386.396,15.6,15.6,162.24,3912.67,1197.54,"circle_calibrated"
136,1224.87,2735.74,0,2,1224.87,235.74,349,151.65,97.82,34140.35,37,39,21.08,1.05,612.923999999999,3315.338,101.4,96.2,2359.24,2735.74,1224.87,"circle_calibrated"
137,1205.13,3388.4,0,2,1205.13,888.4,47,93.6,84.56,3974.14,12,6,7.74,2,2309.84,3366.662,31.2,15.6,317.72,3388.4,1205.13,"circle_calibrated"
138,1238,2070.59,0,1,1238,820.59,111,130.72,100.29,11131.74,9,21,11.89,2.33,-1116.466,3281.2,54.6,23.4,750.36,2070.59,1238,"circle_calibrated"
139,1259.53,1551.49,1,1,9.53,301.49,490,174.29,119.84,58723.41,34,43,24.98,1.26,-2466.126,3225.222,111.8,88.4,3312.4,1551.49,1259.53,"circle_calibrated"
140,1254.13,2776.51,1,2,4.13,276.51,69,182.97,115.73,7985.68,10,12,9.37,1.2,718.926000000001,3239.262,31.2,26,466.44,2776.51,1254.13,"circle_calibrated"
141,1257.68,3030.58,1,2,7.68,530.58,19,114.67,94.94,1803.88,6,4,4.92,1.5,1379.508,3230.032,15.6,10.4,128.44,3030.58,1257.68,"circle_calibrated"
142,1264.21,3740.6,1,2,14.21,1240.6,95,146.78,114.63,10890.12,10,13,11,1.3,3225.56,3213.054,33.8,26,642.2,3740.6,1264.21,"circle_calibrated"
143,1276.58,2482.88,1,1,26.58,1232.88,57,105.97,91.57,5219.42,10,8,8.52,1.25,-44.5119999999997,3180.892,26,20.8,385.32,2482.88,1276.58,"circle_calibrated"
144,1277.14,3889.78,1,3,27.14,139.78,37,94.54,84.6,3130.36,8,7,6.86,1.14,3613.428,3179.436,20.8,18.2,250.12,3889.78,1277.14,"circle_calibrated"
145,1278.18,1563.39,1,1,28.18,313.39,44,94.07,85.4,3757.64,8,7,7.48,1.14,-2435.186,3176.732,20.8,18.2,297.44,1563.39,1278.18,"circle_calibrated"
146,1278,2992.88,1,2,28,492.88,16,89.91,82.8,1324.87,4,5,4.51,1.25,1281.488,3177.2,13,10.4,108.16,2992.88,1278,"circle_calibrated"
147,1280.16,3818.88,1,3,30.16,68.88,25,130.64,106.14,2653.45,7,5,5.64,1.4,3429.088,3171.584,18.2,13,169,3818.88,1280.16,"circle_calibrated"
148,1303,1686.92,1,1,53,436.92,171,152.27,111.87,19128.96,18,25,14.76,1.39,-2114.008,3112.2,65,46.8,1155.96,1686.92,1303,"circle_calibrated"
149,1292.5,4463.21,1,3,42.5,713.21,34,124.35,100.54,3418.36,8,6,6.58,1.33,5104.346,3139.5,20.8,15.6,229.84,4463.21,1292.5,"circle_calibrated"
150,1306.56,1089.18,1,0,56.56,1089.18,219,132.76,98.49,21568.73,10,35,16.7,3.5,-3668.132,3102.944,91,26,1480.44,1089.18,1306.56,"circle_calibrated"
151,1305.67,2512.33,1,2,55.67,12.33,12,91.74,83.07,996.88,4,4,3.91,1,32.0579999999998,3105.258,10.4,10.4,81.12,2512.33,1305.67,"circle_calibrated"
152,1308,2007,1,1,58,757,11,94.42,85.37,939.1,3,5,3.74,1.67,-1281.8,3099.2,13,7.8,74.36,2007,1308,"circle_calibrated"
153,1309.48,1726.03,1,1,59.48,476.03,29,99.86,87.84,2547.36,7,6,6.08,1.17,-2012.322,3095.352,18.2,15.6,196.04,1726.03,1309.48,"circle_calibrated"
154,1309.28,1737.89,1,1,59.28,487.89,18,91.2,83.26,1498.7,5,6,4.79,1.2,-1981.486,3095.872,15.6,13,121.68,1737.89,1309.28,"circle_calibrated"
155,1334.8,3511,1,2,84.8,1011,15,83.76,79.98,1199.73,5,4,4.37,1.25,2628.6,3029.52,13,10.4,101.4,3511,1334.8,"circle_calibrated"
156,1344.28,1089.88,1,0,94.28,1089.88,65,100.23,85.59,5563.58,10,24,9.1,2.4,-3666.312,3004.872,62.4,26,439.4,1089.88,1344.28,"circle_calibrated"
157,1346.55,1983.38,1,1,96.55,733.38,71,143.78,109.53,7776.77,12,10,9.51,1.2,-1343.212,2998.97,31.2,26,479.96,1983.38,1346.55,"circle_calibrated"
158,1352.07,1167.6,1,0,102.07,1167.6,82,182.04,128.59,10544.19,10,10,10.22,1,-3464.24,2984.618,26,26,554.32,1167.6,1352.07,"circle_calibrated"
159,1353.38,2365.33,1,1,103.38,1115.33,72,106.32,90.62,6524.95,12,8,9.57,1.5,-350.142,2981.212,31.2,20.8,486.72,2365.33,1353.38,"circle_calibrated"
160,1362.69,2711.8,1,2,112.69,211.8,291,150.3,106.57,31011.54,26,17,19.25,1.53,550.680000000001,2957.006,67.6,44.2,1967.16,2711.8,1362.69,"circle_calibrated"
161,1371.38,3337.56,1,2,121.38,837.56,154,134.41,99.73,15357.76,16,14,14,1.14,2177.656,2934.412,41.6,36.4,1041.04,3337.56,1371.38,"circle_calibrated"
162,1379.46,2924.58,1,2,129.46,424.58,24,96.26,83.97,2015.31,5,8,5.53,1.6,1103.908,2913.404,20.8,13,162.24,2924.58,1379.46,"circle_calibrated"
163,1390,1092.84,1,0,140,1092.84,31,130.7,100.94,3129.16,6,7,6.28,1.17,-3658.616,2886,18.2,15.6,209.56,1092.84,1390,"circle_calibrated"
164,1393.57,440.07,1,0,143.57,440.07,28,113.21,93.21,2610.01,7,6,5.97,1.17,-5355.818,2876.718,18.2,15.6,189.28,440.07,1393.57,"circle_calibrated"
165,1420.92,2574.58,1,2,170.92,74.58,12,101.22,86.67,1040.02,5,3,3.91,1.67,193.908,2805.608,13,7.8,81.12,2574.58,1420.92,"circle_calibrated"
166,1436.92,4347.08,1,3,186.92,597.08,181,108.1,88.39,15998.59,20,18,15.18,1.11,4802.408,2764.008,52,46.8,1223.56,4347.08,1436.92,"circle_calibrated"
167,1438.34,1478.46,1,1,188.34,228.46,50,142.9,108.8,5439.76,12,8,7.98,1.5,-2656.004,2760.316,31.2,20.8,338,1478.46,1438.34,"circle_calibrated"
168,1440.25,840.77,1,0,190.25,840.77,73,133.35,108.62,7929.07,13,8,9.64,1.62,-4313.998,2755.35,33.8,20.8,493.48,840.77,1440.25,"circle_calibrated"
169,1443.12,3491.65,1,2,193.12,991.65,40,126.38,101.92,4076.88,6,11,7.14,1.83,2578.29,2747.888,28.6,15.6,270.4,3491.65,1443.12,"circle_calibrated"
170,1442.58,1452,1,1,192.58,202,64,90.57,80.36,5143.06,9,8,9.03,1.12,-2724.8,2749.292,23.4,20.8,432.64,1452,1442.58,"circle_calibrated"
171,1448.24,769.97,1,0,198.24,769.97,33,114.42,95.13,3139.23,8,6,6.48,1.33,-4498.078,2734.576,20.8,15.6,223.08,769.97,1448.24,"circle_calibrated"
172,1509.26,4469.55,1,3,259.26,719.55,6803,223.55,188.67,1283553.29,109,119,93.07,1.09,5120.83,2575.924,309.4,283.4,45988.28,4469.55,1509.26,"circle_calibrated"
173,1452.51,671.6,1,0,202.51,671.6,43,110.77,91.72,3943.85,7,8,7.4,1.14,-4753.84,2723.474,20.8,18.2,290.68,671.6,1452.51,"circle_calibrated"
174,1517.46,1464.55,1,1,267.46,214.55,1011,199.09,132.05,133506.55,56,106,35.88,1.89,-2692.17,2554.604,275.6,145.6,6834.36,1464.55,1517.46,"circle_calibrated"
175,1465.52,4401.89,1,3,215.52,651.89,27,89.71,83.17,2245.53,8,6,5.86,1.33,4944.914,2689.648,20.8,15.6,182.52,4401.89,1465.52,"circle_calibrated"
176,1480,4244,1,3,230,494,15,84.24,79.87,1197.99,5,5,4.37,1,4534.4,2652,13,13,101.4,4244,1480,"circle_calibrated"
177,1483.06,4273.69,1,3,233.06,523.69,78,100.96,85.97,6705.45,10,12,9.97,1.2,4611.594,2644.044,31.2,26,527.28,4273.69,1483.06,"circle_calibrated"
178,1484.22,3492.14,1,2,234.22,992.14,49,116.64,96.91,4748.46,8,8,7.9,1,2579.564,2641.028,20.8,20.8,331.24,3492.14,1484.22,"circle_calibrated"
179,1506.15,1524.51,1,1,256.15,274.51,221,132.11,92.22,20381.67,21,40,16.77,1.9,-2536.274,2584.01,104,54.6,1493.96,1524.51,1506.15,"circle_calibrated"
180,1490.5,549,1,0,240.5,549,10,105.14,89.96,899.55,3,4,3.57,1.33,-5072.6,2624.7,10.4,7.8,67.6,549,1490.5,"circle_calibrated"
181,1503.59,497.2,1,0,253.59,497.2,144,126.85,94.23,13569.69,16,13,13.54,1.23,-5207.28,2590.666,41.6,33.8,973.44,497.2,1503.59,"circle_calibrated"
182,1507.69,1379.45,1,1,257.69,129.45,101,168.02,115.48,11663.71,11,17,11.34,1.55,-2913.43,2580.006,44.2,28.6,682.76,1379.45,1507.69,"circle_calibrated"
183,1527.23,2930.94,1,2,277.23,430.94,31,119.38,98.44,3051.51,7,9,6.28,1.29,1120.444,2529.202,23.4,18.2,209.56,2930.94,1527.23,"circle_calibrated"
184,1526.74,4002.59,1,3,276.74,252.59,54,108.24,85.89,4637.84,10,8,8.29,1.25,3906.734,2530.476,26,20.8,365.04,4002.59,1526.74,"circle_calibrated"
185,1530.5,1226.29,1,0,280.5,1226.29,24,125.44,100.34,2408.26,5,6,5.53,1.2,-3311.646,2520.7,15.6,13,162.24,1226.29,1530.5,"circle_calibrated"
186,1546.11,1717.41,1,1,296.11,467.41,397,191.93,132.65,52660.7,31,21,22.48,1.48,-2034.734,2480.114,80.6,54.6,2683.72,1717.41,1546.11,"circle_calibrated"
187,1551.45,576.59,1,0,301.45,576.59,427,185.54,128.96,55067.77,27,27,23.32,1,-5000.866,2466.23,70.2,70.2,2886.52,576.59,1551.45,"circle_calibrated"
188,1547.63,2700.82,1,2,297.63,200.82,121,130.63,102.83,12442.02,12,13,12.41,1.08,522.132,2476.162,33.8,31.2,817.96,2700.82,1547.63,"circle_calibrated"
189,1547.87,4128.64,1,3,297.87,378.64,182,136.97,105.82,19259.96,33,11,15.22,3,4234.464,2475.538,85.8,28.6,1230.32,4128.64,1547.87,"circle_calibrated"
190,1552.19,493.27,1,0,302.19,493.27,75,135.04,106.38,7978.33,8,13,9.77,1.62,-5217.498,2464.306,33.8,20.8,507,493.27,1552.19,"circle_calibrated"
191,1647.64,606.97,1,0,397.64,606.97,699,132.74,95.86,67009.06,37,171,29.83,4.62,-4921.878,2216.136,444.6,96.2,4725.24,606.97,1647.64,"circle_calibrated"
192,1566.45,3033.51,1,2,316.45,533.51,87,131.21,106.85,9296.22,11,11,10.52,1,1387.126,2427.23,28.6,28.6,588.12,3033.51,1566.45,"circle_calibrated"
193,1577.34,1492.33,1,1,327.34,242.33,58,90.23,81.22,4710.62,12,6,8.59,2,-2619.942,2398.916,31.2,15.6,392.08,1492.33,1577.34,"circle_calibrated"
194,1581.65,1939.6,1,1,331.65,689.6,55,110.96,88.55,4870.32,11,6,8.37,1.83,-1457.04,2387.71,28.6,15.6,371.8,1939.6,1581.65,"circle_calibrated"
195,1589.84,775.47,1,0,339.84,775.47,19,86.95,81.51,1548.76,4,7,4.92,1.75,-4483.778,2366.416,18.2,10.4,128.44,775.47,1589.84,"circle_calibrated"
196,1590.24,3814.82,1,3,340.24,64.82,68,108.46,87.89,5976.3,13,8,9.3,1.62,3418.532,2365.376,33.8,20.8,459.68,3814.82,1590.24,"circle_calibrated"
197,1592.07,2010.04,1,1,342.07,760.04,28,93.88,84.86,2376.18,8,5,5.97,1.6,-1273.896,2360.618,20.8,13,189.28,2010.04,1592.07,"circle_calibrated"
198,1593.12,2550.67,1,2,343.12,50.67,24,115.86,96.51,2316.29,6,5,5.53,1.2,131.742,2357.888,15.6,13,162.24,2550.67,1593.12,"circle_calibrated"
199,1599.8,4415.33,1,3,349.8,665.33,15,98.72,88.93,1334.01,6,4,4.37,1.5,4979.858,2340.52,15.6,10.4,101.4,4415.33,1599.8,"circle_calibrated"
200,1606.97,1179.26,1,0,356.97,1179.26,131,103.54,86.09,11277.28,17,14,12.91,1.21,-3433.924,2321.878,44.2,36.4,885.56,1179.26,1606.97,"circle_calibrated"
201,1604.65,754.35,1,0,354.65,754.35,26,87.34,81.36,2115.32,9,6,5.75,1.5,-4538.69,2327.91,23.4,15.6,175.76,754.35,1604.65,"circle_calibrated"
202,1608.52,457.71,1,0,358.52,457.71,69,91.89,82.16,5669.2,10,9,9.37,1.11,-5309.954,2317.848,26,23.4,466.44,457.71,1608.52,"circle_calibrated"
203,1868.28,629.32,1,0,618.28,629.32,4673,199.25,120.04,560933.69,206,403,77.14,1.96,-4863.768,1642.472,1047.8,535.6,31589.48,629.32,1868.28,"circle_calibrated"
204,1614.38,592.14,1,0,364.38,592.14,21,84.99,80.16,1683.29,3,8,5.17,2.67,-4960.436,2302.612,20.8,7.8,141.96,592.14,1614.38,"circle_calibrated"
205,1618.89,3778.55,1,3,368.89,28.55,47,97.93,85.48,4017.76,7,9,7.74,1.29,3324.23,2290.886,23.4,18.2,317.72,3778.55,1618.89,"circle_calibrated"
206,1621.3,2860.26,1,2,371.3,360.26,90,173.9,128.91,11601.59,14,9,10.7,1.56,936.676000000001,2284.62,36.4,23.4,608.4,2860.26,1621.3,"circle_calibrated"
207,1626.93,1267.14,1,1,376.93,17.14,131,145.39,98.83,12946.21,17,13,12.91,1.31,-3205.436,2269.982,44.2,33.8,885.56,1267.14,1626.93,"circle_calibrated"
208,1625.5,1825.8,1,1,375.5,575.8,10,104.25,91.43,914.32,3,4,3.57,1.33,-1752.92,2273.7,10.4,7.8,67.6,1825.8,1625.5,"circle_calibrated"
209,1635.54,977.05,1,0,385.54,977.05,78,87.18,79.38,6191.32,11,12,9.97,1.09,-3959.67,2247.596,31.2,28.6,527.28,977.05,1635.54,"circle_calibrated"
210,1645.83,4055.08,1,3,395.83,305.08,12,98.19,85.1,1021.16,3,5,3.91,1.67,4043.208,2220.842,13,7.8,81.12,4055.08,1645.83,"circle_calibrated"
211,1651.74,4482.89,1,3,401.74,732.89,84,122,99.23,8335.24,13,10,10.34,1.3,5155.514,2205.476,33.8,26,567.84,4482.89,1651.74,"circle_calibrated"
212,1655.74,2544.27,1,2,405.74,44.27,161,198.95,151.22,24345.97,17,13,14.32,1.31,115.102,2195.076,44.2,33.8,1088.36,2544.27,1655.74,"circle_calibrated"
213,1657.24,729.34,1,0,407.24,729.34,29,90.35,82.5,2392.44,5,9,6.08,1.8,-4603.716,2191.176,23.4,13,196.04,729.34,1657.24,"circle_calibrated"
214,1664.6,2889.6,1,2,414.6,389.6,25,111.48,90.78,2269.57,6,6,5.64,1,1012.96,2172.04,15.6,15.6,169,2889.6,1664.6,"circle_calibrated"
215,1675.75,1583.79,1,1,425.75,333.79,103,103.79,88.6,9126.19,13,19,11.45,1.46,-2382.146,2143.05,49.4,33.8,696.28,1583.79,1675.75,"circle_calibrated"
216,1686.58,1180.45,1,0,436.58,1180.45,31,119.6,94.17,2919.2,4,10,6.28,2.5,-3430.83,2114.892,26,10.4,209.56,1180.45,1686.58,"circle_calibrated"
217,1693.86,1448.93,1,1,443.86,198.93,118,118.06,86.12,10161.7,15,12,12.26,1.25,-2732.782,2095.964,39,31.2,797.68,1448.93,1693.86,"circle_calibrated"
218,1702.17,826.11,1,0,452.17,826.11,18,85.98,80.23,1444.18,4,6,4.79,1.5,-4352.114,2074.358,15.6,10.4,121.68,826.11,1702.17,"circle_calibrated"
219,1719.62,2881.94,1,2,469.62,381.94,50,115.77,94.9,4745.04,9,10,7.98,1.11,993.044,2028.988,26,23.4,338,2881.94,1719.62,"circle_calibrated"
220,1729.49,2463.52,1,1,479.49,1213.52,239,119.19,92.99,22225.54,22,23,17.44,1.05,-94.8480000000001,2003.326,59.8,57.2,1615.64,2463.52,1729.49,"circle_calibrated"
221,1721.35,1856,1,1,471.35,606,26,97.06,87.31,2270.17,5,6,5.75,1.2,-1674.4,2024.49,15.6,13,175.76,1856,1721.35,"circle_calibrated"
222,1727.36,3012.08,1,2,477.36,512.08,39,94.07,85.17,3321.71,5,9,7.05,1.8,1331.408,2008.864,23.4,13,263.64,3012.08,1727.36,"circle_calibrated"
223,1731.59,4233.09,1,3,481.59,483.09,92,125.63,95.83,8816.16,10,12,10.82,1.2,4506.034,1997.866,31.2,26,621.92,4233.09,1731.59,"circle_calibrated"
224,1732.64,2832.73,1,2,482.64,332.73,11,87.62,82.69,909.59,5,4,3.74,1.25,865.098,1995.136,13,10.4,74.36,2832.73,1732.64,"circle_calibrated"
225,1736.57,1952.45,1,1,486.57,702.45,53,147.62,114.13,6049.15,8,8,8.21,1,-1423.63,1984.918,20.8,20.8,358.28,1952.45,1736.57,"circle_calibrated"
226,1743.46,2975.41,1,2,493.46,475.41,39,141.52,109.15,4257.02,8,6,7.05,1.33,1236.066,1967.004,20.8,15.6,263.64,2975.41,1743.46,"circle_calibrated"
227,1753.14,2871.38,1,2,503.14,371.38,58,131.02,104.37,6053.46,11,10,8.59,1.1,965.588,1941.836,28.6,26,392.08,2871.38,1753.14,"circle_calibrated"
228,1780.44,4137.6,1,3,530.44,387.6,207,168.26,123.22,25505.77,18,16,16.23,1.12,4257.76,1870.856,46.8,41.6,1399.32,4137.6,1780.44,"circle_calibrated"
229,1792.9,2348.21,1,1,542.9,1098.21,276,140.77,97.53,26919.28,20,20,18.75,1,-394.654,1838.46,52,52,1865.76,2348.21,1792.9,"circle_calibrated"
230,1804.43,1517.15,1,1,554.43,267.15,110,143.6,105.45,11599.96,17,16,11.83,1.06,-2555.41,1808.482,44.2,41.6,743.6,1517.15,1804.43,"circle_calibrated"
231,1801.59,4059.85,1,3,551.59,309.85,41,92.62,80.53,3301.58,10,7,7.23,1.43,4055.61,1815.866,26,18.2,277.16,4059.85,1801.59,"circle_calibrated"
232,1808.66,2730.2,1,2,558.66,230.2,155,109.34,88.16,13664.96,21,15,14.05,1.4,598.52,1797.484,54.6,39,1047.8,2730.2,1808.66,"circle_calibrated"
233,1819,481.83,1,0,569,481.83,12,93.71,85.5,1026,4,5,3.91,1.25,-5247.242,1770.6,13,10.4,81.12,481.83,1819,"circle_calibrated"
234,1826.51,1528.49,1,1,576.51,278.49,55,96.43,87.05,4787.74,12,8,8.37,1.5,-2525.926,1751.074,31.2,20.8,371.8,1528.49,1826.51,"circle_calibrated"
235,1828,1591.29,1,1,578,341.29,75,100.14,86.18,6463.2,12,8,9.77,1.5,-2362.646,1747.2,31.2,20.8,507,1591.29,1828,"circle_calibrated"
236,1828.43,3818.75,1,3,578.43,68.75,56,105.41,88.52,4957.13,9,8,8.44,1.12,3428.75,1746.082,23.4,20.8,378.56,3818.75,1828.43,"circle_calibrated"
237,1875.13,829.99,1,0,625.13,829.99,1882,185.6,116.47,219204.41,215,104,48.95,2.07,-4342.026,1624.662,559,270.4,12722.32,829.99,1875.13,"circle_calibrated"
238,1843.54,3538.9,1,2,593.54,1038.9,412,140.41,108.23,44592.14,24,27,22.9,1.12,2701.14,1706.796,70.2,62.4,2785.12,3538.9,1843.54,"circle_calibrated"
239,1843.46,293.69,1,0,593.46,293.69,180,165.36,116.23,20921.37,16,16,15.14,1,-5736.406,1707.004,41.6,41.6,1216.8,293.69,1843.46,"circle_calibrated"
240,1843.36,4226.91,1,3,593.36,476.91,11,98.25,86.53,951.87,3,4,3.74,1.33,4489.966,1707.264,10.4,7.8,74.36,4226.91,1843.36,"circle_calibrated"
241,1861.22,1320.63,1,1,611.22,70.63,46,115.99,93.68,4309.12,8,8,7.65,1,-3066.362,1660.828,20.8,20.8,310.96,1320.63,1861.22,"circle_calibrated"
242,1863.68,4082.55,1,3,613.68,332.55,22,87.17,82.2,1808.5,6,6,5.29,1,4114.63,1654.432,15.6,15.6,148.72,4082.55,1863.68,"circle_calibrated"
243,1865.22,4571.03,1,3,615.22,821.03,37,91.72,82.34,3046.53,7,8,6.86,1.14,5384.678,1650.428,20.8,18.2,250.12,4571.03,1865.22,"circle_calibrated"
244,1889.38,4100.94,1,3,639.38,350.94,34,91.29,84.05,2857.72,7,7,6.58,1,4162.444,1587.612,18.2,18.2,229.84,4100.94,1889.38,"circle_calibrated"
245,1899.44,2818.37,1,2,649.44,318.37,59,170.13,124.75,7360.24,8,10,8.67,1.25,827.762,1561.456,26,20.8,398.84,2818.37,1899.44,"circle_calibrated"
246,1909.48,1456.09,1,1,659.48,206.09,33,152.84,113.37,3741.12,6,8,6.48,1.33,-2714.166,1535.352,20.8,15.6,223.08,1456.09,1909.48,"circle_calibrated"
247,1911.52,4860.11,1,3,661.52,1110.11,27,119.1,97.12,2622.16,7,6,5.86,1.17,6136.286,1530.048,18.2,15.6,182.52,4860.11,1911.52,"circle_calibrated"
248,1918,3092.5,1,2,668,592.5,84,140.44,107.9,9063.42,12,11,10.34,1.09,1540.5,1513.2,31.2,28.6,567.84,3092.5,1918,"circle_calibrated"
249,1930.13,692.2,1,0,680.13,692.2,269,161.95,123.68,33271.09,27,22,18.51,1.23,-4700.28,1481.662,70.2,57.2,1818.44,692.2,1930.13,"circle_calibrated"
250,1927.79,3222.35,1,2,677.79,722.35,62,89.86,82.41,5109.13,10,8,8.88,1.25,1878.11,1487.746,26,20.8,419.12,3222.35,1927.79,"circle_calibrated"
251,1935.5,394.03,1,0,685.5,394.03,70,93.05,85.56,5989.26,10,9,9.44,1.11,-5475.522,1467.7,26,23.4,473.2,394.03,1935.5,"circle_calibrated"
252,1940.19,2028.3,1,1,690.19,778.3,67,156.58,119.58,8011.55,10,9,9.24,1.11,-1226.42,1455.506,26,23.4,452.92,2028.3,1940.19,"circle_calibrated"
253,1948.8,4007.92,1,3,698.8,257.92,65,105.11,84.9,5518.65,10,10,9.1,1,3920.592,1433.12,26,26,439.4,4007.92,1948.8,"circle_calibrated"
254,1953.09,4505.6,1,3,703.09,755.6,70,99.95,84.86,5940.12,12,12,9.44,1,5214.56,1421.966,31.2,31.2,473.2,4505.6,1953.09,"circle_calibrated"
255,1975.2,879.74,1,0,725.2,879.74,461,139.37,91.57,42212.31,36,24,24.23,1.5,-4212.676,1364.48,93.6,62.4,3116.36,879.74,1975.2,"circle_calibrated"
256,1974.75,429.83,1,0,724.75,429.83,60,134.38,109.13,6547.87,9,10,8.74,1.11,-5382.442,1365.65,26,23.4,405.6,429.83,1974.75,"circle_calibrated"
257,1993.08,3063.39,1,2,743.08,563.39,1414,224.45,179.85,254303.08,44,43,42.43,1.02,1464.814,1317.992,114.4,111.8,9558.64,3063.39,1993.08,"circle_calibrated"
258,1977.46,302.91,1,0,727.46,302.91,85,114.22,85.08,7231.69,12,11,10.4,1.09,-5712.434,1358.604,31.2,28.6,574.6,302.91,1977.46,"circle_calibrated"
259,1983.58,1988.29,1,1,733.58,738.29,118,192.02,141.26,16668.55,12,16,12.26,1.33,-1330.446,1342.692,41.6,31.2,797.68,1988.29,1983.58,"circle_calibrated"
260,1983.26,2283.17,1,1,733.26,1033.17,94,128.43,98.94,9300.62,12,10,10.94,1.2,-563.758,1343.524,31.2,26,635.44,2283.17,1983.26,"circle_calibrated"
261,1992.82,1783.95,1,1,742.82,533.95,61,103.3,85.56,5219.01,10,8,8.81,1.25,-1861.73,1318.668,26,20.8,412.36,1783.95,1992.82,"circle_calibrated"
262,1995.54,3598.58,1,2,745.54,1098.58,50,103.1,87.69,4384.74,10,8,7.98,1.25,2856.308,1311.596,26,20.8,338,3598.58,1995.54,"circle_calibrated"
263,1998.63,3377.75,1,2,748.63,877.75,87,97.13,79.86,6948.09,13,10,10.52,1.3,2282.15,1303.562,33.8,26,588.12,3377.75,1998.63,"circle_calibrated"
264,2013.65,2370.3,1,1,763.65,1120.3,23,82.98,79.44,1827.08,7,5,5.41,1.4,-337.22,1264.51,18.2,13,155.48,2370.3,2013.65,"circle_calibrated"
265,2015.44,3090.58,1,2,765.44,590.58,48,161.97,117.92,5660.28,8,8,7.82,1,1535.508,1259.856,20.8,20.8,324.48,3090.58,2015.44,"circle_calibrated"
266,2028,1268.53,1,1,778,18.53,43,107.07,88.22,3793.25,10,7,7.4,1.43,-3201.822,1227.2,26,18.2,290.68,1268.53,2028,"circle_calibrated"
267,2028.94,1812.33,1,1,778.94,562.33,51,175.73,122.69,6257.22,10,7,8.06,1.43,-1787.942,1224.756,26,18.2,344.76,1812.33,2028.94,"circle_calibrated"
268,2032.24,1351.45,1,1,782.24,101.45,82,117.31,95.49,7829.86,12,9,10.22,1.33,-2986.23,1216.176,31.2,23.4,554.32,1351.45,2032.24,"circle_calibrated"
269,2039.54,2332.53,1,1,789.54,1082.53,297,161.69,126.89,37685.81,20,22,19.45,1.1,-435.422,1197.196,57.2,52,2007.72,2332.53,2039.54,"circle_calibrated"
270,2047.32,2354.03,1,1,797.32,1104.03,88,93.75,82.99,7303.34,11,13,10.59,1.18,-379.521999999999,1176.968,33.8,28.6,594.88,2354.03,2047.32,"circle_calibrated"
271,2045.95,2135.9,1,1,795.95,885.9,20,112.24,94.31,1886.18,5,5,5.05,1,-946.66,1180.53,13,13,135.2,2135.9,2045.95,"circle_calibrated"
272,2048.87,204.11,1,0,798.87,204.11,53,127.05,98.01,5194.42,13,6,8.21,2.17,-5969.314,1172.938,33.8,15.6,358.28,204.11,2048.87,"circle_calibrated"
273,2062.58,1917.02,1,1,812.58,667.02,43,144.39,114.54,4925.36,7,8,7.4,1.14,-1515.748,1137.292,20.8,18.2,290.68,1917.02,2062.58,"circle_calibrated"
274,2072.98,1615.96,1,1,822.98,365.96,57,111.74,91.19,5198.05,12,7,8.52,1.71,-2298.504,1110.252,31.2,18.2,385.32,1615.96,2072.98,"circle_calibrated"
275,2080.67,4088.45,1,3,830.67,338.45,55,115.17,94.6,5202.95,11,7,8.37,1.57,4129.97,1090.258,28.6,18.2,371.8,4088.45,2080.67,"circle_calibrated"
276,2100.5,396.88,1,0,850.5,396.88,166,174.37,133.61,22179.86,15,14,14.54,1.07,-5468.112,1038.7,39,36.4,1122.16,396.88,2100.5,"circle_calibrated"
277,2106.71,215.43,1,0,856.71,215.43,21,109.77,89.29,1875.15,4,9,5.17,2.25,-5939.882,1022.554,23.4,10.4,141.96,215.43,2106.71,"circle_calibrated"
278,2108.43,4003.87,1,3,858.43,253.87,47,106.22,86.39,4060.31,9,8,7.74,1.12,3910.062,1018.082,23.4,20.8,317.72,4003.87,2108.43,"circle_calibrated"
279,2113.15,1180.9,1,0,863.15,1180.9,40,86.03,79.77,3190.95,9,6,7.14,1.5,-3429.66,1005.81,23.4,15.6,270.4,1180.9,2113.15,"circle_calibrated"
280,2122.87,4348.51,1,3,872.87,598.51,306,137.99,99.69,30506.01,53,11,19.74,4.82,4806.126,980.538,137.8,28.6,2068.56,4348.51,2122.87,"circle_calibrated"
281,2140.93,2258.17,1,1,890.93,1008.17,327,192.63,148.64,48605.36,16,29,20.4,1.81,-628.758,933.582,75.4,41.6,2210.52,2258.17,2140.93,"circle_calibrated"
282,2140.23,882.85,1,0,890.23,882.85,13,84.92,80.59,1047.67,4,6,4.07,1.5,-4204.59,935.402,15.6,10.4,87.88,882.85,2140.23,"circle_calibrated"
283,2157.71,1218.4,1,0,907.71,1218.4,45,109.22,94.23,4240.42,10,7,7.57,1.43,-3332.16,889.954,26,18.2,304.2,1218.4,2157.71,"circle_calibrated"
284,2163.55,3548.43,1,2,913.55,1048.43,77,101.26,83.12,6399.9,12,10,9.9,1.2,2725.918,874.77,31.2,26,520.52,3548.43,2163.55,"circle_calibrated"
285,2162.98,4116.22,1,3,912.98,366.22,59,110.1,94.24,5560.36,14,5,8.67,2.8,4202.172,876.252,36.4,13,398.84,4116.22,2162.98,"circle_calibrated"
286,2163.13,4438.47,1,3,913.13,688.47,15,102.01,90.46,1356.85,4,5,4.37,1.25,5040.022,875.862,13,10.4,101.4,4438.47,2163.13,"circle_calibrated"
287,2177.2,2911.68,1,2,927.2,411.68,91,106.25,86.66,7885.72,13,10,10.76,1.3,1070.368,839.280000000001,33.8,26,615.16,2911.68,2177.2,"circle_calibrated"
288,2180.92,2687.32,1,2,930.92,187.32,38,140.88,108.3,4115.51,10,5,6.96,2,487.032,829.608,26,13,256.88,2687.32,2180.92,"circle_calibrated"
289,2192,493.56,1,0,942,493.56,16,95.56,86.45,1383.13,4,7,4.51,1.75,-5216.744,800.8,18.2,10.4,108.16,493.56,2192,"circle_calibrated"
290,2197.68,1702.15,1,1,947.68,452.15,158,180.64,138.53,21888.07,16,13,14.18,1.23,-2074.41,786.032,41.6,33.8,1068.08,1702.15,2197.68,"circle_calibrated"
291,2212.27,470.4,1,0,962.27,470.4,168,123.85,94.28,15839.8,34,23,14.63,1.48,-5276.96,748.098,88.4,59.8,1135.68,470.4,2212.27,"circle_calibrated"
292,2220.5,1684.25,1,1,970.5,434.25,24,146.92,110.07,2641.57,6,6,5.53,1,-2120.95,726.7,15.6,15.6,162.24,1684.25,2220.5,"circle_calibrated"
293,2226.76,1219.6,1,0,976.76,1219.6,164,139.76,101.08,16576.41,15,15,14.45,1,-3329.04,710.423999999999,39,39,1108.64,1219.6,2226.76,"circle_calibrated"
294,2229.61,3914.21,1,3,979.61,164.21,61,98.96,85.91,5240.56,10,11,8.81,1.1,3676.946,703.014,28.6,26,412.36,3914.21,2229.61,"circle_calibrated"
295,2229.75,4095.33,1,3,979.75,345.33,12,96.22,84.66,1015.9,4,4,3.91,1,4147.858,702.65,10.4,10.4,81.12,4095.33,2229.75,"circle_calibrated"
296,2317.18,358.93,1,0,1067.18,358.93,2072,195.88,120.63,249947.27,173,202,51.36,1.17,-5566.782,475.332,525.2,449.8,14006.72,358.93,2317.18,"circle_calibrated"
297,2239.86,642.69,1,0,989.86,642.69,104,162.19,119.34,12411.01,11,13,11.51,1.18,-4829.006,676.364,33.8,28.6,703.04,642.69,2239.86,"circle_calibrated"
298,2239,168.97,1,0,989,168.97,31,98.31,80.82,2505.32,14,3,6.28,4.67,-6060.678,678.6,36.4,7.8,209.56,168.97,2239,"circle_calibrated"
299,2244.5,4491.17,1,3,994.5,741.17,82,91.09,81.28,6665.32,13,9,10.22,1.44,5177.042,664.3,33.8,23.4,554.32,4491.17,2244.5,"circle_calibrated"
300,2244.86,4021.48,1,3,994.86,271.48,56,117.88,90.51,5068.52,14,6,8.44,2.33,3955.848,663.364,36.4,15.6,378.56,4021.48,2244.86,"circle_calibrated"
301,2256.67,3265.6,1,2,1006.67,765.6,316,185.29,139.6,44113.89,18,27,20.06,1.5,1990.56,632.658,70.2,46.8,2136.16,3265.6,2256.67,"circle_calibrated"
302,2324.3,1243.79,1,0,1074.3,1243.79,1880,200.31,134.07,252045.73,53,148,48.93,2.79,-3266.146,456.82,384.8,137.8,12708.8,1243.79,2324.3,"circle_calibrated"
303,2259.59,4245.11,1,3,1009.59,495.11,27,89.53,83.14,2244.66,6,7,5.86,1.17,4537.286,625.066,18.2,15.6,182.52,4245.11,2259.59,"circle_calibrated"
304,2280,1684.42,1,1,1030,434.42,100,170.84,123.38,12338.49,12,13,11.28,1.08,-2120.508,572,33.8,31.2,676,1684.42,2280,"circle_calibrated"
305,2287.08,3334.43,1,2,1037.08,834.43,372,155.32,117.38,43663.93,27,22,21.76,1.23,2169.518,553.592,70.2,57.2,2514.72,3334.43,2287.08,"circle_calibrated"
306,2282,769.76,1,0,1032,769.76,54,125.82,106.01,5724.61,10,7,8.29,1.43,-4498.624,566.8,26,18.2,365.04,769.76,2282,"circle_calibrated"
307,2284.05,1451.81,1,1,1034.05,201.81,21,115.16,94.57,1985.92,5,5,5.17,1,-2725.294,561.47,13,13,141.96,1451.81,2284.05,"circle_calibrated"
308,2292.34,1338.28,1,1,1042.34,88.28,198,147.75,103.63,20518.22,17,17,15.88,1,-3020.472,539.916,44.2,44.2,1338.48,1338.28,2292.34,"circle_calibrated"
309,2293.36,782.94,1,0,1043.36,782.94,106,114.15,93.8,9942.46,17,8,11.62,2.12,-4464.356,537.264,44.2,20.8,716.56,782.94,2293.36,"circle_calibrated"
310,2300.94,4267.38,1,3,1050.94,517.38,65,102.73,83.15,5404.6,12,7,9.1,1.71,4595.188,517.556,31.2,18.2,439.4,4267.38,2300.94,"circle_calibrated"
311,2306.5,2615.66,1,2,1056.5,115.66,90,137.05,107.83,9704.69,11,11,10.7,1,300.716,503.1,28.6,28.6,608.4,2615.66,2306.5,"circle_calibrated"
312,2318.08,895.08,1,0,1068.08,895.08,12,96.31,84.65,1015.8,3,5,3.91,1.67,-4172.792,472.992,13,7.8,81.12,895.08,2318.08,"circle_calibrated"
313,2327.76,1512.68,1,1,1077.76,262.68,76,143.51,105.69,8032.63,9,12,9.84,1.33,-2567.032,447.823999999999,31.2,23.4,513.76,1512.68,2327.76,"circle_calibrated"
314,2331.87,4238.99,1,3,1081.87,488.99,103,140.65,112,11536.35,13,11,11.45,1.18,4521.374,437.138,33.8,28.6,696.28,4238.99,2331.87,"circle_calibrated"
315,2331.36,637.44,1,0,1081.36,637.44,50,90.51,79.49,3974.45,9,8,7.98,1.12,-4842.656,438.464,23.4,20.8,338,637.44,2331.36,"circle_calibrated"
316,2340.87,1781.16,1,1,1090.87,531.16,157,158.94,117.31,18417.22,10,28,14.14,2.8,-1868.984,413.738,72.8,26,1061.32,1781.16,2340.87,"circle_calibrated"
317,2335.5,1742.5,1,1,1085.5,492.5,32,148.27,116.15,3716.93,6,6,6.38,1,-1969.5,427.7,15.6,15.6,216.32,1742.5,2335.5,"circle_calibrated"
318,2345.18,1401.82,1,1,1095.18,151.82,11,116.05,97.61,1073.69,4,4,3.74,1,-2855.268,402.532,10.4,10.4,74.36,1401.82,2345.18,"circle_calibrated"
319,2357.5,2414.5,1,1,1107.5,1164.5,10,96.3,86.82,868.22,4,4,3.57,1,-222.3,370.5,10.4,10.4,67.6,2414.5,2357.5,"circle_calibrated"
320,2363.29,472.5,1,0,1113.29,472.5,14,100.32,88.67,1241.33,4,4,4.22,1,-5271.5,355.446,10.4,10.4,94.64,472.5,2363.29,"circle_calibrated"
321,2368.36,1870.84,1,1,1118.36,620.84,148,171.46,131.69,19489.59,14,13,13.73,1.08,-1635.816,342.264,36.4,33.8,1000.48,1870.84,2368.36,"circle_calibrated"
322,2378.3,4783.09,1,3,1128.3,1033.09,325,158.21,114.73,37288.7,27,19,20.34,1.42,5936.034,316.42,70.2,49.4,2197,4783.09,2378.3,"circle_calibrated"
323,2374.51,2257.3,1,1,1124.51,1007.3,37,101.79,87.42,3234.64,8,8,6.86,1,-631.02,326.273999999999,20.8,20.8,250.12,2257.3,2374.51,"circle_calibrated"
324,2371.36,4252.82,1,3,1121.36,502.82,11,88.62,83.07,913.74,7,2,3.74,3.5,4557.332,334.464,18.2,5.2,74.36,4252.82,2371.36,"circle_calibrated"
325,2382.78,2797.56,1,2,1132.78,297.56,176,186.48,131.24,23097.37,12,20,14.97,1.67,773.656,304.771999999999,52,31.2,1189.76,2797.56,2382.78,"circle_calibrated"
326,2388.21,3770.58,1,3,1138.21,20.58,158,124.21,94.26,14893.45,14,17,14.18,1.21,3303.508,290.654,44.2,36.4,1068.08,3770.58,2388.21,"circle_calibrated"
327,2397.04,3222,1,2,1147.04,722,227,112.29,89.45,20305.42,15,23,17,1.53,1877.2,267.696,59.8,39,1534.52,3222,2397.04,"circle_calibrated"
328,2392.07,3486.66,1,2,1142.07,986.66,59,102.61,85.71,5056.94,8,9,8.67,1.12,2565.316,280.618,23.4,20.8,398.84,3486.66,2392.07,"circle_calibrated"
329,2398.66,1399.12,1,1,1148.66,149.12,68,107.21,90.63,6162.83,11,9,9.3,1.22,-2862.288,263.484,28.6,23.4,459.68,1399.12,2398.66,"circle_calibrated"
330,2397.12,3018.94,1,2,1147.12,518.94,17,97.29,87.12,1481,7,4,4.65,1.75,1349.244,267.488,18.2,10.4,114.92,3018.94,2397.12,"circle_calibrated"
331,2400.56,3530.15,1,2,1150.56,1030.15,66,99.98,82.82,5466.16,8,11,9.17,1.38,2678.39,258.544,28.6,20.8,446.16,3530.15,2400.56,"circle_calibrated"
332,2411.88,3239.41,1,2,1161.88,739.41,17,105.25,92.54,1573.16,4,5,4.65,1.25,1922.466,229.112,13,10.4,114.92,3239.41,2411.88,"circle_calibrated"
333,2417.45,1249.74,1,0,1167.45,1249.74,84,138.21,108.5,9114.12,8,13,10.34,1.62,-3250.676,214.63,33.8,20.8,567.84,1249.74,2417.45,"circle_calibrated"
334,2417.86,460.64,1,0,1167.86,460.64,22,124.6,98.83,2174.36,6,5,5.29,1.2,-5302.336,213.564,15.6,13,148.72,460.64,2417.86,"circle_calibrated"
335,2423.26,474.53,1,0,1173.26,474.53,43,123.45,100.92,4339.45,8,7,7.4,1.14,-5266.222,199.523999999999,20.8,18.2,290.68,474.53,2423.26,"circle_calibrated"
336,2438.9,1436.14,1,1,1188.9,186.14,21,111.5,91.94,1930.81,4,7,5.17,1.75,-2766.036,158.86,18.2,10.4,141.96,1436.14,2438.9,"circle_calibrated"
337,2437.3,2882.3,1,2,1187.3,382.3,10,98.11,87.42,874.22,4,4,3.57,1,993.98,163.02,10.4,10.4,67.6,2882.3,2437.3,"circle_calibrated"
338,2439.09,1505.64,1,1,1189.09,255.64,11,111.56,96.1,1057.06,4,3,3.74,1.33,-2585.336,158.366,10.4,7.8,74.36,1505.64,2439.09,"circle_calibrated"
339,2461.75,4826.49,1,3,1211.75,1076.49,131,100.19,86.23,11295.63,11,16,12.91,1.45,6048.874,99.45,41.6,28.6,885.56,4826.49,2461.75,"circle_calibrated"
340,2459.18,159.64,1,0,1209.18,159.64,11,99.02,84.7,931.74,4,5,3.74,1.25,-6084.936,106.132,13,10.4,74.36,159.64,2459.18,"circle_calibrated"
341,2464.32,2807.59,1,2,1214.32,307.59,22,136.6,104.04,2288.91,6,6,5.29,1,799.734,92.7679999999996,15.6,15.6,148.72,2807.59,2464.32,"circle_calibrated"
342,2465.88,2923,1,2,1215.88,423,50,152.29,117.93,5896.57,7,9,7.98,1.29,1099.8,88.7119999999997,23.4,18.2,338,2923,2465.88,"circle_calibrated"
343,2469.22,297.54,1,0,1219.22,297.54,63,96.1,82.02,5167.23,15,7,8.96,2.14,-5726.396,80.0280000000005,39,18.2,425.88,297.54,2469.22,"circle_calibrated"
344,2471.41,1049.11,1,0,1221.41,1049.11,44,124.06,97.64,4296.01,6,10,7.48,1.67,-3772.314,74.3340000000004,26,15.6,297.44,1049.11,2471.41,"circle_calibrated"
345,2473.51,924.13,1,0,1223.51,924.13,92,97,83.4,7673.25,13,12,10.82,1.08,-4097.262,68.8739999999994,33.8,31.2,621.92,924.13,2473.51,"circle_calibrated"
346,2473.12,4523.27,1,3,1223.12,773.27,33,172.29,123.97,4090.85,6,7,6.48,1.17,5260.502,69.8880000000003,18.2,15.6,223.08,4523.27,2473.12,"circle_calibrated"
347,2476.94,4173.06,1,3,1226.94,423.06,62,94.26,83.91,5202.27,10,9,8.88,1.11,4349.956,59.9559999999999,26,23.4,419.12,4173.06,2476.94,"circle_calibrated"
348,2501.28,974.28,2,0,1.28,974.28,3284,210.12,156.59,514255.97,89,64,64.66,1.39,-3966.872,-3.32800000000052,231.4,166.4,22199.84,974.28,2501.28,"circle_calibrated"
349,2490.11,196.02,1,0,1240.11,196.02,88,125.29,94.83,8345.22,13,11,10.59,1.18,-5990.348,25.7139999999997,33.8,28.6,594.88,196.02,2490.11,"circle_calibrated"
350,2498.09,2359.73,1,1,1248.09,1109.73,11,91.32,83.19,915.08,5,3,3.74,1.67,-364.702,4.96599999999962,13,7.8,74.36,2359.73,2498.09,"circle_calibrated"
351,2505.86,3374.85,2,2,5.86,874.85,125,117.83,91.81,11475.91,15,12,12.62,1.25,2274.61,-15.2360000000003,39,31.2,845,3374.85,2505.86,"circle_calibrated"
352,2514,1413.5,2,1,14,163.5,10,102.79,93.91,939.14,4,3,3.57,1.33,-2824.9,-36.4,10.4,7.8,67.6,1413.5,2514,"circle_calibrated"
353,2521.2,1020.05,2,0,21.2,1020.05,20,86.88,82.03,1640.56,3,9,5.05,3,-3847.87,-55.1199999999995,23.4,7.8,135.2,1020.05,2521.2,"circle_calibrated"
354,2522.4,2543.47,2,2,22.4,43.47,45,103.12,84.18,3788.18,11,6,7.57,1.83,113.021999999999,-58.2400000000002,28.6,15.6,304.2,2543.47,2522.4,"circle_calibrated"
355,2537.18,4938.66,2,3,37.18,1188.66,38,117.68,98.31,3735.75,8,9,6.96,1.12,6340.516,-96.6679999999996,23.4,20.8,256.88,4938.66,2537.18,"circle_calibrated"
356,2540.17,3605.25,2,2,40.17,1105.25,12,79.97,77.49,929.9,9,3,3.91,3,2873.65,-104.442,23.4,7.8,81.12,3605.25,2540.17,"circle_calibrated"
357,2549,290.86,2,0,49,290.86,14,94.19,85.12,1191.68,3,6,4.22,2,-5743.764,-127.4,15.6,7.8,94.64,290.86,2549,"circle_calibrated"
358,2551,3596.62,2,2,51,1096.62,13,84.87,80.01,1040.12,6,5,4.07,1.2,2851.212,-132.6,15.6,13,87.88,3596.62,2551,"circle_calibrated"
359,2568.78,2004.13,2,1,68.78,754.13,45,97.71,86.75,3903.86,10,7,7.57,1.43,-1289.262,-178.828000000001,26,18.2,304.2,2004.13,2568.78,"circle_calibrated"
360,2572.48,4947.75,2,3,72.48,1197.75,161,132.6,102.11,16438.96,19,12,14.32,1.58,6364.15,-188.448,49.4,31.2,1088.36,4947.75,2572.48,"circle_calibrated"
361,2570,1176.5,2,0,70,1176.5,10,95.27,85.25,852.47,4,3,3.57,1.33,-3441.1,-182,10.4,7.8,67.6,1176.5,2570,"circle_calibrated"
362,2622.42,2698.35,2,2,122.42,198.35,465,137.67,96.88,45051.05,41,21,24.33,1.95,515.71,-318.292,106.6,54.6,3143.4,2698.35,2622.42,"circle_calibrated"
363,2635.94,1757.31,2,1,135.94,507.31,78,127.88,98.2,7659.72,8,14,9.97,1.75,-1930.994,-353.444,36.4,20.8,527.28,1757.31,2635.94,"circle_calibrated"
364,2636.03,2846.44,2,2,136.03,346.44,34,112.18,91.25,3102.64,4,11,6.58,2.75,900.744,-353.678000000001,28.6,10.4,229.84,2846.44,2636.03,"circle_calibrated"
365,2634.59,1697.74,2,1,134.59,447.74,27,90.08,82.42,2225.37,7,6,5.86,1.17,-2085.876,-349.934,18.2,15.6,182.52,1697.74,2634.59,"circle_calibrated"
366,2641.39,1703.89,2,1,141.39,453.89,18,94.53,84.43,1519.7,5,5,4.79,1,-2069.886,-367.614,13,13,121.68,1703.89,2641.39,"circle_calibrated"
367,2750.71,2018.43,2,1,250.71,768.43,20259,217.54,194.22,3934715.88,160,170,160.61,1.06,-1252.082,-651.846,442,416,136950.84,2018.43,2750.71,"circle_calibrated"
368,2684.89,2129.28,2,1,184.89,879.28,18,84.15,80.21,1443.73,7,5,4.79,1.4,-963.872,-480.714,18.2,13,121.68,2129.28,2684.89,"circle_calibrated"
369,2699.2,3909.75,2,3,199.2,159.75,20,119.84,100.3,2006.03,4,7,5.05,1.75,3665.35,-517.92,18.2,10.4,135.2,3909.75,2699.2,"circle_calibrated"
370,2701.41,4514.73,2,3,201.41,764.73,49,108.86,90.09,4414.5,9,7,7.9,1.29,5238.298,-523.666,23.4,18.2,331.24,4514.73,2701.41,"circle_calibrated"
371,2702.43,450.04,2,0,202.43,450.04,28,130.68,106.64,2985.93,6,6,5.97,1,-5329.896,-526.318,15.6,15.6,189.28,450.04,2702.43,"circle_calibrated"
372,2706.29,2831.76,2,2,206.29,331.76,59,123.34,99.99,5899.15,9,10,8.67,1.11,862.576000000001,-536.354,26,23.4,398.84,2831.76,2706.29,"circle_calibrated"
373,2710.89,32.4,2,0,210.89,32.4,47,102.67,88.32,4150.86,7,9,7.74,1.29,-6415.76,-548.314,23.4,18.2,317.72,32.4,2710.89,"circle_calibrated"
374,2708.08,3882.92,2,3,208.08,132.92,12,97.73,87.55,1050.57,5,3,3.91,1.67,3595.592,-541.008,13,7.8,81.12,3882.92,2708.08,"circle_calibrated"
375,2715.28,381.88,2,0,215.28,381.88,32,106.88,91.35,2923.18,10,5,6.38,2,-5507.112,-559.728000000001,26,13,216.32,381.88,2715.28,"circle_calibrated"
376,2726.6,1077.66,2,0,226.6,1077.66,68,114.88,91.12,6196.35,13,12,9.3,1.08,-3698.084,-589.16,33.8,31.2,459.68,1077.66,2726.6,"circle_calibrated"
377,2729.42,4162.91,2,3,229.42,412.91,66,106.05,88.76,5857.87,9,10,9.17,1.11,4323.566,-596.492,26,23.4,446.16,4162.91,2729.42,"circle_calibrated"
378,2730.74,459.59,2,0,230.74,459.59,46,108.69,90.5,4162.84,10,9,7.65,1.11,-5305.066,-599.923999999999,26,23.4,310.96,459.59,2730.74,"circle_calibrated"
379,2764.35,3477.65,2,2,264.35,977.65,483,151.64,101.24,48900.64,37,60,24.8,1.62,2541.89,-687.31,156,96.2,3265.08,3477.65,2764.35,"circle_calibrated"
380,2737.36,1874.21,2,1,237.36,624.21,39,91.8,84.76,3305.56,9,6,7.05,1.5,-1627.054,-617.136,23.4,15.6,263.64,1874.21,2737.36,"circle_calibrated"
381,2762.08,382.44,2,0,262.08,382.44,66,161.93,120.13,7928.41,6,15,9.17,2.5,-5505.656,-681.408,39,15.6,446.16,382.44,2762.08,"circle_calibrated"
382,2764.77,237.84,2,0,264.77,237.84,43,142.29,111.35,4788.14,8,8,7.4,1,-5881.616,-688.402,20.8,20.8,290.68,237.84,2764.77,"circle_calibrated"
383,2771.12,3806.06,2,3,271.12,56.06,17,102.22,87.16,1481.71,5,5,4.65,1,3395.756,-704.912,13,13,114.92,3806.06,2771.12,"circle_calibrated"
384,2780,531.5,2,0,280,531.5,26,116.28,96.68,2513.67,6,5,5.75,1.2,-5118.1,-728,15.6,13,175.76,531.5,2780,"circle_calibrated"
385,2783.16,1702.13,2,1,283.16,452.13,31,89.39,81.49,2526.12,9,5,6.28,1.8,-2074.462,-736.216,23.4,13,209.56,1702.13,2783.16,"circle_calibrated"
386,2787.04,649.53,2,0,287.04,649.53,49,90.61,82.57,4045.91,8,10,7.9,1.25,-4811.222,-746.304,26,20.8,331.24,649.53,2787.04,"circle_calibrated"
387,2795.11,249.93,2,0,295.11,249.93,360,187.41,138.54,49875.72,27,21,21.41,1.29,-5850.182,-767.286,70.2,54.6,2433.6,249.93,2795.11,"circle_calibrated"
388,2801.13,592.4,2,0,301.13,592.4,15,93.58,86.02,1290.26,6,5,4.37,1.2,-4959.76,-782.938,15.6,13,101.4,592.4,2801.13,"circle_calibrated"
389,2823.65,2893.25,2,2,323.65,393.25,436,139.82,93.37,40711.06,27,26,23.56,1.04,1022.45,-841.49,70.2,67.6,2947.36,2893.25,2823.65,"circle_calibrated"
390,2813.42,294.44,2,0,313.42,294.44,36,111.83,94.75,3410.98,8,6,6.77,1.33,-5734.456,-814.892,20.8,15.6,243.36,294.44,2813.42,"circle_calibrated"
391,2820.38,1801.54,2,1,320.38,551.54,26,113.59,92.19,2397.05,6,6,5.75,1,-1815.996,-832.988,15.6,15.6,175.76,1801.54,2820.38,"circle_calibrated"
392,2827.36,2922.65,2,2,327.36,422.65,72,104.48,88.73,6388.42,12,9,9.57,1.33,1098.89,-851.136,31.2,23.4,486.72,2922.65,2827.36,"circle_calibrated"
393,2832.32,1211.73,2,0,332.32,1211.73,22,111.15,95.39,2098.57,6,5,5.29,1.2,-3349.502,-864.032,15.6,13,148.72,1211.73,2832.32,"circle_calibrated"
394,2833.92,1465.53,2,1,333.92,215.53,62,93.6,84.75,5254.75,12,7,8.88,1.71,-2689.622,-868.192,31.2,18.2,419.12,1465.53,2833.92,"circle_calibrated"
395,2834.74,2479,2,1,334.74,1229,23,83.4,79.53,1829.21,9,7,5.41,1.29,-54.6,-870.324,23.4,18.2,155.48,2479,2834.74,"circle_calibrated"
396,2839.61,2809.36,2,2,339.61,309.36,59,134.12,107.13,6320.48,8,10,8.67,1.25,804.336,-882.986,26,20.8,398.84,2809.36,2839.61,"circle_calibrated"
397,2844,979,2,0,344,979,13,80.25,79.12,1028.51,5,3,4.07,1.67,-3954.6,-894.4,13,7.8,87.88,979,2844,"circle_calibrated"
398,2852.64,816.95,2,0,352.64,816.95,22,95.34,87.37,1922.11,5,7,5.29,1.4,-4375.93,-916.864,18.2,13,148.72,816.95,2852.64,"circle_calibrated"
399,2858.65,1293.6,2,1,358.65,43.6,20,92.5,85.02,1700.32,4,7,5.05,1.75,-3136.64,-932.49,18.2,10.4,135.2,1293.6,2858.65,"circle_calibrated"
400,2861.45,1871.7,2,1,361.45,621.7,53,131.8,107.49,5696.75,8,8,8.21,1,-1633.58,-939.77,20.8,20.8,358.28,1871.7,2861.45,"circle_calibrated"
401,2877.25,1639.17,2,1,377.25,389.17,412,198.84,157.08,64715.58,25,24,22.9,1.04,-2238.158,-980.85,65,62.4,2785.12,1639.17,2877.25,"circle_calibrated"
402,2871.91,2262.99,2,1,371.91,1012.99,85,146.66,109.59,9315.39,9,11,10.4,1.22,-616.226000000001,-966.966,28.6,23.4,574.6,2262.99,2871.91,"circle_calibrated"
403,2870.69,4727.69,2,3,370.69,977.69,26,83.21,77.2,2007.2,8,7,5.75,1.14,5791.994,-963.794,20.8,18.2,175.76,4727.69,2870.69,"circle_calibrated"
404,2872.73,1265.93,2,1,372.73,15.93,15,117.28,93.73,1405.92,5,4,4.37,1.25,-3208.582,-969.098,13,10.4,101.4,1265.93,2872.73,"circle_calibrated"
405,2878.43,2960.22,2,2,378.43,460.22,72,95.85,82.5,5939.74,10,11,9.57,1.1,1196.572,-983.918,28.6,26,486.72,2960.22,2878.43,"circle_calibrated"
406,2904.67,560.19,2,0,404.67,560.19,85,126.47,99.86,8487.76,10,14,10.4,1.4,-5043.506,-1052.142,36.4,26,574.6,560.19,2904.67,"circle_calibrated"
407,2904.76,4671.7,2,3,404.76,921.7,37,86.98,78.9,2919.29,11,8,6.86,1.38,5646.42,-1052.376,28.6,20.8,250.12,4671.7,2904.76,"circle_calibrated"
408,2904.56,2696.81,2,2,404.56,196.81,16,79.84,77.63,1242.1,7,5,4.51,1.4,511.706,-1051.856,18.2,13,108.16,2696.81,2904.56,"circle_calibrated"
409,2906.55,1337.8,2,1,406.55,87.8,20,83.15,77.95,1558.96,7,5,5.05,1.4,-3021.72,-1057.03,18.2,13,135.2,1337.8,2906.55,"circle_calibrated"
410,2917.72,803.13,2,0,417.72,803.13,206,151.84,111.66,23000.95,15,22,16.2,1.47,-4411.862,-1086.072,57.2,39,1392.56,803.13,2917.72,"circle_calibrated"
411,2929,297.7,2,0,429,297.7,10,93.21,85.35,853.54,3,5,3.57,1.67,-5725.98,-1115.4,13,7.8,67.6,297.7,2929,"circle_calibrated"
412,2933.91,4300.87,2,3,433.91,550.87,53,151.45,117.94,6250.71,8,9,8.21,1.12,4682.262,-1128.166,23.4,20.8,358.28,4300.87,2933.91,"circle_calibrated"
413,2935.81,380.62,2,0,435.81,380.62,26,87.36,81.33,2114.46,7,5,5.75,1.4,-5510.388,-1133.106,18.2,13,175.76,380.62,2935.81,"circle_calibrated"
414,2943.85,626.27,2,0,443.85,626.27,52,139.21,107.79,5604.97,11,7,8.14,1.57,-4871.698,-1154.01,28.6,18.2,351.52,626.27,2943.85,"circle_calibrated"
415,2950.96,649.33,2,0,450.96,649.33,27,86.15,80.74,2179.98,6,9,5.86,1.5,-4811.742,-1172.496,23.4,15.6,182.52,649.33,2950.96,"circle_calibrated"
416,2967,4116,2,3,467,366,39,167.42,123.59,4819.9,7,7,7.05,1,4201.6,-1214.2,18.2,18.2,263.64,4116,2967,"circle_calibrated"
417,2969.85,4499.66,2,3,469.85,749.66,41,91.65,83.42,3420.29,10,6,7.23,1.67,5199.116,-1221.61,26,15.6,277.16,4499.66,2969.85,"circle_calibrated"
418,2982.67,3243.89,2,2,482.67,743.89,505,198.83,151.25,76379.97,20,32,25.36,1.6,1934.114,-1254.942,83.2,52,3413.8,3243.89,2982.67,"circle_calibrated"
419,2985.05,268.4,2,0,485.05,268.4,75,92.96,83.08,6230.69,13,8,9.77,1.62,-5802.16,-1261.13,33.8,20.8,507,268.4,2985.05,"circle_calibrated"
420,3002.72,2718.55,2,2,502.72,218.55,86,134.65,111.52,9591.01,12,9,10.46,1.33,568.23,-1307.072,31.2,23.4,581.36,2718.55,3002.72,"circle_calibrated"
421,3007.04,3422.46,2,2,507.04,922.46,24,88.91,83.14,1995.31,6,5,5.53,1.2,2398.396,-1318.304,15.6,13,162.24,3422.46,3007.04,"circle_calibrated"
422,3010.86,1846.34,2,1,510.86,596.34,92,152.3,105.48,9704.54,14,10,10.82,1.4,-1699.516,-1328.236,36.4,26,621.92,1846.34,3010.86,"circle_calibrated"
423,3014.24,298.47,2,0,514.24,298.47,17,100.99,89.18,1516.03,6,4,4.65,1.5,-5723.978,-1337.024,15.6,10.4,114.92,298.47,3014.24,"circle_calibrated"
424,3038.66,1362.54,2,1,538.66,112.54,624,205.48,146.33,91312.18,26,54,28.19,2.08,-2957.396,-1400.516,140.4,67.6,4218.24,1362.54,3038.66,"circle_calibrated"
425,3037.17,1043.09,2,0,537.17,1043.09,153,129.56,95.63,14631.79,18,12,13.96,1.5,-3787.966,-1396.642,46.8,31.2,1034.28,1043.09,3037.17,"circle_calibrated"
426,3040.19,789.16,2,0,540.19,789.16,31,89.97,82.63,2561.42,8,6,6.28,1.33,-4448.184,-1404.494,20.8,15.6,209.56,789.16,3040.19,"circle_calibrated"
427,3044.9,1802.9,2,1,544.9,552.9,10,86.11,81.22,812.16,5,3,3.57,1.67,-1812.46,-1416.74,13,7.8,67.6,1802.9,3044.9,"circle_calibrated"
428,3058.62,3949.92,2,3,558.62,199.92,13,92.83,84.91,1103.84,5,4,4.07,1.25,3769.792,-1452.412,13,10.4,87.88,3949.92,3058.62,"circle_calibrated"
429,3061.77,4761.65,2,3,561.77,1011.65,91,129.8,95.85,8722.05,13,10,10.76,1.3,5880.29,-1460.602,33.8,26,615.16,4761.65,3061.77,"circle_calibrated"
430,3072.12,583.76,2,0,572.12,583.76,49,116.55,94.87,4648.6,6,10,7.9,1.67,-4982.224,-1487.512,26,15.6,331.24,583.76,3072.12,"circle_calibrated"
431,3069.81,770.5,2,0,569.81,770.5,16,99.83,86.83,1389.27,4,5,4.51,1.25,-4496.7,-1481.506,13,10.4,108.16,770.5,3069.81,"circle_calibrated"
432,3077.9,450.02,2,0,577.9,450.02,61,126.07,102.45,6249.68,7,12,8.81,1.71,-5329.948,-1502.54,31.2,18.2,412.36,450.02,3077.9,"circle_calibrated"
433,3083.08,1776.87,2,1,583.08,526.87,167,154.93,112.86,18848.03,22,12,14.58,1.83,-1880.138,-1516.008,57.2,31.2,1128.92,1776.87,3083.08,"circle_calibrated"
434,3081.87,2813.04,2,2,581.87,313.04,23,89.66,82.33,1893.68,6,7,5.41,1.17,813.904,-1512.862,18.2,15.6,155.48,2813.04,3081.87,"circle_calibrated"
435,3093.39,176.57,2,0,593.39,176.57,495,135.43,91.18,45134.82,40,22,25.1,1.82,-6040.918,-1542.814,104,57.2,3346.2,176.57,3093.39,"circle_calibrated"
436,3088.89,4493.76,2,3,588.89,743.76,37,98.77,82.68,3059.28,12,5,6.86,2.4,5183.776,-1531.114,31.2,13,250.12,4493.76,3088.89,"circle_calibrated"
437,3093.64,4164.88,2,3,593.64,414.88,33,89.91,83.94,2769.86,7,6,6.48,1.17,4328.688,-1543.464,18.2,15.6,223.08,4164.88,3093.64,"circle_calibrated"
438,3103.23,429.24,2,0,603.23,429.24,148,110.46,88.63,13116.9,12,21,13.73,1.75,-5383.976,-1568.398,54.6,31.2,1000.48,429.24,3103.23,"circle_calibrated"
439,3097.29,2426.33,2,1,597.29,1176.33,24,99.04,87.97,2111.23,7,5,5.53,1.4,-191.542,-1552.954,18.2,13,162.24,2426.33,3097.29,"circle_calibrated"
440,3104.72,552.61,2,0,604.72,552.61,80,120.59,100.27,8021.34,11,11,10.09,1,-5063.214,-1572.272,28.6,28.6,540.8,552.61,3104.72,"circle_calibrated"
441,3119.47,702.05,2,0,619.47,702.05,572,135.35,99.39,56852.93,133,16,26.99,8.31,-4674.67,-1610.622,345.8,41.6,3866.72,702.05,3119.47,"circle_calibrated"
442,3115.54,4149.17,2,3,615.54,399.17,48,177.55,125.96,6046.32,7,9,7.82,1.29,4287.842,-1600.404,23.4,18.2,324.48,4149.17,3115.54,"circle_calibrated"
443,3131.26,4531.56,2,3,631.26,781.56,61,148.81,111.71,6814.17,11,8,8.81,1.38,5282.056,-1641.276,28.6,20.8,412.36,4531.56,3131.26,"circle_calibrated"
444,3145.44,1357.02,2,1,645.44,107.02,41,95.1,84.48,3463.77,7,8,7.23,1.14,-2971.748,-1678.144,20.8,18.2,277.16,1357.02,3145.44,"circle_calibrated"
445,3158.56,909.36,2,0,658.56,909.36,66,134.02,102.86,6789.04,10,11,9.17,1.1,-4135.664,-1712.256,28.6,26,446.16,909.36,3158.56,"circle_calibrated"
446,3159.84,4267.63,2,3,659.84,517.63,19,97.49,87.24,1657.55,6,4,4.92,1.5,4595.838,-1715.584,15.6,10.4,128.44,4267.63,3159.84,"circle_calibrated"
447,3164.67,2913.55,2,2,664.67,413.55,163,125.36,91.71,14949.44,21,12,14.41,1.75,1075.23,-1728.142,54.6,31.2,1101.88,2913.55,3164.67,"circle_calibrated"
448,3170.67,2668.44,2,2,670.67,168.44,64,102.4,91.99,5887.41,8,10,9.03,1.25,437.944,-1743.742,26,20.8,432.64,2668.44,3170.67,"circle_calibrated"
449,3172.6,1324.6,2,1,672.6,74.6,15,124.54,96.41,1446.14,4,4,4.37,1,-3056.04,-1748.76,10.4,10.4,101.4,1324.6,3172.6,"circle_calibrated"
450,3182.55,659.82,2,0,682.55,659.82,11,96.96,88.4,972.4,4,4,3.74,1,-4784.468,-1774.63,10.4,10.4,74.36,659.82,3182.55,"circle_calibrated"
451,3187.23,2149.05,2,1,687.23,899.05,93,97.04,84.24,7834.29,13,12,10.88,1.08,-912.47,-1786.798,33.8,31.2,628.68,2149.05,3187.23,"circle_calibrated"
452,3186.83,849.51,2,0,686.83,849.51,53,134.76,105.15,5573.18,11,7,8.21,1.57,-4291.274,-1785.758,28.6,18.2,358.28,849.51,3186.83,"circle_calibrated"
453,3203.78,1243.74,2,0,703.78,1243.74,652,190.39,135.88,88595.68,32,37,28.81,1.16,-3266.276,-1829.828,96.2,83.2,4407.52,1243.74,3203.78,"circle_calibrated"
454,3224.07,879.44,2,0,724.07,879.44,1067,134.36,98.51,105113.32,157,53,36.86,2.96,-4213.456,-1882.582,408.2,137.8,7212.92,879.44,3224.07,"circle_calibrated"
455,3205.14,989.87,2,0,705.14,989.87,171,166,120.9,20673.7,13,17,14.76,1.31,-3926.338,-1833.364,44.2,33.8,1155.96,989.87,3205.14,"circle_calibrated"
456,3225.88,1967.4,2,1,725.88,717.4,991,218.69,171.45,169909.3,46,31,35.52,1.48,-1384.76,-1887.288,119.6,80.6,6699.16,1967.4,3225.88,"circle_calibrated"
457,3218.32,3914.68,2,3,718.32,164.68,34,153.23,114.95,3908.24,8,6,6.58,1.33,3678.168,-1867.632,20.8,15.6,229.84,3914.68,3218.32,"circle_calibrated"
458,3237.04,1783.64,2,1,737.04,533.64,150,123.79,84.21,12631.06,15,22,13.82,1.47,-1862.536,-1916.304,57.2,39,1014,1783.64,3237.04,"circle_calibrated"
459,3231.71,1405.5,2,1,731.71,155.5,56,133.02,104.99,5879.64,7,10,8.44,1.43,-2845.7,-1902.446,26,18.2,378.56,1405.5,3231.71,"circle_calibrated"
460,3235.96,1457.42,2,1,735.96,207.42,81,106.34,87.32,7072.6,12,11,10.16,1.09,-2710.708,-1913.496,31.2,28.6,547.56,1457.42,3235.96,"circle_calibrated"
461,3238.12,3899.73,2,3,738.12,149.73,66,102.49,89.05,5877.2,9,10,9.17,1.11,3639.298,-1919.112,26,23.4,446.16,3899.73,3238.12,"circle_calibrated"
462,3249.25,4423.94,2,3,749.25,673.94,131,136,91.49,11985.45,16,13,12.91,1.23,5002.244,-1948.05,41.6,33.8,885.56,4423.94,3249.25,"circle_calibrated"
463,3247.5,1881.78,2,1,747.5,631.78,36,100.8,82.29,2962.49,8,6,6.77,1.33,-1607.372,-1943.5,20.8,15.6,243.36,1881.78,3247.5,"circle_calibrated"
464,3264.46,4487.37,2,3,764.46,737.37,1031,206.27,157.81,162702.05,44,38,36.23,1.16,5167.162,-1987.596,114.4,98.8,6969.56,4487.37,3264.46,"circle_calibrated"
465,3269.54,2011.41,2,1,769.54,761.41,458,190.59,114.42,52403.37,17,42,24.15,2.47,-1270.334,-2000.804,109.2,44.2,3096.08,2011.41,3269.54,"circle_calibrated"
466,3262.71,3933.71,2,3,762.71,183.71,42,115.16,95.65,4017.1,7,8,7.31,1.14,3727.646,-1983.046,20.8,18.2,283.92,3933.71,3262.71,"circle_calibrated"
467,3264,1796,2,1,764,546,47,156.44,119.59,5620.9,7,9,7.74,1.29,-1830.4,-1986.4,23.4,18.2,317.72,1796,3264,"circle_calibrated"
468,3270.12,1316.76,2,1,770.12,66.76,17,95.36,83.69,1422.66,5,6,4.65,1.2,-3076.424,-2002.312,15.6,13,114.92,1316.76,3270.12,"circle_calibrated"
469,3276.1,1377.91,2,1,776.1,127.91,93,104.34,86.21,8017.36,11,12,10.88,1.09,-2917.434,-2017.86,31.2,28.6,628.68,1377.91,3276.1,"circle_calibrated"
470,3374.66,2184.8,2,1,874.66,934.8,20294,221,185.54,3765355.64,199,228,160.75,1.15,-819.52,-2274.116,592.8,517.4,137187.44,2184.8,3374.66,"circle_calibrated"
471,3293.36,1031.6,2,0,793.36,1031.6,25,99.65,87.51,2187.65,6,5,5.64,1.2,-3817.84,-2062.736,15.6,13,169,1031.6,3293.36,"circle_calibrated"
472,3297.68,2289.73,2,1,797.68,1039.73,105,164.63,120.07,12606.97,11,13,11.56,1.18,-546.702,-2073.968,33.8,28.6,709.8,2289.73,3297.68,"circle_calibrated"
473,3300.03,2692.91,2,2,800.03,192.91,91,134.45,94.06,8559.66,11,11,10.76,1,501.566,-2080.078,28.6,28.6,615.16,2692.91,3300.03,"circle_calibrated"
474,3306.4,1854.55,2,1,806.4,604.55,20,93.54,83.99,1679.74,5,6,5.05,1.2,-1678.17,-2096.64,15.6,13,135.2,1854.55,3306.4,"circle_calibrated"
475,3306.09,2970.55,2,2,806.09,470.55,11,82.42,80.47,885.13,6,3,3.74,2,1223.43,-2095.834,15.6,7.8,74.36,2970.55,3306.09,"circle_calibrated"
476,3323.89,3101.03,2,2,823.89,601.03,79,104.07,89.02,7032.8,10,12,10.03,1.2,1562.678,-2142.114,31.2,26,534.04,3101.03,3323.89,"circle_calibrated"
477,3330.13,3862,2,3,830.13,112,101,113.54,89.52,9041.76,11,13,11.34,1.18,3541.2,-2158.338,33.8,28.6,682.76,3862,3330.13,"circle_calibrated"
478,3330.98,149.68,2,0,830.98,149.68,53,106.92,89.98,4768.79,9,8,8.21,1.12,-6110.832,-2160.548,23.4,20.8,358.28,149.68,3330.98,"circle_calibrated"
479,3331.79,1848.61,2,1,831.79,598.61,57,110.74,94.15,5366.75,16,5,8.52,3.2,-1693.614,-2162.654,41.6,13,385.32,1848.61,3331.79,"circle_calibrated"
480,3375.81,1420.54,2,1,875.81,170.54,179,147.88,100.09,17916.99,26,16,15.1,1.62,-2806.596,-2277.106,67.6,41.6,1210.04,1420.54,3375.81,"circle_calibrated"
481,3370.88,2348.53,2,1,870.88,1098.53,43,87.24,80.45,3459.35,11,6,7.4,1.83,-393.821999999999,-2264.288,28.6,15.6,290.68,2348.53,3370.88,"circle_calibrated"
482,3385.08,4288.42,2,3,885.08,538.42,12,89.53,83.81,1005.75,5,3,3.91,1.67,4649.892,-2301.208,13,7.8,81.12,4288.42,3385.08,"circle_calibrated"
483,3394.46,811.2,2,0,894.46,811.2,83,153.41,108.84,9033.38,11,11,10.28,1,-4390.88,-2325.596,28.6,28.6,561.08,811.2,3394.46,"circle_calibrated"
484,3404.08,514.94,2,0,904.08,514.94,109,167.65,128.93,14053.5,13,12,11.78,1.08,-5161.156,-2350.608,33.8,31.2,736.84,514.94,3404.08,"circle_calibrated"
485,3436.34,2124.71,2,1,936.34,874.71,38,84.55,77.26,2935.75,7,8,6.96,1.14,-975.754,-2434.484,20.8,18.2,256.88,2124.71,3436.34,"circle_calibrated"
486,3470.36,2328.13,2,1,970.36,1078.13,223,206.26,154.45,34442.09,16,20,16.85,1.25,-446.862,-2522.936,52,41.6,1507.48,2328.13,3470.36,"circle_calibrated"
487,3505.7,1059.35,2,0,1005.7,1059.35,1952,210.78,169.79,331436.54,52,58,49.85,1.12,-3745.69,-2614.82,150.8,135.2,13195.52,1059.35,3505.7,"circle_calibrated"
488,3482.8,3874.07,2,3,982.8,124.07,82,136.6,100.61,8249.78,12,11,10.22,1.09,3572.582,-2555.28,31.2,28.6,554.32,3874.07,3482.8,"circle_calibrated"
489,3482.07,2305.7,2,1,982.07,1055.7,30,106.67,91.4,2741.92,8,6,6.18,1.33,-505.180000000001,-2553.382,20.8,15.6,202.8,2305.7,3482.07,"circle_calibrated"
490,3487.48,4345.77,2,3,987.48,595.77,71,95.46,83.52,5930.05,13,6,9.51,2.17,4799.002,-2567.448,33.8,15.6,479.96,4345.77,3487.48,"circle_calibrated"
491,3507.82,3567.24,2,2,1007.82,1067.24,38,93.77,84.1,3195.78,7,9,6.96,1.29,2774.824,-2620.332,23.4,18.2,256.88,3567.24,3507.82,"circle_calibrated"
492,3506.5,1862.5,2,1,1006.5,612.5,20,111.5,94.79,1895.76,6,4,5.05,1.5,-1657.5,-2616.9,15.6,10.4,135.2,1862.5,3506.5,"circle_calibrated"
493,3512.56,1302.62,2,1,1012.56,52.62,16,92.44,84.03,1344.4,7,5,4.51,1.4,-3113.188,-2632.656,18.2,13,108.16,1302.62,3512.56,"circle_calibrated"
494,3517.07,603.5,2,0,1017.07,603.5,70,127.56,102.39,7166.99,10,10,9.44,1,-4930.9,-2644.382,26,26,473.2,603.5,3517.07,"circle_calibrated"
495,3525.48,1194.54,2,0,1025.48,1194.54,461,200.16,153.38,70709.95,33,24,24.23,1.38,-3394.196,-2666.248,85.8,62.4,3116.36,1194.54,3525.48,"circle_calibrated"
496,3526.66,704.9,2,0,1026.66,704.9,109,97.52,87.06,9489.88,16,19,11.78,1.19,-4667.26,-2669.316,49.4,41.6,736.84,704.9,3526.66,"circle_calibrated"
497,3524.68,1114.72,2,0,1024.68,1114.72,137,165.91,117.55,16104.89,11,15,13.21,1.36,-3601.728,-2664.168,39,28.6,926.12,1114.72,3524.68,"circle_calibrated"
498,3538.06,4048.37,2,3,1038.06,298.37,589,183.18,132.02,77760.66,25,40,27.38,1.6,4025.762,-2698.956,104,65,3981.64,4048.37,3538.06,"circle_calibrated"
499,3543.97,1814.48,2,1,1043.97,564.48,33,142.3,110.23,3637.56,8,7,6.48,1.14,-1782.352,-2714.322,20.8,18.2,223.08,1814.48,3543.97,"circle_calibrated"
500,3546.32,982.68,2,0,1046.32,982.68,56,114.54,95.43,5343.84,9,10,8.44,1.11,-3945.032,-2720.432,26,23.4,378.56,982.68,3546.32,"circle_calibrated"
501,3544.89,1127.54,2,0,1044.89,1127.54,37,102.83,88.1,3259.6,13,7,6.86,1.86,-3568.396,-2716.714,33.8,18.2,250.12,1127.54,3544.89,"circle_calibrated"
502,3550,4422.78,2,3,1050,672.78,23,98.58,86.45,1988.44,6,7,5.41,1.17,4999.228,-2730,18.2,15.6,155.48,4422.78,3550,"circle_calibrated"
503,3558.88,1316.31,2,1,1058.88,66.31,104,135.56,99.5,10348.37,12,13,11.51,1.08,-3077.594,-2753.088,33.8,31.2,703.04,1316.31,3558.88,"circle_calibrated"
504,3576.71,967.96,2,0,1076.71,967.96,129,156.15,107.59,13878.84,19,18,12.82,1.06,-3983.304,-2799.446,49.4,46.8,872.04,967.96,3576.71,"circle_calibrated"
505,3583.77,1956.88,2,1,1083.77,706.88,66,97.51,88.61,5848.48,10,9,9.17,1.11,-1412.112,-2817.802,26,23.4,446.16,1956.88,3583.77,"circle_calibrated"
506,3590.21,1690.04,2,1,1090.21,440.04,56,160.22,117.98,6607.13,9,10,8.44,1.11,-2105.896,-2834.546,26,23.4,378.56,1690.04,3590.21,"circle_calibrated"
507,3590.56,2608.8,2,2,1090.56,108.8,25,101.51,89.43,2235.78,5,6,5.64,1.2,282.880000000001,-2835.456,15.6,13,169,2608.8,3590.56,"circle_calibrated"
508,3594.6,2900.55,2,2,1094.6,400.55,47,96.71,85.08,3998.81,11,6,7.74,1.83,1041.43,-2845.96,28.6,15.6,317.72,2900.55,3594.6,"circle_calibrated"
509,3620.5,1671.5,2,1,1120.5,421.5,12,102.92,91.61,1099.29,4,4,3.91,1,-2154.1,-2913.3,10.4,10.4,81.12,1671.5,3620.5,"circle_calibrated"
510,3624.26,4073.89,2,3,1124.26,323.89,61,113.12,89.96,5487.69,11,8,8.81,1.38,4092.114,-2923.076,28.6,20.8,412.36,4073.89,3624.26,"circle_calibrated"
511,3650.5,465.93,2,0,1150.5,465.93,28,115.06,96.95,2714.56,7,6,5.97,1.17,-5288.582,-2991.3,18.2,15.6,189.28,465.93,3650.5,"circle_calibrated"
512,3656,4193.25,2,3,1156,443.25,12,108.56,87.07,1044.89,6,5,3.91,1.2,4402.45,-3005.6,15.6,13,81.12,4193.25,3656,"circle_calibrated"
513,3666.42,4676.62,2,3,1166.42,926.62,93,111.57,88.09,8192.75,12,10,10.88,1.2,5659.212,-3032.692,31.2,26,628.68,4676.62,3666.42,"circle_calibrated"
514,3680.2,1629.31,2,1,1180.2,379.31,161,129.37,91.73,14768.43,15,22,14.32,1.47,-2263.794,-3068.52,57.2,39,1088.36,1629.31,3680.2,"circle_calibrated"
515,3673.21,4574.21,2,3,1173.21,824.21,14,98.58,87.54,1225.63,6,3,4.22,2,5392.946,-3050.346,15.6,7.8,94.64,4574.21,3673.21,"circle_calibrated"
516,3726.47,467.32,2,0,1226.47,467.32,38,119.44,93.85,3566.32,8,6,6.96,1.33,-5284.968,-3188.822,20.8,15.6,256.88,467.32,3726.47,"circle_calibrated"
517,3741.45,3259.2,2,2,1241.45,759.2,89,107.13,87.35,7774.19,12,13,10.65,1.08,1973.92,-3227.77,33.8,31.2,601.64,3259.2,3741.45,"circle_calibrated"
518,3873.94,1731.71,3,1,123.94,481.71,12912,222.16,175.73,2268961.24,155,237,128.22,1.53,-1997.554,-3572.244,616.2,403,87285.12,1731.71,3873.94,"circle_calibrated"
519,3767.42,4561.54,3,3,17.42,811.54,24,105.54,91.22,2189.33,6,6,5.53,1,5360.004,-3295.292,15.6,15.6,162.24,4561.54,3767.42,"circle_calibrated"
520,3771.78,442.08,3,0,21.78,442.08,49,94.57,84.97,4163.68,7,12,7.9,1.71,-5350.592,-3306.628,31.2,18.2,331.24,442.08,3771.78,"circle_calibrated"
521,3776.43,582.29,3,0,26.43,582.29,28,120.98,96.34,2697.55,8,4,5.97,2,-4986.046,-3318.718,20.8,10.4,189.28,582.29,3776.43,"circle_calibrated"
522,3782.8,1913.28,3,1,32.8,663.28,50,96.26,83.13,4156.59,14,8,7.98,1.75,-1525.472,-3335.28,36.4,20.8,338,1913.28,3782.8,"circle_calibrated"
523,3784.91,1630.28,3,1,34.91,380.28,43,89.42,83.41,3586.59,7,10,7.4,1.43,-2261.272,-3340.766,26,18.2,290.68,1630.28,3784.91,"circle_calibrated"
524,3785,3929.73,3,3,35,179.73,26,145.18,110.24,2866.25,7,5,5.75,1.4,3717.298,-3341,18.2,13,175.76,3929.73,3785,"circle_calibrated"
525,3787.7,3197.5,3,2,37.7,697.5,40,94.69,85,3399.97,8,6,7.14,1.33,1813.5,-3348.02,20.8,15.6,270.4,3197.5,3787.7,"circle_calibrated"
526,3800.84,4168.05,3,3,50.84,418.05,19,86.85,80.32,1526.04,6,5,4.92,1.2,4336.93,-3382.184,15.6,13,128.44,4168.05,3800.84,"circle_calibrated"
527,3803,1382.91,3,1,53,132.91,22,86.61,81.49,1792.72,6,5,5.29,1.2,-2904.434,-3387.8,15.6,13,148.72,1382.91,3803,"circle_calibrated"
528,3830.27,2934.47,3,2,80.27,434.47,51,90.63,81.64,4163.53,10,7,8.06,1.43,1129.622,-3458.702,26,18.2,344.76,2934.47,3830.27,"circle_calibrated"
529,3861,3672.61,3,2,111,1172.61,23,82.11,79.05,1818.15,6,8,5.41,1.33,3048.786,-3538.6,20.8,15.6,155.48,3672.61,3861,"circle_calibrated"
530,3863.41,539.5,3,0,113.41,539.5,44,143.25,111.14,4890.1,8,6,7.48,1.33,-5097.3,-3544.866,20.8,15.6,297.44,539.5,3863.41,"circle_calibrated"
531,3864.82,4554.82,3,3,114.82,804.82,17,84.39,78.95,1342.13,6,5,4.65,1.2,5342.532,-3548.532,15.6,13,114.92,4554.82,3864.82,"circle_calibrated"
532,3869.49,3936.98,3,3,119.49,186.98,82,151.07,97.66,8007.71,14,9,10.22,1.56,3736.148,-3560.674,36.4,23.4,554.32,3936.98,3869.49,"circle_calibrated"
533,3871.59,2677.19,3,2,121.59,177.19,27,114.32,97.01,2619.32,6,6,5.86,1,460.694,-3566.134,15.6,15.6,182.52,2677.19,3871.59,"circle_calibrated"
534,3876.36,1205.57,3,0,126.36,1205.57,14,82.63,79.35,1110.88,5,5,4.22,1,-3365.518,-3578.536,13,13,94.64,1205.57,3876.36,"circle_calibrated"
535,3878.92,2267.83,3,1,128.92,1017.83,12,83.45,80.52,966.26,5,3,3.91,1.67,-603.642,-3585.192,13,7.8,81.12,2267.83,3878.92,"circle_calibrated"
536,3894.39,525.1,3,0,144.39,525.1,31,118.22,98.06,3039.92,11,4,6.28,2.75,-5134.74,-3625.414,28.6,10.4,209.56,525.1,3894.39,"circle_calibrated"
537,3911.07,927.1,3,0,161.07,927.1,41,94.98,86.9,3562.76,11,5,7.23,2.2,-4089.54,-3668.782,28.6,13,277.16,927.1,3911.07,"circle_calibrated"
538,3919.8,1424.5,3,1,169.8,174.5,10,100.44,90.17,901.73,4,3,3.57,1.33,-2796.3,-3691.48,10.4,7.8,67.6,1424.5,3919.8,"circle_calibrated"
539,3936.56,3479.88,3,2,186.56,979.88,85,129.15,92.99,7904.23,11,10,10.4,1.1,2547.688,-3735.056,28.6,26,574.6,3479.88,3936.56,"circle_calibrated"
540,3945.84,3332.31,3,2,195.84,832.31,70,101.17,85.49,5984.16,12,8,9.44,1.5,2164.006,-3759.184,31.2,20.8,473.2,3332.31,3945.84,"circle_calibrated"
541,3987.77,3261.15,3,2,237.77,761.15,1991,215.71,128.57,255981.77,161,74,50.35,2.18,1978.99,-3868.202,418.6,192.4,13459.16,3261.15,3987.77,"circle_calibrated"
542,3955.47,1240.57,3,0,205.47,1240.57,154,138.41,92.04,14174.82,20,15,14,1.33,-3274.518,-3784.222,52,39,1041.04,1240.57,3955.47,"circle_calibrated"
543,3966.19,4043.26,3,3,216.19,293.26,31,121.7,99.21,3075.41,6,8,6.28,1.33,4012.476,-3812.094,20.8,15.6,209.56,4043.26,3966.19,"circle_calibrated"
544,3972.08,4278.74,3,3,222.08,528.74,158,137.64,91.1,14393.61,12,18,14.18,1.5,4624.724,-3827.408,46.8,31.2,1068.08,4278.74,3972.08,"circle_calibrated"
545,3968.29,1293.48,3,1,218.29,43.48,75,120.84,97.42,7306.29,15,8,9.77,1.88,-3136.952,-3817.554,39,20.8,507,1293.48,3968.29,"circle_calibrated"
546,3973.62,4021.46,3,3,223.62,271.46,156,205.51,148.09,23102.19,19,11,14.09,1.73,3955.796,-3831.412,49.4,28.6,1054.56,4021.46,3973.62,"circle_calibrated"
547,3979.56,1354.44,3,1,229.56,104.44,73,98.51,78.95,5763.55,12,9,9.64,1.33,-2978.456,-3846.856,31.2,23.4,493.48,1354.44,3979.56,"circle_calibrated"
548,3978.92,3171.88,3,2,228.92,671.88,25,137.41,101.93,2548.27,5,7,5.64,1.4,1746.888,-3845.192,18.2,13,169,3171.88,3978.92,"circle_calibrated"
549,3994.95,3964.91,3,3,244.95,214.91,22,124.07,97.27,2139.83,5,5,5.29,1,3808.766,-3886.87,13,13,148.72,3964.91,3994.95,"circle_calibrated"
550,4024.3,1167.5,3,0,274.3,1167.5,10,97.1,86.27,862.74,4,4,3.57,1,-3464.5,-3963.18,10.4,10.4,67.6,1167.5,4024.3,"circle_calibrated"
551,4048.53,2367.97,3,1,298.53,1117.97,40,89.89,83.37,3334.93,8,8,7.14,1,-343.278000000001,-4026.178,20.8,20.8,270.4,2367.97,4048.53,"circle_calibrated"
552,4069.1,2335.84,3,1,319.1,1085.84,106,150.33,116.7,12369.9,12,14,11.62,1.17,-426.816,-4079.66,36.4,31.2,716.56,2335.84,4069.1,"circle_calibrated"
553,4068.26,3381.35,3,2,318.26,881.35,108,130.97,96.23,10393.1,17,10,11.73,1.7,2291.51,-4077.476,44.2,26,730.08,3381.35,4068.26,"circle_calibrated"
554,4081.67,4405.92,3,3,331.67,655.92,12,97.51,89.92,1079.08,4,4,3.91,1,4955.392,-4112.342,10.4,10.4,81.12,4405.92,4081.67,"circle_calibrated"
555,4096.13,920.41,3,0,346.13,920.41,334,149.15,113.43,37885.88,17,29,20.62,1.71,-4106.934,-4149.938,75.4,44.2,2257.84,920.41,4096.13,"circle_calibrated"
556,4096.93,955.24,3,0,346.93,955.24,197,137.94,99.49,19600.17,13,19,15.84,1.46,-4016.376,-4152.018,49.4,33.8,1331.72,955.24,4096.93,"circle_calibrated"
557,4106.85,2812.77,3,2,356.85,312.77,1246,197.54,140.85,175502.52,72,30,39.83,2.4,813.202,-4177.81,187.2,78,8422.96,2812.77,4106.85,"circle_calibrated"
558,4095.38,4031.12,3,3,345.38,281.12,34,99.79,85.06,2892.04,6,7,6.58,1.17,3980.912,-4147.988,18.2,15.6,229.84,4031.12,4095.38,"circle_calibrated"
559,4097.88,1097.59,3,0,347.88,1097.59,17,110.43,93.13,1583.19,4,5,4.65,1.25,-3646.266,-4154.488,13,10.4,114.92,1097.59,4097.88,"circle_calibrated"
560,4100.27,4152.54,3,3,350.27,402.54,63,104.24,84.54,5325.76,13,7,8.96,1.86,4296.604,-4160.702,33.8,18.2,425.88,4152.54,4100.27,"circle_calibrated"
561,4109.28,1380.11,3,1,359.28,130.11,18,134.58,105.19,1893.43,5,5,4.79,1,-2911.714,-4184.128,13,13,121.68,1380.11,4109.28,"circle_calibrated"
562,4127.76,2804,3,2,377.76,304,33,136.44,108.29,3573.47,7,7,6.48,1,790.4,-4232.176,18.2,18.2,223.08,2804,4127.76,"circle_calibrated"
563,4134.85,2984.05,3,2,384.85,484.05,118,206.1,147.28,17379.31,12,12,12.26,1,1258.53,-4250.61,31.2,31.2,797.68,2984.05,4134.85,"circle_calibrated"
564,4134.17,2488.03,3,1,384.17,1238.03,88,128.93,100.43,8838.18,12,9,10.59,1.33,-31.1219999999995,-4248.842,31.2,23.4,594.88,2488.03,4134.17,"circle_calibrated"
565,4141.62,747,3,0,391.62,747,65,147.29,109.48,7116.24,11,8,9.1,1.38,-4557.8,-4268.212,28.6,20.8,439.4,747,4141.62,"circle_calibrated"
566,4148.54,1524.24,3,1,398.54,274.24,46,156.12,116.48,5358.18,6,10,7.65,1.67,-2536.976,-4286.204,26,15.6,310.96,1524.24,4148.54,"circle_calibrated"
567,4150.04,2494.24,3,1,400.04,1244.24,76,140.12,109.44,8317.37,10,11,9.84,1.1,-14.9760000000006,-4290.104,28.6,26,513.76,2494.24,4150.04,"circle_calibrated"
568,4148.32,2429,3,1,398.32,1179,28,150.78,116.18,3252.91,5,6,5.97,1.2,-184.6,-4285.632,15.6,13,189.28,2429,4148.32,"circle_calibrated"
569,4172.25,2809.16,3,2,422.25,309.16,73,173.32,124.77,9108.01,8,12,9.64,1.5,803.816,-4347.85,31.2,20.8,493.48,2809.16,4172.25,"circle_calibrated"
570,4191.62,2530.92,3,2,441.62,30.92,13,124.45,97.36,1265.74,5,4,4.07,1.25,80.3920000000002,-4398.212,13,10.4,87.88,2530.92,4191.62,"circle_calibrated"
571,4198.13,2168.65,3,1,448.13,918.65,31,89.72,82.7,2563.61,9,5,6.28,1.8,-861.51,-4415.138,23.4,13,209.56,2168.65,4198.13,"circle_calibrated"
572,4204.09,2271.36,3,1,454.09,1021.36,11,112.82,98.34,1081.72,4,3,3.74,1.33,-594.464,-4430.634,10.4,7.8,74.36,2271.36,4204.09,"circle_calibrated"
573,4215.81,1902.27,3,1,465.81,652.27,83,113.23,91.21,7570.45,13,14,10.28,1.08,-1554.098,-4461.106,36.4,33.8,561.08,1902.27,4215.81,"circle_calibrated"
574,4218,3972.5,3,3,468,222.5,10,94.72,83.76,837.61,4,3,3.57,1.33,3828.5,-4466.8,10.4,7.8,67.6,3972.5,4218,"circle_calibrated"
575,4223.02,3195.4,3,2,473.02,695.4,50,138.17,110.95,5547.67,9,9,7.98,1,1808.04,-4479.852,23.4,23.4,338,3195.4,4223.02,"circle_calibrated"
576,4250.33,1274.14,3,1,500.33,24.14,101,153.7,118.93,12012.31,12,11,11.34,1.09,-3187.236,-4550.858,31.2,28.6,682.76,1274.14,4250.33,"circle_calibrated"
577,4257.53,2842.23,3,2,507.53,342.23,262,175.25,141.71,37127.74,23,19,18.26,1.21,889.798,-4569.578,59.8,49.4,1771.12,2842.23,4257.53,"circle_calibrated"
578,4258.17,4226.28,3,3,508.17,476.28,109,145.19,113.06,12323.23,14,12,11.78,1.17,4488.328,-4571.242,36.4,31.2,736.84,4226.28,4258.17,"circle_calibrated"
579,4276.37,3244.4,3,2,526.37,744.4,90,159.05,116.88,10519.19,9,15,10.7,1.67,1935.44,-4618.562,39,23.4,608.4,3244.4,4276.37,"circle_calibrated"
580,4282.02,3052.88,3,2,532.02,552.88,367,169.41,116.27,42669.88,34,19,21.62,1.79,1437.488,-4633.252,88.4,49.4,2480.92,3052.88,4282.02,"circle_calibrated"
581,4280.08,3145.27,3,2,530.08,645.27,66,150.5,119.18,7866.16,8,11,9.17,1.38,1677.702,-4628.208,28.6,20.8,446.16,3145.27,4280.08,"circle_calibrated"
582,4321.87,2312.61,3,1,571.87,1062.61,6780,222.99,177.48,1203309.2,162,70,92.91,2.31,-487.214,-4736.862,421.2,182,45832.8,2312.61,4321.87,"circle_calibrated"
583,4301.49,4053.67,3,3,551.49,303.67,475,180.83,127.66,60639.03,28,32,24.59,1.14,4039.542,-4683.874,83.2,72.8,3211,4053.67,4301.49,"circle_calibrated"
584,4297.89,3153.2,3,2,547.89,653.2,140,196.16,144.18,20185.81,16,12,13.35,1.33,1698.32,-4674.514,41.6,31.2,946.4,3153.2,4297.89,"circle_calibrated"
585,4301.6,3914.76,3,3,551.6,164.76,58,110.67,93.85,5443.08,13,6,8.59,2.17,3678.376,-4684.16,33.8,15.6,392.08,3914.76,4301.6,"circle_calibrated"
586,4308.29,2134.65,3,1,558.29,884.65,92,105.97,82.49,7588.73,13,11,10.82,1.18,-949.91,-4701.554,33.8,28.6,621.92,2134.65,4308.29,"circle_calibrated"
587,4306,951,3,0,556,951,11,82.77,79.96,879.52,5,3,3.74,1.67,-4027.4,-4695.6,13,7.8,74.36,951,4306,"circle_calibrated"
588,4325.66,1714.45,3,1,575.66,464.45,186,191.09,122.05,22701.69,19,18,15.39,1.06,-2042.43,-4746.716,49.4,46.8,1257.36,1714.45,4325.66,"circle_calibrated"
589,4331.85,3354.42,3,2,581.85,854.42,26,87.26,82.2,2137.15,5,7,5.75,1.4,2221.492,-4762.81,18.2,13,175.76,3354.42,4331.85,"circle_calibrated"
590,4332.88,2852.62,3,2,582.88,352.62,16,89.12,83.66,1338.59,7,4,4.51,1.75,916.812,-4765.488,18.2,10.4,108.16,2852.62,4332.88,"circle_calibrated"
591,4339.58,2235.41,3,1,589.58,985.41,64,135.3,105.14,6728.78,8,11,9.03,1.38,-687.934,-4782.908,28.6,20.8,432.64,2235.41,4339.58,"circle_calibrated"
592,4342.1,3572.9,3,2,592.1,1072.9,21,108.68,91.76,1927.05,5,6,5.17,1.2,2789.54,-4789.46,15.6,13,141.96,3572.9,4342.1,"circle_calibrated"
593,4386.28,2285.43,3,1,636.28,1035.43,503,166.29,110.92,55795.05,24,40,25.31,1.67,-557.882,-4904.328,104,62.4,3400.28,2285.43,4386.28,"circle_calibrated"
594,4380.42,1050.04,3,0,630.42,1050.04,78,130.6,102.28,7977.98,11,10,9.97,1.1,-3769.896,-4889.092,28.6,26,527.28,1050.04,4380.42,"circle_calibrated"
595,4388.04,4004.8,3,3,638.04,254.8,182,110.86,88.55,16115.31,23,15,15.22,1.53,3912.48,-4908.904,59.8,39,1230.32,4004.8,4388.04,"circle_calibrated"
596,4383.71,1959.24,3,1,633.71,709.24,17,113.62,93.62,1591.59,6,4,4.65,1.5,-1405.976,-4897.646,15.6,10.4,114.92,1959.24,4383.71,"circle_calibrated"
597,4388.8,2745.45,3,2,638.8,245.45,44,115.16,88.49,3893.47,8,13,7.48,1.62,638.17,-4910.88,33.8,20.8,297.44,2745.45,4388.8,"circle_calibrated"
598,4392.13,1168.8,3,0,642.13,1168.8,15,99.91,87.21,1308.16,5,7,4.37,1.4,-3461.12,-4919.538,18.2,13,101.4,1168.8,4392.13,"circle_calibrated"
599,4398.66,2824.72,3,2,648.66,324.72,68,102.86,91.3,6208.67,8,12,9.3,1.5,844.271999999999,-4936.516,31.2,20.8,459.68,2824.72,4398.66,"circle_calibrated"
600,4414.92,2020.51,3,1,664.92,770.51,179,147.51,105.41,18869.27,14,16,15.1,1.14,-1246.674,-4978.792,41.6,36.4,1210.04,2020.51,4414.92,"circle_calibrated"
601,4422.36,2128.53,3,1,672.36,878.53,45,91.14,81.51,3667.77,10,6,7.57,1.67,-965.822,-4998.136,26,15.6,304.2,2128.53,4422.36,"circle_calibrated"
602,4425,1859.5,3,1,675,609.5,14,95.89,84.81,1187.36,4,5,4.22,1.25,-1665.3,-5005,13,10.4,94.64,1859.5,4425,"circle_calibrated"
603,4428.2,1710.4,3,1,678.2,460.4,15,99.33,89.32,1339.84,4,5,4.37,1.25,-2052.96,-5013.32,13,10.4,101.4,1710.4,4428.2,"circle_calibrated"
604,4427.8,958.5,3,0,677.8,958.5,10,92.44,85.12,851.21,6,3,3.57,2,-4007.9,-5012.28,15.6,7.8,67.6,958.5,4427.8,"circle_calibrated"
605,4437.19,2367.48,3,1,687.19,1117.48,69,91.41,81.04,5591.9,9,11,9.37,1.22,-344.552,-5036.694,28.6,23.4,466.44,2367.48,4437.19,"circle_calibrated"
606,4459.05,1252.97,3,1,709.05,2.97,64,133.09,97.74,6255.08,10,10,9.03,1,-3242.278,-5093.53,26,26,432.64,1252.97,4459.05,"circle_calibrated"
607,4489.79,3368.22,3,2,739.79,868.22,1451,222.85,175.75,255010.74,42,58,42.98,1.38,2257.372,-5173.454,150.8,109.2,9808.76,3368.22,4489.79,"circle_calibrated"
608,4478.48,2096.44,3,1,728.48,846.44,203,162.65,116.22,23593.66,17,25,16.08,1.47,-1049.256,-5144.048,65,44.2,1372.28,2096.44,4478.48,"circle_calibrated"
609,4475.08,1976.92,3,1,725.08,726.92,12,92.45,85.26,1023.17,5,3,3.91,1.67,-1360.008,-5135.208,13,7.8,81.12,1976.92,4475.08,"circle_calibrated"
610,4499.57,3876.7,3,3,749.57,126.7,74,142.12,107.95,7988.6,10,11,9.71,1.1,3579.42,-5198.882,28.6,26,500.24,3876.7,4499.57,"circle_calibrated"
611,4506.38,2294.54,3,1,756.38,1044.54,72,114.28,96.3,6933.35,12,9,9.57,1.33,-534.196,-5216.588,31.2,23.4,486.72,2294.54,4506.38,"circle_calibrated"
612,4505.52,2999.75,3,2,755.52,499.75,64,102.53,88.63,5672.06,13,6,9.03,2.17,1299.35,-5214.352,33.8,15.6,432.64,2999.75,4505.52,"circle_calibrated"
613,4515.59,2283.43,3,1,765.59,1033.43,56,99.18,83.62,4682.95,10,8,8.44,1.25,-563.082,-5240.534,26,20.8,378.56,2283.43,4515.59,"circle_calibrated"
614,4523.7,2063.03,3,1,773.7,813.03,33,92.56,83.74,2763.51,8,5,6.48,1.6,-1136.122,-5261.62,20.8,13,223.08,2063.03,4523.7,"circle_calibrated"
615,4550.96,2642.57,3,2,800.96,142.57,23,97.53,85.33,1962.62,4,9,5.41,2.25,370.682,-5332.496,23.4,10.4,155.48,2642.57,4550.96,"circle_calibrated"
616,4551.14,3577.86,3,2,801.14,1077.86,22,93.46,84.52,1859.42,5,6,5.29,1.2,2802.436,-5332.964,15.6,13,148.72,3577.86,4551.14,"circle_calibrated"
617,4564.03,3776.59,3,3,814.03,26.59,39,105.56,88.46,3450.04,8,7,7.05,1.14,3319.134,-5366.478,20.8,18.2,263.64,3776.59,4564.03,"circle_calibrated"
618,4567.57,2909.91,3,2,817.57,409.91,80,178.24,132.96,10636.43,11,10,10.09,1.1,1065.766,-5375.682,28.6,26,540.8,2909.91,4567.57,"circle_calibrated"
619,4581.37,1862.04,3,1,831.37,612.04,27,117.37,97.53,2633.21,7,6,5.86,1.17,-1658.696,-5411.562,18.2,15.6,182.52,1862.04,4581.37,"circle_calibrated"
620,4591.03,1714.6,3,1,841.03,464.6,35,133.09,106.94,3742.98,7,7,6.68,1,-2042.04,-5436.678,18.2,18.2,236.6,1714.6,4591.03,"circle_calibrated"
621,4592.1,1432.77,3,1,842.1,182.77,31,99.01,86.14,2670.29,7,6,6.28,1.17,-2774.798,-5439.46,18.2,15.6,209.56,1432.77,4592.1,"circle_calibrated"
622,4598.82,2861.96,3,2,848.82,361.96,99,133.83,103.45,10241.1,13,10,11.23,1.3,941.096,-5456.932,33.8,26,669.24,2861.96,4598.82,"circle_calibrated"
623,4623,2332.35,3,1,873,1082.35,17,91.45,81.51,1385.71,5,5,4.65,1,-435.89,-5519.8,13,13,114.92,2332.35,4623,"circle_calibrated"
624,4628.52,2407.33,3,1,878.52,1157.33,67,119.77,95.09,6371.32,10,11,9.24,1.1,-240.942,-5534.152,28.6,26,452.92,2407.33,4628.52,"circle_calibrated"
625,4630.67,1348.5,3,1,880.67,98.5,12,121.73,93.78,1125.36,4,4,3.91,1,-2993.9,-5539.742,10.4,10.4,81.12,1348.5,4630.67,"circle_calibrated"
626,4682.83,1406.94,3,1,932.83,156.94,1205,201.27,122.97,148173.04,75,89,39.17,1.19,-2841.956,-5675.358,231.4,195,8145.8,1406.94,4682.83,"circle_calibrated"
627,4646.06,1412.53,3,1,896.06,162.53,113,104.78,88.83,10037.42,11,15,11.99,1.36,-2827.422,-5579.756,39,28.6,763.88,1412.53,4646.06,"circle_calibrated"
628,4641,3771,3,3,891,21,15,93.06,86.18,1292.65,5,3,4.37,1.67,3304.6,-5566.6,13,7.8,101.4,3771,4641,"circle_calibrated"
629,4645.06,1539.69,3,1,895.06,289.69,16,103.66,87.34,1397.45,6,6,4.51,1,-2496.806,-5577.156,15.6,15.6,108.16,1539.69,4645.06,"circle_calibrated"
630,4650.57,2436.97,3,1,900.57,1186.97,166,160.69,118.77,19716.51,22,10,14.54,2.2,-163.878000000001,-5591.482,57.2,26,1122.16,2436.97,4650.57,"circle_calibrated"
631,4656.59,1839.25,3,1,906.59,589.25,116,169.96,125.24,14527.45,9,16,12.15,1.78,-1717.95,-5607.134,41.6,23.4,784.16,1839.25,4656.59,"circle_calibrated"
632,4657.79,3313.43,3,2,907.79,813.43,14,83.86,80.19,1122.67,6,4,4.22,1.5,2114.918,-5610.254,15.6,10.4,94.64,3313.43,4657.79,"circle_calibrated"
633,4663.67,1617.68,3,1,913.67,367.68,63,107.55,83.82,5280.64,11,10,8.96,1.1,-2294.032,-5625.542,28.6,26,425.88,1617.68,4663.67,"circle_calibrated"
634,4669.43,2046.07,3,1,919.43,796.07,470,185.1,135.91,63877.41,36,27,24.46,1.33,-1180.218,-5640.518,93.6,70.2,3177.2,2046.07,4669.43,"circle_calibrated"
635,4668.83,3256.26,3,2,918.83,756.26,202,179.55,135.93,27458.16,22,15,16.04,1.47,1966.276,-5638.958,57.2,39,1365.52,3256.26,4668.83,"circle_calibrated"
636,4670.06,1734.72,3,1,920.06,484.72,47,152.67,113.17,5319.07,8,8,7.74,1,-1989.728,-5642.156,20.8,20.8,317.72,1734.72,4670.06,"circle_calibrated"
637,4798.22,2870.95,3,2,1048.22,370.95,16592,224.03,168.87,2801847.51,138,254,145.35,1.84,964.47,-5975.372,660.4,358.8,112161.92,2870.95,4798.22,"circle_calibrated"
638,4693.95,1581.64,3,1,943.95,331.64,64,167.89,122.5,7840.22,11,9,9.03,1.22,-2387.736,-5704.27,28.6,23.4,432.64,1581.64,4693.95,"circle_calibrated"
639,4700.81,3325.05,3,2,950.81,825.05,58,122.87,100.65,5837.66,9,9,8.59,1,2145.13,-5722.106,23.4,23.4,392.08,3325.05,4700.81,"circle_calibrated"
640,4704.77,3100.09,3,2,954.77,600.09,22,117.18,97.63,2147.94,7,5,5.29,1.4,1560.234,-5732.402,18.2,13,148.72,3100.09,4704.77,"circle_calibrated"
641,4715.81,2707.29,3,2,965.81,207.29,21,141.38,112.14,2354.99,5,6,5.17,1.2,538.954,-5761.106,15.6,13,141.96,2707.29,4715.81,"circle_calibrated"
642,4752.97,2325.97,3,1,1002.97,1075.97,61,129.91,106.12,6473.19,7,11,8.81,1.57,-452.478000000001,-5857.722,28.6,18.2,412.36,2325.97,4752.97,"circle_calibrated"
643,4769.17,1680.08,3,1,1019.17,430.08,12,106.75,91.54,1098.46,3,5,3.91,1.67,-2131.792,-5899.842,13,7.8,81.12,1680.08,4769.17,"circle_calibrated"
644,4768.36,3341.73,3,2,1018.36,841.73,11,90.9,83.34,916.71,4,4,3.74,1,2188.498,-5897.736,10.4,10.4,74.36,3341.73,4768.36,"circle_calibrated"
645,4775.57,1888.9,3,1,1025.57,638.9,61,106.76,89.61,5466.51,10,9,8.81,1.11,-1588.86,-5916.482,26,23.4,412.36,1888.9,4775.57,"circle_calibrated"
646,4788.5,3056.4,3,2,1038.5,556.4,40,118.1,82.8,3312.01,9,11,7.14,1.22,1446.64,-5950.1,28.6,23.4,270.4,3056.4,4788.5,"circle_calibrated"
647,4788.3,3428.75,3,2,1038.3,928.75,40,97.79,83.16,3326.22,8,9,7.14,1.12,2414.75,-5949.58,23.4,20.8,270.4,3428.75,4788.3,"circle_calibrated"
648,4794.97,2589.21,3,2,1044.97,89.21,119,179.2,131.8,15684.36,10,16,12.31,1.6,231.946,-5966.922,41.6,26,804.44,2589.21,4794.97,"circle_calibrated"
649,4800.4,1881.69,3,1,1050.4,631.69,156,142.51,108.14,16869.83,14,15,14.09,1.07,-1607.606,-5981.04,39,36.4,1054.56,1881.69,4800.4,"circle_calibrated"
650,4809.21,2608.18,3,2,1059.21,108.18,33,136.28,105.69,3487.61,7,7,6.48,1,281.268,-6003.946,18.2,18.2,223.08,2608.18,4809.21,"circle_calibrated"
651,4834.95,2704.18,3,2,1084.95,204.18,22,106.48,92.53,2035.74,7,5,5.29,1.4,530.868,-6070.87,18.2,13,148.72,2704.18,4834.95,"circle_calibrated"
652,4856.67,2642.53,3,2,1106.67,142.53,90,166.08,126.95,11425.28,11,12,10.7,1.09,370.578000000001,-6127.342,31.2,28.6,608.4,2642.53,4856.67,"circle_calibrated"
653,4867.51,1940.4,3,1,1117.51,690.4,97,148.63,109.47,10618.98,12,12,11.11,1,-1454.96,-6155.526,31.2,31.2,655.72,1940.4,4867.51,"circle_calibrated"
654,4938.76,2323.43,3,1,1188.76,1073.43,37,101.51,89.06,3295.36,8,7,6.86,1.14,-459.082,-6340.776,20.8,18.2,250.12,2323.43,4938.76,"circle_calibrated"
655,4952.87,2905.07,3,2,1202.87,405.07,707,151.89,91.9,64973.39,39,32,30,1.22,1053.182,-6377.462,101.4,83.2,4779.32,2905.07,4952.87,"circle_calibrated"
656,4953.39,2136.82,3,1,1203.39,886.82,139,198.25,145.85,20272.51,13,14,13.3,1.08,-944.268,-6378.814,36.4,33.8,939.64,2136.82,4953.39,"circle_calibrated"
