"particle_id","x_um","y_um","coord_match_cost","coord_source","material","quality","feret_max_um"
"A1",-4803.942,3503.604,0.112641827172931,"circle_calibrated","Polyethylene terephthalate",0.839804702046538,739
"A2",-819.52,-2274.116,0.119907804622066,"circle_calibrated","Polyethylene terephthalate",0.844333495567771,648
"A3",-1252.082,-651.846,0.125819119847476,"circle_calibrated","Polyethylene terephthalate",0.812781291857113,427
"A4",964.47,-5975.372,0.0344202709498904,"circle_calibrated","Polyethylene terephthalate",0.877067095480206,633
"A5",-1997.554,-3572.244,0.0801291039972072,"circle_calibrated","Polyethylene terephthalate",0.750639130991263,656
"A6",-3227.874,4056.468,0.0708684627993401,"circle_calibrated","Polyethylene terephthalate",0.855330065989846,308
"A7",-487.214,-4736.862,0.132001940622531,"circle_calibrated","Polyethylene terephthalate",0.784742605201264,362
"A8",5120.83,2575.924,0.155431062400871,"circle_calibrated","Polyethylene terephthalate",0.810669600094303,272
"A9",-4863.768,1642.472,0.246035765173966,"circle_calibrated","Cellulosic",0.932922337685594,1113
"A10",-2216.474,5507.476,0.399363864131095,"circle_calibrated","Polyethylene terephthalate",0.893747145334681,235
"A11",154.05,3334.318,0.100203085799629,"circle_calibrated","Cellulosic",0.777987093272813,269
"A12",813.202,-4177.81,1.31015547080538,"circle_calibrated","Polyethylene terephthalate",0.85274100878399,297
"A13",-3966.872,-3.32800000000052,0.117721855188525,"circle_calibrated","Polyethylene terephthalate",0.781167895347737,263
"A14",1978.99,-3868.202,0.471714059538831,"circle_calibrated","Polyethylene terephthalate",0.906822932618016,437
"A15",-3745.69,-2614.82,0.542816037179382,"circle_calibrated","Polyethylene terephthalate",0.87095202394214,220
"A16",-5566.782,475.332,0.500879156860194,"circle_calibrated","Polyvinyl chloride",0.692078609187708,831
"A17",-3305.588,4718.168,0.114581946798668,"circle_calibrated","Polyethylene terephthalate",0.884980070766979,447
"A18",-4342.026,1624.662,0.19184556655118,"circle_calibrated","Cellulosic",0.867312864284858,646
"A19",-3266.146,456.82,0.0730848015902548,"circle_calibrated","Rubber",0.757959687261123,371
"A20",2257.372,-5173.454,0.275003269839455,"circle_calibrated","Polyethylene terephthalate",0.910899743593897,152
"A21",-4921.878,2216.136,0.856542538545165,"circle_calibrated","Polyethylene terephthalate",0.911626678055639,497
"A22",1464.814,1317.992,0.144393681662024,"circle_calibrated","Polyethylene terephthalate",0.855234937742436,143
"A23",-2841.956,-5675.358,0.187061909227059,"circle_calibrated","Cellulosic",0.917786851676572,263
"A24",-2480.972,3535.402,0.270220143205093,"circle_calibrated","Polyamide (naturally occurring)",0.781205877791979,145
"A25",-4213.456,-1882.582,0.218028958698519,"circle_calibrated","Cellulosic",0.928891530055395,417
"A26",-2540.018,5456.308,0.237207952143502,"circle_calibrated","Polyethylene terephthalate",0.921203429248864,175
"A27",-1293.5,5130.606,0.0805804654207147,"circle_calibrated","Cellulosic",0.910976576782371,375
"A28",5167.162,-1987.596,0.0398501652581897,"circle_calibrated","Polyethylene terephthalate",0.866495534103227,107
"A29",-2692.17,2554.604,0.034066508849147,"circle_calibrated","Cellulosic",0.844400536822395,291
"A30",-1384.76,-1887.288,0.0825945706315636,"circle_calibrated","Polyethylene terephthalate",0.892760518130499,140
"A31",-2806.18,5048.108,0.362020667405384,"circle_calibrated","Cellulosic",0.927399984619523,113
"A32",-1927.094,5573.932,0.324015935919744,"circle_calibrated","Polyethylene terephthalate",0.881695252838208,111
"A33",-4674.67,-1610.622,0.592389832097992,"circle_calibrated","Cellulosic",0.833985981033295,416
"A34",1053.182,-6377.462,0.046927548326225,"circle_calibrated","Polyethylene terephthalate",0.893210651413161,97
"A35",-3266.276,-1829.828,0.0576958570157382,"circle_calibrated","Polyamide (naturally occurring)",0.933982588596863,97
"A36",4039.542,-4683.874,0.420497605609093,"circle_calibrated","Polyethylene terephthalate",0.906023235391562,94
"A37",-1985.542,4530.292,0.0407876482649021,"circle_calibrated","Carbonate",0.796739607038821,164
"A38",-2466.126,3225.222,0.325569828249742,"circle_calibrated","Polyethylene terephthalate",0.918361068411598,110
"A39",2282.41,3974.152,0.0209442402948286,"circle_calibrated","Polyamide (naturally occurring)",0.878685457165586,192
"A40",4025.762,-2698.956,0.0414145395182857,"circle_calibrated","Polyamide (naturally occurring)",0.939859813213134,104
"A41",-2957.396,-1400.516,0.0727339748989135,"circle_calibrated","Polyethylene terephthalate",0.892249441085367,135
"A42",-6040.918,-1542.814,0.161135907732921,"circle_calibrated","Cellulosic",0.910002468582759,105
"A43",1934.114,-1254.942,0.233460442658453,"circle_calibrated","Polyamide (naturally occurring)",0.93290560793875,103
"A44",515.71,-318.292,0.212062854955057,"circle_calibrated","Polypropylene",0.978589994635303,106
"A45",-557.882,-4904.328,0.05138948993037,"circle_calibrated","Polyamide (naturally occurring)",0.925932956436204,105
"A46",2541.89,-687.31,0.0963791168750561,"circle_calibrated","Cellulosic",0.894828861564227,167
"A47",4806.126,980.538,0.646442388693304,"circle_calibrated","Cellulosic",0.822389400336825,190
"A48",-1180.218,-5640.518,0.0476015677242057,"circle_calibrated","Polyethylene terephthalate",0.877625051256687,94
"A49",2701.14,1706.796,0.227366070486011,"circle_calibrated","Polyethylene terephthalate",0.911702241758719,80
"A50",-1270.334,-2000.804,0.10852471560203,"circle_calibrated","Cellulosic",0.911693399418307,128
"A51",-4212.676,1364.48,0.0179224465704286,"circle_calibrated","Polyamide (naturally occurring)",0.917033491970952,96
"A52",-3394.196,-2666.248,0.100658942983149,"circle_calibrated","Cellulosic",0.969097963071682,103
"A53",-2034.734,2480.114,0.215068793735458,"circle_calibrated","Polyamide (naturally occurring)",0.898473024242733,100
"A54",1022.45,-841.49,0.0272537070161607,"circle_calibrated","Polyethylene terephthalate",0.922683503707088,74
"A55",-5000.866,2466.23,0.172225221097964,"circle_calibrated","Polyethylene terephthalate",0.913073340982825,99
"A56",-2238.158,-980.85,0.0351565017260782,"circle_calibrated","Polyamide (naturally occurring)",0.910238033900315,64
"A57",-1143.402,3388.528,0.00600290478559762,"circle_calibrated","Cellulosic",0.822302459045794,60
"A58",-710.19,3485.196,0.120937439065733,"circle_calibrated","Cellulosic",0.870641190372022,80
"A59",1437.488,-4633.252,0.0709452053529067,"circle_calibrated","Cellulosic",0.942414338697657,91
"A60",2169.518,553.592,0.133797624674322,"circle_calibrated","Polyethylene terephthalate",0.918982893681545,85
"A61",612.923999999999,3315.338,0.229036327466917,"circle_calibrated","Cellulosic",0.955328688477602,132
"A62",-4106.934,-4149.938,0.113820361839015,"circle_calibrated","Polyamide (naturally occurring)",0.93182349408159,78
"A63",-5850.182,-767.286,0.0313610165995284,"circle_calibrated","Carbonate",0.860504115038641,73
"A64",-737.021999999999,3649.958,0.231872748298315,"circle_calibrated","Carbonate",0.732827477267805,55
"A65",-4048.07,3775.096,0.117355498496517,"circle_calibrated","Polyamide (naturally occurring)",0.92175196503736,60
"A66",-890.084,3547.388,0.238086030729663,"circle_calibrated","Cellulosic",0.94209901081891,180
"A67",1671.072,4291.118,0.0428487982844787,"circle_calibrated","Polyamide (naturally occurring)",0.925614174181343,64
"A68",5936.034,316.42,0.0417932592562695,"circle_calibrated","Polyamide (naturally occurring)",0.92593733437578,70
"A69",-628.758,933.582,0.016094421833095,"circle_calibrated","Cellulosic",0.93580260113498,76
"A70",1990.56,632.658,0.0510887411332721,"circle_calibrated","Polyethylene terephthalate",0.873115309564973,75
"A71",2795.728,5548.764,0.261904884751062,"circle_calibrated","Polyethylene terephthalate",0.895910031452128,64
"A72",-435.422,1197.196,0.108854280608885,"circle_calibrated","Polyethylene terephthalate",0.930434884804005,65
"A73",550.680000000001,2957.006,0.0347634725776,"circle_calibrated","Polyamide (naturally occurring)",0.91134245757931,66
"A74",-4700.28,1481.662,0.141639178396138,"circle_calibrated","Polyethylene terephthalate",0.89249911252012,79
"A75",-1643.304,4431.726,0.194118344414079,"circle_calibrated","Polyamide (naturally occurring)",0.926064872381839,65
"A76",-3668.132,3102.944,0.579422813477055,"circle_calibrated","Cellulosic",0.828862653882412,165
"A77",-394.654,1838.46,0.109280427275816,"circle_calibrated","Polyamide (naturally occurring)",0.971180570520754,60
"A78",1877.2,267.696,0.195371493350196,"circle_calibrated","Polyamide (naturally occurring)",0.91894503916936,60
"A79",-2555.41,1808.482,1.02297142606545,"circle_calibrated","Polyamide (naturally occurring)",0.914585244700799,56
"A80",-2536.274,2584.01,0.209673771929313,"circle_calibrated","Cellulosic",0.900970428432625,106
"A81",889.798,-4569.578,0.0247644435456169,"circle_calibrated","Polyamide (naturally occurring)",0.927072222024821,60
"A82",-3983.304,-2799.446,0.716756698110106,"circle_calibrated","Polyamide (naturally occurring)",0.804518698923528,50
"A83",-2042.43,-4746.716,0.33663779376662,"circle_calibrated","Polyethylene terephthalate",0.941419101723752,50
"A84",2856.308,1311.596,2.06518276883839,"circle_calibrated","Chitin",0.884059143024926,63
"A85",-94.8480000000001,2003.326,0.0525665386906806,"circle_calibrated","Polycarbonate",0.887871498426707,60
"A86",-446.862,-2522.936,0.0922554034797627,"circle_calibrated","Carbonate",0.860705010415341,53
"A87",-1606.046,5391.36,0.116657391682125,"circle_calibrated","Polyamide (naturally occurring)",0.925915615362264,55
"A88",-1633.58,-939.77,2.05831711490506,"circle_calibrated","Polyamide (naturally occurring)",0.956803703803018,63
"A89",1966.276,-5638.958,0.109456881881882,"circle_calibrated","Polyamide (naturally occurring)",0.931131812857365,60
"A90",-1049.256,-5144.048,0.0721843996772593,"circle_calibrated","Polyamide (naturally occurring)",0.940899868441385,65
"A91",-2014.714,3487.484,0.157231622928055,"circle_calibrated","Polycarbonate",0.869741025025116,68
"A92",-4016.376,-4152.018,0.108222940598193,"circle_calibrated","Polyamide (naturally occurring)",0.939254523355852,50
"A93",-986.284,5979.402,0.0584023850377724,"circle_calibrated","Polyamide (naturally occurring)",0.934617438466672,63
"A94",4257.76,1870.856,0.0671294433792824,"circle_calibrated","Rubber",0.769118095199971,49
"A95",-1246.674,-4978.792,0.228775044461935,"circle_calibrated","Cellulosic",0.936736016673243,45
"A96",-4411.862,-1086.072,0.0469233657764718,"circle_calibrated","Cellulosic",0.949829707431432,60
"A97",773.656,304.771999999999,0.226323982236288,"circle_calibrated","Rubber",0.731294542350706,57
"A98",4802.408,2764.008,0.1619312688674,"circle_calibrated","Polyamide (naturally occurring)",0.970435445372751,53
"A99",-999.414,3888.274,0.180957250283015,"circle_calibrated","Polyamide (naturally occurring)",0.94536476687416,55
"A100",2177.656,2934.412,0.387001035973799,"circle_calibrated","Polyamide (naturally occurring)",0.88344206265084,49
"A101",3303.508,290.654,0.279578442864844,"circle_calibrated","Polyamide (naturally occurring)",0.92007180937491,45
"A102",-3020.472,539.916,0.0449377752145146,"circle_calibrated","Polyamide (naturally occurring)",0.896877786873762,45
"A103",-2263.794,-3068.52,0.297698440816278,"circle_calibrated","Polyamide (naturally occurring)",0.805443938699752,65
"A104",1180.712,5790.668,2.057418336628,"circle_calibrated","Polyamide (naturally occurring)",0.878473654949501,60
"A105",6048.874,99.45,0.475328846631458,"circle_calibrated","Polyamide (naturally occurring)",0.957740705779612,49
"A106",1469.546,4139.304,0.410546665708097,"circle_calibrated","Polyamide (naturally occurring)",0.914073981047385,40
"A107",3912.48,-4908.904,0.0567594169507166,"circle_calibrated","Polyamide (naturally occurring)",0.94860957659758,60
"A108",-5276.96,748.098,0.211561183284515,"circle_calibrated","Cellulosic",0.872267480562829,103
"A109",-1141.374,5386.42,0.12772948968308,"circle_calibrated","Polyamide (naturally occurring)",0.91345423626879,46
"A110",3980.912,-4147.988,2.10704697293709,"circle_calibrated","Polyamide (naturally occurring)",0.911695689243465,40
"A111",-5736.406,1707.004,0.0416541457125077,"circle_calibrated","Carbonate",0.874503002090825,42
"A112",-3274.518,-3784.222,0.270868671059677,"circle_calibrated","Cellulosic",0.916479030282102,62
"A113",-1880.138,-1516.008,0.108826683905052,"circle_calibrated","Polyamide (naturally occurring)",0.914672228900686,58
"A114",4234.464,2475.538,0.07979587395605,"circle_calibrated","Cellulosic",0.885332988884678,74
"A115",-3926.338,-1833.364,0.109557430934781,"circle_calibrated","Polyamide (naturally occurring)",0.932774540992415,49
"A116",3351.27,4650.698,0.448485445642546,"circle_calibrated","Polyamide (naturally occurring)",0.899545375294274,40
"A117",-2806.596,-2277.106,0.00648860874498647,"circle_calibrated","Polycarbonate",0.714527233622709,67
"A118",6364.15,-188.448,0.0932145714865953,"circle_calibrated","Polyamide (naturally occurring)",0.899157106870072,50
"A119",-163.878000000001,-5591.482,0.0699080800850176,"circle_calibrated","Polyethylene terephthalate",0.87396817573455,60
"A120",-2114.008,3112.2,0.0461965973715381,"circle_calibrated","Cellulosic",0.955462782980767,69
"A121",-2074.41,786.032,0.187366922576884,"circle_calibrated","Polyamide (naturally occurring)",0.917022459004057,50
"A122",1075.23,-1728.142,0.0642528230375068,"circle_calibrated","Polyamide (naturally occurring)",0.970035437145177,57
"A123",5002.244,-1948.05,0.266081733609347,"circle_calibrated","Polyamide (naturally occurring)",0.967228630447921,42
"A124",115.102,2195.076,0.106637720831448,"circle_calibrated","Polyamide (naturally occurring)",0.927433535301946,49
"A125",1229.072,5408.65,2.06448735851829,"circle_calibrated","Polyamide (naturally occurring)",0.948391180267762,40
"A126",-3666.312,3004.872,0.971588988134723,"circle_calibrated","Polyamide (naturally occurring)",0.951513394065782,65
"A127",-5468.112,1038.7,0.0262363764058342,"circle_calibrated","Polyamide (naturally occurring)",0.932803804108519,40
"A128",4624.724,-3827.408,0.0859387753367786,"circle_calibrated","Polyamide (naturally occurring)",0.909828476003282,49
"A129",-3329.04,710.423999999999,0.0273079007515944,"circle_calibrated","Polyamide (naturally occurring)",0.925494398314711,40
"A130",-852.566,4059.12,0.0393416093498207,"circle_calibrated","Polyamide (naturally occurring)",0.937622494627555,52
"A131",-1868.984,413.738,0.0664441882361047,"circle_calibrated","Polyamide (naturally occurring)",0.922771687456672,74
"A132",3955.796,-3831.412,0.0595224073531202,"circle_calibrated","Polyamide (naturally occurring)",0.933069125103516,50
"A133",-5507.112,-559.728000000001,2.08445203186894,"circle_calibrated","Polyamide (naturally occurring)",0.9363918972627,65
"A134",-3601.728,-2664.168,0.184720546895609,"circle_calibrated","Cellulosic",0.851687567362317,40
"A135",-2774.798,-5439.46,2.04035559843841,"circle_calibrated","Polyamide (naturally occurring)",0.93285967297164,40
"A136",-3658.616,2886,2.04035559843841,"circle_calibrated","Polyamide (naturally occurring)",0.935471825715886,40
"A137",-1607.606,-5981.04,0.0201599074863077,"circle_calibrated","Polyamide (naturally occurring)",0.928388537933136,40
"A138",598.52,1797.484,0.017581545065259,"circle_calibrated","Polyethylene terephthalate",0.913744115578168,55
"A139",-3787.966,-1396.642,0.038053179297773,"circle_calibrated","Polyamide (naturally occurring)",0.923709636857136,49
"A140",-1635.816,342.264,0.0954656190682015,"circle_calibrated","Polyamide (naturally occurring)",0.959788191092708,40
"A141",-5383.976,-1568.398,0.0399837395266709,"circle_calibrated","Polyethylene terephthalate",0.948961338968528,55
"A142",-1862.536,-1916.304,0.0468063998718984,"circle_calibrated","Polyamide (naturally occurring)",0.953825080018043,60
"A143",-3205.436,2269.982,0.142926436068003,"circle_calibrated","Carbonate",0.802803126661236,45
"A144",939.406,4794.374,0.193313103214497,"circle_calibrated","Polyamide (naturally occurring)",0.900482979042572,50
"A145",-944.268,-6378.814,0.0711883661315575,"circle_calibrated","Polyamide (naturally occurring)",0.97741251978851,38
"A146",1103.908,2913.404,2.0535582879861,"circle_calibrated","Polyamide (naturally occurring)",0.93025516856779,35
"A147",-5207.28,2590.666,0.0518718959779128,"circle_calibrated","Polyamide (naturally occurring)",0.937900148445519,46
"A148",1698.32,-4674.514,0.0334187277109339,"circle_calibrated","Polyamide (naturally occurring)",0.899673539667777,43
"A149",1036.698,6208.982,0.0295276574899066,"circle_calibrated","Polyamide (naturally occurring)",0.941494671029114,40
"A150",3048.786,-3538.6,2.08321449756899,"circle_calibrated","Cellulosic",0.911131013108027,35
"A151",857.558,3477.994,0.0713619433381505,"circle_calibrated","Cellulosic",0.970433624467308,57
"A152",1746.888,-3845.192,2.04028127662482,"circle_calibrated","Rubber",0.772333042386798,35
"A153",142.271999999999,5411.588,2.0222792874003,"circle_calibrated","Polyamide (naturally occurring)",0.878134211710042,40
"A154",-184.6,-4285.632,1.99060491089931,"circle_calibrated","Polytetrafluoroethylene",0.659396083088727,35
"A155",370.682,-5332.496,2.02508379135562,"circle_calibrated","Polyamide (naturally occurring)",0.924571891780872,39
"A156",-1815.996,-832.988,2.05139934734826,"circle_calibrated","Cellulosic",0.839816627593298,36
"A157",-3068.026,4305.99,0.0570065205747361,"circle_calibrated","Polyamide (naturally occurring)",0.947236752252524,40
"A158",-3433.924,2321.878,0.120501758919295,"circle_calibrated","Cellulosic",0.939837039840846,56
"A159",2274.61,-15.2360000000003,0.0475461629925851,"circle_calibrated","Polyvinyl chloride",0.674151835167838,40
"A160",-375.05,4343.612,2.05322944877661,"circle_calibrated","Carbonate",0.819768104945177,38
"A161",754.52,6371.742,2.01988956911605,"circle_calibrated","Polyamide",0.809742489366288,49
"A162",-2382.146,2143.05,0.262185104470491,"circle_calibrated","Polyamide (naturally occurring)",0.921464999904045,56
"A163",-5118.1,-728,1.98015549502497,"circle_calibrated","Cellulosic",0.948296980620076,35
"A164",-2732.782,2095.964,0.0737189594660146,"circle_calibrated","Polyamide (naturally occurring)",0.958400288917463,41
"A165",231.946,-5966.922,0.0755076177792173,"circle_calibrated","Cellulosic",0.957407166211825,46
"A166",522.132,2476.162,0.026013580183287,"circle_calibrated","Polyamide (naturally occurring)",0.894654602117043,35
"A167",-1870.18,3876.574,0.0443627188514837,"circle_calibrated","Rubber",0.857084832986266,35
"A168",4537.286,625.066,1.82021939184802,"circle_calibrated","Polyamide (naturally occurring)",0.965773891299914,35
"A169",2291.51,-4077.476,0.100426460832168,"circle_calibrated","Polyamide",0.694726033409494,45
"A170",1258.53,-4250.61,0.045875428047752,"circle_calibrated","Polyamide (naturally occurring)",0.94995253895931,34
"A171",1058.616,3556.592,1.88167624644819,"circle_calibrated","Polycarbonate",0.838984365484226,35
"A172",-1330.446,1342.692,0.00768893865546483,"circle_calibrated","Polyamide (naturally occurring)",0.929841015772383,42
"A173",-1717.95,-5607.134,0.0247833720147645,"circle_calibrated","Polyamide (naturally occurring)",0.885576840828974,42
"A174",-1116.466,3281.2,0.0519599305733869,"circle_calibrated","Carbonate",0.864125561005239,55
"A175",6136.286,1530.048,1.78896684834392,"circle_calibrated","Cellulosic",0.896571768697195,35
"A176",1979.666,3874.104,1.78896684834392,"circle_calibrated","Polyamide (naturally occurring)",0.970222003369141,35
"A177",-5510.388,-1133.106,1.87747253129259,"circle_calibrated","Polyamide (naturally occurring)",0.924178145895416,40
"A178",-5939.882,1022.554,1.8215483812243,"circle_calibrated","Polyamide (naturally occurring)",0.933518357332773,30
"A179",5183.776,-1531.114,1.18838720999124,"circle_calibrated","Polyamide (naturally occurring)",0.950747285026925,35
"A180",1012.96,2172.04,1.84992754813361,"circle_calibrated","Carbonate",0.686957881547874,30
"A181",-2827.422,-5579.756,0.027111224578279,"circle_calibrated","Polyamide (naturally occurring)",0.917362687058753,40
"A182",-4464.356,537.264,0.205564284561856,"circle_calibrated","Cellulosic",0.915730224189129,57
"A183",-5161.156,-2350.608,0.0516753656977702,"circle_calibrated","Polyamide (naturally occurring)",0.933151115187775,35
"A184",-534.196,-5216.588,0.506378482747628,"circle_calibrated","Cellulosic",0.857782237441678,35
"A185",370.578000000001,-6127.342,0.25381468142195,"circle_calibrated","Polyamide (naturally occurring)",0.888156963241818,33
"A186",5659.212,-3032.692,0.205639029265583,"circle_calibrated","Polyamide (naturally occurring)",0.955234345501191,32
"A187",2361.242,3876.6,1.9889098079965,"circle_calibrated","Polyamide (naturally occurring)",0.920401598358279,44
"A188",-4667.26,-2669.316,0.0402680268146847,"circle_calibrated","Cellulosic",0.951939672642685,50
"A189",-1343.212,2998.97,0.503835422771157,"circle_calibrated","Polyamide (naturally occurring)",0.916358019690294,35
"A190",2164.006,-3759.184,0.518020057763113,"circle_calibrated","Polyamide (naturally occurring)",0.951073079205133,35
"A191",-1454.96,-6155.526,0.146998241964246,"circle_calibrated","Carbonate",0.640328729755508,32
"A192",844.271999999999,-4936.516,0.547007594636365,"circle_calibrated","Polyamide (naturally occurring)",0.971536211064836,35
"A193",-54.6,-870.324,1.82482069810509,"circle_calibrated","Polyamide (naturally occurring)",0.970980710900523,40
"A194",4488.328,-4571.242,0.0480506556655791,"circle_calibrated","Polyamide (naturally occurring)",0.884271822228978,40
"A195",-4498.624,566.8,0.774809573415165,"circle_calibrated","Chitin",0.759995023201463,30
"A196",4595.188,517.556,0.575320911600454,"circle_calibrated","Polyamide (naturally occurring)",0.90807277105187,35
"A197",189.566,5346.9,0.774809573415165,"circle_calibrated","Polyamide (naturally occurring)",0.926626991285697,30
"A198",-2845.7,-1902.446,0.73844192924429,"circle_calibrated","Polyamide (naturally occurring)",0.947245249153435,30
"A199",-2567.032,447.823999999999,0.418974841209759,"circle_calibrated","Polyamide (naturally occurring)",0.949374759682262,35
"A200",-4561.622,3811.366,0.739366001387668,"circle_calibrated","Polyamide (naturally occurring)",0.937432938110214,30
"A201",-2120.508,572,0.0874222083119305,"circle_calibrated","Polyamide (naturally occurring)",0.940423370402516,35
"A202",2332.876,3563.222,0.087575116305787,"circle_calibrated","Polyamide (naturally occurring)",0.95017311182442,40
"A203",-3077.594,-2753.088,0.0482014951586489,"circle_calibrated","Polyamide (naturally occurring)",0.963845759382545,35
"A204",-5329.896,-526.318,1.82609483084901,"circle_calibrated","Polyethylene terephthalate",0.858466609997686,41
"A205",-426.816,-4079.66,0.0198842396884991,"circle_calibrated","Polyamide (naturally occurring)",0.972780674923961,37
"A206",-3081.988,3598.166,0.0212403014306295,"circle_calibrated","Polyamide (naturally occurring)",0.949650640398687,35
"A207",-546.702,-2073.968,0.0212403014306295,"circle_calibrated","Polyamide (naturally occurring)",0.941450452795813,35
"A208",-4829.006,676.364,0.0163159840101541,"circle_calibrated","Polyamide (naturally occurring)",0.911035875201105,34
"A209",-350.142,2981.212,0.452641324892215,"circle_calibrated","Polyamide (naturally occurring)",0.940334600848329,36
"A210",-322.764,3392.948,0.0164555759225544,"circle_calibrated","Polyamide (naturally occurring)",0.93579021553149,32
"A211",-777.608,3917.082,0.759015530356148,"circle_calibrated","Polyamide (naturally occurring)",0.934788459042757,30
"A212",-5350.592,-3306.628,0.819787568698242,"circle_calibrated","Polyamide (naturally occurring)",0.930803105523634,36
"A213",2221.492,-4762.81,1.80008491906736,"circle_calibrated","Polycarbonate",0.692949627009735,42
"A214",4521.374,437.138,0.0227720862591161,"circle_calibrated","Polyamide (naturally occurring)",0.853869071996376,35
"A215",3541.2,-2158.338,0.0423805576474923,"circle_calibrated","Polyamide (naturally occurring)",0.91235335604251,35
"A216",-3187.236,-4550.858,0.0195773266367396,"circle_calibrated","Polyamide (naturally occurring)",0.952123909011037,32
"A217",-2913.43,2580.006,0.0977019848788294,"circle_calibrated","Polyethylene terephthalate",0.90668700525846,53
"A218",-2105.896,-2834.546,0.649888531902845,"circle_calibrated","Carbonate",0.739916183928179,30
"A219",941.096,-5456.932,0.026013580183287,"circle_calibrated","Polycarbonate",0.864297192693158,35
"A220",3906.734,2530.476,0.68625617607372,"circle_calibrated","Polyamide (naturally occurring)",0.940643229375813,30
"A221",-44.5119999999997,3180.892,0.632188954803444,"circle_calibrated","Polyamide (naturally occurring)",0.866809520082321,30
"A222",-3945.032,-2720.432,0.649888531902845,"circle_calibrated","Polyamide (naturally occurring)",0.937795511675505,30
"A223",-3772.314,74.3340000000004,0.856554152976257,"circle_calibrated","Polyamide (naturally occurring)",0.959281921288804,28
"A224",1098.89,-851.136,0.475649443535568,"circle_calibrated","Rubber",0.805345164262843,42
"A225",-2917.434,-2017.86,0.109863157989237,"circle_calibrated","Polyamide (naturally occurring)",0.922057074096031,35
"A226",993.044,2028.988,0.744525084197695,"circle_calibrated","Cellulosic",0.857929704870774,30
"A227",-949.91,-4701.554,0.0806527202566842,"circle_calibrated","Polyethylene terephthalate",0.879502786203839,35
"A228",1070.368,839.280000000001,0.0915817907888741,"circle_calibrated","Polyamide (naturally occurring)",0.91486452605047,35
"A229",827.762,1561.456,0.579010645720122,"circle_calibrated","Rubber",0.70451537726586,30
"A230",862.576000000001,-536.354,0.579010645720122,"circle_calibrated","Chitin",0.828103633690543,30
"A231",804.336,-882.986,0.579010645720122,"circle_calibrated","Polyamide (naturally occurring)",0.967814555602615,30
"A232",-1289.262,-178.828000000001,0.830837404884826,"circle_calibrated","Polyamide (naturally occurring)",0.915708199824675,30
"A233",3225.56,3213.054,0.0706352598529756,"circle_calibrated","Polyamide (naturally occurring)",0.901091221197316,38
"A234",-3817.84,-2062.736,1.63954044592647,"circle_calibrated","Polyamide (naturally occurring)",0.944869669401983,28
"A235",1935.44,-4618.562,0.0467217166474425,"circle_calibrated","Polyamide (naturally occurring)",0.949812015469865,39
"A236",-912.47,-1786.798,0.0313755233246722,"circle_calibrated","Polyamide (naturally occurring)",0.915357706517027,35
"A237",-965.822,-4998.136,0.811419319027725,"circle_calibrated","Polyamide (naturally occurring)",0.969545731973827,30
"A238",-1787.942,1224.756,0.686256176073719,"circle_calibrated","Polyamide (naturally occurring)",0.909261335902999,30
"A239",1129.622,-3458.702,0.686256176073719,"circle_calibrated","Cellulosic",0.944614896333655,30
"A240",-5305.066,-599.923999999999,0.78944041230895,"circle_calibrated","Polyamide (naturally occurring)",0.948715287677415,30
"A241",-2536.976,-4286.204,0.78944041230895,"circle_calibrated","Polyamide (naturally occurring)",0.921882136678206,30
"A242",-563.758,1343.524,0.0158955086998496,"circle_calibrated","Polyamide (naturally occurring)",0.948076441487583,32
"A243",-1699.516,-1328.236,0.0592392456721436,"circle_calibrated","Polyamide (naturally occurring)",0.914187638323926,39
"A244",936.676000000001,2284.62,0.0812181523909181,"circle_calibrated","Polyamide (naturally occurring)",0.92180761624123,39
"A245",4506.034,1997.866,0.0175990866246332,"circle_calibrated","Polyamide (naturally occurring)",0.947139047880254,32
"A246",437.944,-1743.742,0.404899662398717,"circle_calibrated","Polyamide (naturally occurring)",0.950522771750033,28
"A247",501.566,-2080.078,0.0397645850828523,"circle_calibrated","Polyamide (naturally occurring)",0.95757956575154,30
"A248",-5382.442,1365.65,0.503934619279764,"circle_calibrated","Polyamide (naturally occurring)",0.97276566394641,30
"A249",-4097.262,68.8739999999994,0.0223838121327082,"circle_calibrated","Polyamide (naturally occurring)",0.903985177441214,35
"A250",-410.176000000001,3516.058,0.0614155250947384,"circle_calibrated","Cellulosic",0.883321038884495,39
"A251",3654.976,3819.192,0.520741737596146,"circle_calibrated","Polyamide (naturally occurring)",0.945224783067511,30
"A252",5880.29,-1460.602,0.100078578977159,"circle_calibrated","Polyamide (naturally occurring)",0.959672078576031,40
"A253",2630.316,4172.584,0.666053468756199,"circle_calibrated","Polyamide (naturally occurring)",0.957048639492698,30
"A254",1973.92,-3227.77,0.0353333121320887,"circle_calibrated","Polyamide (naturally occurring)",0.948804958581335,35
"A255",300.716,503.1,0.0306117139519175,"circle_calibrated","Polyamide (naturally occurring)",0.918731642282479,30
"A256",1878.11,1487.746,0.450942089139254,"circle_calibrated","Polyamide (naturally occurring)",0.953831033312895,30
"A257",-2261.272,-3340.766,0.816876358490783,"circle_calibrated","Polyethylene terephthalate",0.724431794959143,30
"A258",-31.1219999999995,-4248.842,0.021228854675212,"circle_calibrated","Polyamide (naturally occurring)",0.928027954200423,32
"A259",2282.15,1303.562,0.0374422760069102,"circle_calibrated","Polyamide (naturally occurring)",0.924933895428387,35
"A260",-2281.292,4019.132,0.466750829244898,"circle_calibrated","Sand",0.770421172824445,30
"A261",1387.126,2427.23,0.0438939784248644,"circle_calibrated","Polyamide (naturally occurring)",0.967622113903948,30
"A262",-5990.348,25.7139999999997,0.026013580183287,"circle_calibrated","Polyamide (naturally occurring)",0.951555409422418,35
"A263",-2673.502,4016.298,0.502468911846977,"circle_calibrated","Polyamide (naturally occurring)",0.949210424715306,30
"A264",-616.226000000001,-966.966,0.0671508405891315,"circle_calibrated","Polyamide (naturally occurring)",0.972102100468779,30
"A265",-4390.88,-2325.596,0.0909614892828499,"circle_calibrated","Polyamide (naturally occurring)",0.935189290172542,30
"A266",4092.114,-2923.076,0.398928232906137,"circle_calibrated","Polyamide (naturally occurring)",0.958380848164594,30
"A267",-452.478000000001,-5857.722,0.398928232906137,"circle_calibrated","Polyamide (naturally occurring)",0.9649490125108,30
"A268",3676.946,703.014,0.398928232906137,"circle_calibrated","Polyamide (naturally occurring)",0.97133510260454,30
"A269",965.588,1941.836,0.449359086533028,"circle_calibrated","Polyamide (naturally occurring)",0.957101745689369,30
"A270",-379.521999999999,1176.968,0.0400990186666352,"circle_calibrated","Polyamide (naturally occurring)",0.937971985734079,36
"A271",-2978.456,-3846.856,0.231858898152038,"circle_calibrated","Cellulosic",0.957588050747499,35
"A272",568.23,-1307.072,0.0679710430469218,"circle_calibrated","Polyamide (naturally occurring)",0.969211173944635,35
"A273",253.448,4835.844,0.172352675252725,"circle_calibrated","Polyamide (naturally occurring)",0.93235243343228,48
"A274",4349.956,59.9559999999999,0.409269392738687,"circle_calibrated","Polyamide (naturally occurring)",0.863885628334836,30
"A275",-3667.352,3628.742,0.08205648153027,"circle_calibrated","Polyamide (naturally occurring)",0.917005215195633,36
"A276",-3430.83,2114.892,1.10241657329863,"circle_calibrated","Polyamide (naturally occurring)",0.93402509159184,30
"A277",-1412.112,-2817.802,0.312252600013876,"circle_calibrated","Polyamide (naturally occurring)",0.967805796044635,28
"A278",-2986.23,1216.176,0.129684530519525,"circle_calibrated","Polyamide (naturally occurring)",0.929661223515047,36
"A279",-2710.708,-1913.496,0.141954623111339,"circle_calibrated","Polyethylene terephthalate",0.933458855729851,36
"A280",2725.918,874.77,0.192598355930094,"circle_calibrated","Polyamide (naturally occurring)",0.951151784209478,36
"A281",-3653.962,3901.69,0.153664214401425,"circle_calibrated","Polyamide (naturally occurring)",0.970070997757321,46
"A282",-3250.676,214.63,0.029973981399384,"circle_calibrated","Cellulosic",0.913497830375121,35
"A283",-2030.184,3594.006,1.00150657986093,"circle_calibrated","Polyamide (naturally occurring)",0.96630679112058,30
"A284",1540.5,1513.2,0.0699953352361524,"circle_calibrated","Polyethylene terephthalate",0.880940166433867,35
"A285",-5712.434,1358.604,0.05816087758915,"circle_calibrated","Polyamide (naturally occurring)",0.927075358183687,35
"A286",5155.514,2205.476,0.015480212962758,"circle_calibrated","Polyamide (naturally occurring)",0.922949798646161,34
"A287",-5134.74,-3625.414,1.03325527817551,"circle_calibrated","Polyamide (naturally occurring)",0.958199966475364,30
"A288",2547.688,-3735.056,0.0245912261703358,"circle_calibrated","Polyamide (naturally occurring)",0.958325482295452,30
"A289",-5043.506,-1052.142,0.0222045867940068,"circle_calibrated","Polyamide (naturally occurring)",0.94598865985969,38
"A290",3717.298,-3341,1.72523675432842,"circle_calibrated","Polypropylene",0.950282962175133,56
"A291",-139.958,3440.814,0.870919206819865,"circle_calibrated","Polyamide (naturally occurring)",0.965349923454516,25
"A292",3736.148,-3560.674,0.131685307682649,"circle_calibrated","Cellulosic",0.922325682799352,46
"A293",-1554.098,-4461.106,0.0496829759627251,"circle_calibrated","Polyamide",0.687808759340656,40
"A294",4296.604,-4160.702,0.295677147132389,"circle_calibrated","Polyamide (naturally occurring)",0.840771430916692,35
"A295",5177.042,664.3,0.0320926262596695,"circle_calibrated","Polyamide (naturally occurring)",0.949254365409916,35
"A296",3572.582,-2555.28,0.0721139800964379,"circle_calibrated","Polyamide (naturally occurring)",0.941737660047569,35
"A297",3639.298,-1919.112,0.268767488074138,"circle_calibrated","Polyamide (naturally occurring)",0.944291424496274,28
"A298",900.744,-353.678000000001,0.918903051325715,"circle_calibrated","Polyamide (naturally occurring)",0.912865766046697,30
"A299",-3464.24,2984.618,0.0517029828363103,"circle_calibrated","Polyamide (naturally occurring)",0.966770365626697,28
"A300",-1861.73,1318.668,0.382044801670728,"circle_calibrated","Polyamide (naturally occurring)",0.940828186962302,30
"A301",-1226.42,1455.506,0.253729610709597,"circle_calibrated","Polyamide (naturally occurring)",0.924312300171768,28
"A302",-1588.86,-5916.482,0.359571945818669,"circle_calibrated","Polyamide (naturally occurring)",0.937722753606073,30
"A303",-856.882,4408.56,0.867442658600404,"circle_calibrated","Polyamide (naturally occurring)",0.955524497450158,30
"A304",2678.39,258.544,0.233135978063392,"circle_calibrated","Polyamide (naturally occurring)",0.875017308918085,30
"A305",1065.766,-5375.682,0.0407640854159359,"circle_calibrated","Polyethylene terephthalate",0.9346571516977,30
"A306",-5063.214,-1572.272,0.0407640854159359,"circle_calibrated","Polyamide (naturally occurring)",0.954875118476621,30
"A307",-344.552,-5036.694,0.188684215492558,"circle_calibrated","Polyamide",0.627841765540542,30
"A308",3920.592,1433.12,0.261562104352867,"circle_calibrated","Cellulosic",0.951758395580761,28
"A309",6340.516,-96.6679999999996,0.79437912969753,"circle_calibrated","Polyamide (naturally occurring)",0.929447391034541,25
"A310",2774.824,-2620.332,0.79437912969753,"circle_calibrated","Polyamide (naturally occurring)",0.945820704720307,25
"A311",4611.594,2644.044,0.076662026594341,"circle_calibrated","Polyamide (naturally occurring)",0.944625528048895,35
"A312",4323.566,-596.492,0.22330511399738,"circle_calibrated","Polyamide (naturally occurring)",0.963695846836079,28
"A313",-1930.994,-353.444,0.0786986892881589,"circle_calibrated","Polyamide (naturally occurring)",0.930045299463583,41
"A314",1196.572,-983.918,0.123135082849064,"circle_calibrated","Polyamide (naturally occurring)",0.959207519731645,30
"A315",2175.68,4417.374,0.15130595981576,"circle_calibrated","Polyamide (naturally occurring)",0.948384138503734,30
"A316",-4135.664,-1712.256,0.210146459838693,"circle_calibrated","Polyamide (naturally occurring)",0.973096407933045,30
"A317",-3242.278,-5093.53,0.254076772664134,"circle_calibrated","Polyamide (naturally occurring)",0.969957590332902,28
"A318",1562.678,-2142.114,0.063923000816912,"circle_calibrated","Polyamide (naturally occurring)",0.975876230798027,35
"A319",249.834,5143.372,0.0430923751755268,"circle_calibrated","Polyamide (naturally occurring)",0.948860379389287,30
"A320",385.84,3729.31,0.0786986892881589,"circle_calibrated","Polyamide (naturally occurring)",0.951839364264435,41
"A321",-3959.67,2247.596,0.076662026594341,"circle_calibrated","Polyamide (naturally occurring)",0.930325851242443,35
"A322",-3769.896,-4889.092,0.0430923751755268,"circle_calibrated","Polyamide (naturally occurring)",0.940000872833713,30
"A323",-324.402,5048.42,1.29453613598942,"circle_calibrated","Polyamide (naturally occurring)",0.920019766551681,31
"A324",1510.522,5753.202,0.721883627659376,"circle_calibrated","Cellulosic",0.784865772545517,25
"A325",-1627.054,-617.136,0.721883627659376,"circle_calibrated","Polyamide (naturally occurring)",0.962711253353756,25
"A326",-5802.16,-1261.13,0.0523308885006601,"circle_calibrated","Polyamide (naturally occurring)",0.953905280384705,35
"A327",2414.75,-5949.58,0.696565819675087,"circle_calibrated","Polyamide (naturally occurring)",0.949999649219545,25
"A328",-3429.66,1005.81,0.696565819675087,"circle_calibrated","Polyamide (naturally occurring)",0.939680680535747,25
"A329",-5217.498,2464.306,0.0523308885006601,"circle_calibrated","Polyamide (naturally occurring)",0.953848502781251,35
"A330",-3136.952,-3817.554,0.0475461629925851,"circle_calibrated","Polyamide (naturally occurring)",0.951726692770488,40
"A331",803.816,-4347.85,0.133466353208696,"circle_calibrated","Polyethylene terephthalate",0.879181290933633,36
"A332",-14.9760000000006,-4290.104,0.0455373641685934,"circle_calibrated","Polyamide (naturally occurring)",0.965942020163795,30
"A333",-4982.224,-1487.512,0.532105496246461,"circle_calibrated","Polyamide (naturally occurring)",0.967155986327077,30
"A334",5646.42,-1052.376,0.765352791810701,"circle_calibrated","Polyamide (naturally occurring)",0.967092336603871,30
"A335",1331.408,2008.864,0.697786076080316,"circle_calibrated","Polyethylene terephthalate",0.926423786205697,25
"A336",3579.42,-5198.882,0.0481080596716952,"circle_calibrated","Polyamide (naturally occurring)",0.951604304839512,30
"A337",-2362.646,1747.2,0.0234486114135251,"circle_calibrated","Polyamide (naturally occurring)",0.947647703170995,32
"A338",2056.574,4870.528,0.0346850393395544,"circle_calibrated","Carbonate",0.799788225715532,30
"A339",718.926000000001,3239.262,0.106830220352576,"circle_calibrated","Polyamide (naturally occurring)",0.944809928034373,32
"A340",3510.13,4925.882,0.0368716317456659,"circle_calibrated","Polyamide (naturally occurring)",0.971002271308307,32
"A341",1813.5,-3348.02,0.731359785924218,"circle_calibrated","Polyamide (naturally occurring)",0.963577711199882,25
"A342",-1236.066,4150.354,0.647775655505656,"circle_calibrated","Polyamide (naturally occurring)",0.959838203284829,25
"A343",-3211.104,4911.166,0.338496493721219,"circle_calibrated","Polyamide (naturally occurring)",0.962105408954194,30
"A344",-343.278000000001,-4026.178,0.706667173333846,"circle_calibrated","Polyamide (naturally occurring)",0.926758095077795,25
"A345",2578.29,2747.888,0.638601086171557,"circle_calibrated","Polyamide (naturally occurring)",0.774855761290187,30
"A346",-4313.998,2755.35,0.0305693967191472,"circle_calibrated","Cellulosic",0.837694586202782,35
"A347",1446.64,-5950.1,0.621650310333716,"circle_calibrated","Polyamide (naturally occurring)",0.933325674269062,29
"A348",-3698.084,-589.16,0.101521132691432,"circle_calibrated","Polyamide (naturally occurring)",0.934525847136481,35
"A349",-5475.522,1467.7,0.0921439523948204,"circle_calibrated","Polyamide (naturally occurring)",0.913288511523365,28
"A350",-563.082,-5240.534,0.349783939452506,"circle_calibrated","Carbonate",0.807937621599494,30
"A351",-1761.942,3673.02,0.0975234370955811,"circle_calibrated","Carbonate",0.760266988943002,33
"A352",3418.532,2365.376,0.101521132691432,"circle_calibrated","Cellulosic",0.911055897715493,35
"A353",-4811.222,-746.304,0.457997524092739,"circle_calibrated","Polyamide (naturally occurring)",0.958094951707511,30
"A354",-4930.9,-2644.382,0.0668261444105309,"circle_calibrated","Polyamide (naturally occurring)",0.935535237258835,28
"A355",3319.134,-5366.478,0.706667173333846,"circle_calibrated","Polyamide (naturally occurring)",0.898432304832974,25
"A356",-2423.044,5054.114,0.499670220493307,"circle_calibrated","Cellulosic",0.948807229322959,30
"A357",1236.066,1967.004,0.706667173333846,"circle_calibrated","Polyamide (naturally occurring)",0.949394386188322,25
"A358",4799.002,-2567.448,0.033031152841934,"circle_calibrated","Polyamide (naturally occurring)",0.945323858535642,35
"A359",4944.914,2689.648,1.16555273185614,"circle_calibrated","Polyamide (naturally occurring)",0.870970369965427,30
"A360",-5288.582,-2991.3,1.19595078399753,"circle_calibrated","Polyamide (naturally occurring)",0.882892107338418,30
"A361",-5097.3,-3544.866,0.560063699141971,"circle_calibrated","Polyamide (naturally occurring)",0.953727325265376,25
"A362",3955.848,663.364,0.235114792245384,"circle_calibrated","Chitin",0.819237430467453,37
"A363",5214.56,1421.966,0.0164555759225544,"circle_calibrated","Polyamide (naturally occurring)",0.92947733911121,32
"A364",-975.754,-2434.484,0.706667173333846,"circle_calibrated","Polyamide (naturally occurring)",0.944604281949416,25
"A365",1808.04,-4479.852,0.373338809803895,"circle_calibrated","Polyamide (naturally occurring)",0.942012450840136,25
"A366",-5505.656,-681.408,0.12295116584765,"circle_calibrated","Carbonate",0.777911336721805,44
"A367",-5309.954,2317.848,0.05523939545937,"circle_calibrated","Polyamide (naturally occurring)",0.953769408398387,28
"A368",-5355.818,2876.718,1.16997529759427,"circle_calibrated","Polyamide (naturally occurring)",0.937510940503842,30
"A369",714.636,4537,0.0356290388827292,"circle_calibrated","Polyamide (naturally occurring)",0.952958685347843,35
"A370",-5284.968,-3188.822,0.679998926251685,"circle_calibrated","Polyamide (naturally occurring)",0.927519031223428,25
"A371",282.880000000001,-2835.456,1.24255029733576,"circle_calibrated","Polyamide (naturally occurring)",0.950216719543896,25
"A372",-1693.614,-2162.654,0.221853560314608,"circle_calibrated","Cellulosic",0.95481110035359,45
"A373",5791.994,-963.794,1.15064932635357,"circle_calibrated","Polyamide (naturally occurring)",0.963653571980297,30
"A374",-459.082,-6340.776,0.706667173333846,"circle_calibrated","Polyamide (naturally occurring)",0.905579774011368,25
"A375",-2862.288,263.484,0.0300112936396744,"circle_calibrated","Polyamide (naturally occurring)",0.943460137458787,30
"A376",-631.02,326.273999999999,0.706667173333846,"circle_calibrated","Polyamide (naturally occurring)",0.934598424284252,25
"A377",-240.942,-5534.152,0.0448263794248147,"circle_calibrated","Polyamide (naturally occurring)",0.95742539755515,30
"A378",5384.678,1650.428,0.706667173333846,"circle_calibrated","Polyamide (naturally occurring)",0.960430109195392,25
"A379",3613.428,3179.436,0.706667173333846,"circle_calibrated","Polyamide (naturally occurring)",0.94883653693476,25
"A380",1299.35,-5214.352,0.0708706773333889,"circle_calibrated","Polyamide (naturally occurring)",0.948097929427761,36
"A381",3068.468,4213.768,0.0416398519353394,"circle_calibrated","Polyamide (naturally occurring)",0.953584272303069,25
"A382",-1727.57,4553.276,0.0608914088907162,"circle_calibrated","Polyamide (naturally occurring)",0.909465260608687,28
"A383",4055.61,1815.866,0.521706612082046,"circle_calibrated","Cellulosic",0.641622151549329,28
"A384",-1423.63,1984.918,0.319894198237835,"circle_calibrated","Polyamide (naturally occurring)",0.965927014115936,25
"A385",3103.698,4680.104,1.12325035216545,"circle_calibrated","Chitin",0.92005331203168,30
"A386",1677.702,-4628.208,0.0324652826012413,"circle_calibrated","Polycarbonate",0.719971283990988,30
"A387",-4557.8,-4268.212,0.0477327547320296,"circle_calibrated","Polyamide (naturally occurring)",0.944523414565781,30
"A388",-2724.8,2749.292,0.0442406336353962,"circle_calibrated","Polyethylene terephthalate",0.859266622324985,25
"A389",-2387.736,-5704.27,0.0350660643012981,"circle_calibrated","Polyamide (naturally occurring)",0.92278659197401,30
"A390",-393.821999999999,-2264.288,0.432749031967408,"circle_calibrated","Polyamide (naturally occurring)",0.921605725311557,30
"A391",-687.934,-4782.908,0.0350660643012981,"circle_calibrated","Polyamide (naturally occurring)",0.935089582994456,30
"A392",-5726.396,80.0280000000005,0.0395779933434077,"circle_calibrated","Carbonate",0.693004986025963,40
"A393",4212.39,4098.38,0.0718388555616298,"circle_calibrated","Polycarbonate",0.808576132423567,32
"A394",-3765.71,4361.786,0.365307751171875,"circle_calibrated","Polyamide (naturally occurring)",0.868942158480459,30
"A395",-1607.372,-1943.5,0.67849629636715,"circle_calibrated","Cellulosic",0.913587908974417,25
"A396",-5734.456,-814.892,0.67849629636715,"circle_calibrated","Polyamide (naturally occurring)",0.945369327981254,25
"A397",-1539.486,5093.608,0.0457892533426862,"circle_calibrated","Polyamide (naturally occurring)",0.941757882834036,27
"A398",-2294.032,-5625.542,0.050814421269437,"circle_calibrated","Polyamide (naturally occurring)",0.89218120974012,30
"A399",-859.586,4181.268,0.301202065225683,"circle_calibrated","Carbonate",0.822068198092886,25
"A400",3678.168,-1867.632,0.706667173333847,"circle_calibrated","Polyethylene terephthalate",0.9338797427024,25
"A401",5104.346,3139.5,0.706667173333847,"circle_calibrated","Polyamide (naturally occurring)",0.946861381794015,25
"A402",113.021999999999,-58.2400000000002,0.358299121017398,"circle_calibrated","Polyamide (naturally occurring)",0.805130344899859,30
"A403",-3201.822,1227.2,0.416920149252843,"circle_calibrated","Polyamide (naturally occurring)",0.941939942156032,28
"A404",5199.116,-1221.61,0.464548198242098,"circle_calibrated","Polyamide",0.913720199643274,28
"A405",1312.454,3537.846,1.28997568222493,"circle_calibrated","Polyamide (naturally occurring)",0.893401078619942,35
"A406",-6110.832,-2160.548,0.203844266569695,"circle_calibrated","Polyamide (naturally occurring)",0.977740264628638,25
"A407",-4842.656,438.464,0.262113174693671,"circle_calibrated","Carbonate",0.783919203644601,25
"A408",-4089.54,-3668.782,0.451389544083411,"circle_calibrated","Carbonate",0.728779598998151,30
"A409",-3711.11,3914.638,0.242310547397491,"circle_calibrated","Polyamide (naturally occurring)",0.955656811872781,25
"A410",1099.8,88.7119999999997,0.262113174693671,"circle_calibrated","Polyamide (naturally occurring)",0.946485552328187,25
"A411",-2689.622,-868.192,0.026590797816598,"circle_calibrated","Polyamide",0.699331060076559,32
"A412",-3140.254,3687.138,0.323988578411758,"circle_calibrated","Polyamide (naturally occurring)",0.954396830772095,25
"A413",5238.298,-523.666,0.28231588201119,"circle_calibrated","Polyamide (naturally occurring)",0.955179047592051,25
"A414",4287.842,-1600.404,0.302935169213925,"circle_calibrated","Polyamide (naturally occurring)",0.952325484941445,25
"A415",-6415.76,-548.314,0.323988578411758,"circle_calibrated","Polyamide (naturally occurring)",0.96648582664155,25
"A416",2579.564,2641.028,0.341207399839382,"circle_calibrated","Polyamide (naturally occurring)",0.967439617606373,25
"A417",1789.632,4383.002,0.053666272727777,"circle_calibrated","Carbonate",0.822998721391764,29
"A418",-2134.236,4503.2,0.418985100882066,"circle_calibrated","Polyamide (naturally occurring)",0.948134892701059,25
"A419",-2435.186,3176.732,0.418985100882066,"circle_calibrated","Polyamide (naturally occurring)",0.897875915099276,25
"A420",-5329.948,-1502.54,0.0433106664469141,"circle_calibrated","Polyamide (naturally occurring)",0.92390376041983,34
"A421",487.032,829.608,0.510681142070337,"circle_calibrated","Carbonate",0.796858376679771,28
"A422",-1782.352,-2714.322,0.706667173333846,"circle_calibrated","Polyamide (naturally occurring)",0.948704288282523,25
"A423",5282.056,-1641.276,0.00728400762688519,"circle_calibrated","Polyethylene",0.867829382616979,29
"A424",-1671.748,4607.642,0.294135615262076,"circle_calibrated","Polycarbonate",0.750265069121513,25
"A425",-1136.122,-5261.62,0.706667173333846,"circle_calibrated","Polyamide (naturally occurring)",0.952625705948835,25
"A426",-2714.166,1535.352,0.706667173333846,"circle_calibrated","Polyurethane",0.679958098054692,25
"A427",-4498.078,2734.576,0.706667173333846,"circle_calibrated","Polyamide (naturally occurring)",0.951332291907509,25
"A428",-861.51,-4415.138,0.710296012486989,"circle_calibrated","Polyamide (naturally occurring)",0.954751288364949,25
"A429",-2074.462,-736.216,0.710296012486989,"circle_calibrated","Polyamide (naturally occurring)",0.916359984558259,25
"A430",1120.444,2529.202,0.679524353820235,"circle_calibrated","Polyamide (naturally occurring)",0.956601468814161,25
"A431",-5881.616,-688.402,0.41120296044001,"circle_calibrated","Polyamide (naturally occurring)",0.785236924116364,25
"A432",-1014.156,3802.318,0.322255474423514,"circle_calibrated","Polyamide (naturally occurring)",0.938731611716842,25
"A433",-5266.222,199.523999999999,0.41120296044001,"circle_calibrated","Polyamide (naturally occurring)",0.927328848345424,25
"A434",-1830.4,-1986.4,0.263363956595322,"circle_calibrated","Polyamide (naturally occurring)",0.88472437131034,25
"A435",2565.316,280.618,0.0359741143996619,"circle_calibrated","Polyamide (naturally occurring)",0.945862620207692,25
"A436",2145.13,-5722.106,0.0530685477589616,"circle_calibrated","Polyamide (naturally occurring)",0.935725697897491,25
"A437",-2619.942,2398.916,0.0326575504988342,"circle_calibrated","Polyamide (naturally occurring)",0.953633872989243,32
"A438",18.5639999999997,4868.37,0.088159867570232,"circle_calibrated","Polyamide (naturally occurring)",0.959716419716355,25
"A439",-3066.362,1660.828,0.343761679644478,"circle_calibrated","Polyamide (naturally occurring)",0.932969454999438,25
"A440",4682.262,-1128.166,0.143219644753259,"circle_calibrated","Polyamide (naturally occurring)",0.936523419568051,25
"A441",4202.172,876.252,0.0244129056892348,"circle_calibrated","Chitin",0.787670314452342,38
"A442",3678.376,-4684.16,0.0374422760069093,"circle_calibrated","Polyamide (naturally occurring)",0.942171426524939,35
"A443",-3697.2,4213.274,0.143219644753259,"circle_calibrated","Polyamide (naturally occurring)",0.931053829809302,25
"A444",-1221.324,5336.968,0.591135118513809,"circle_calibrated","Polyamide",0.762426473851475,28
"A445",3910.062,1018.082,0.263363956595322,"circle_calibrated","Polyamide (naturally occurring)",0.945613839833864,25
"A446",3324.23,2290.886,0.263363956595322,"circle_calibrated","Polyamide (naturally occurring)",0.938682943073671,25
"A447",313.118,6176.352,0.124527511741107,"circle_calibrated","Polyamide (naturally occurring)",0.93357967119977,25
"A448",-1658.696,-5411.562,1.05088759624998,"circle_calibrated","Polyamide (naturally occurring)",0.942708238486994,31
"A449",-71.5,5431.634,0.674918475019266,"circle_calibrated","Polyamide (naturally occurring)",0.946482232450932,25
"A450",-1278.108,4573.296,0.0387115921562515,"circle_calibrated","Polyamide (naturally occurring)",0.961989736542924,25
"A451",-2298.504,1110.252,0.0183005948961241,"circle_calibrated","Polyethylene terephthalate",0.832463154464022,32
"A452",638.17,-4910.88,0.267453185883862,"circle_calibrated","Polyamide (naturally occurring)",0.938318886999982,34
"A453",-1515.748,1137.292,0.379454262125431,"circle_calibrated","Polyamide (naturally occurring)",0.937355120751652,25
"A454",-2085.876,-349.934,1.0191388979354,"circle_calibrated","Cellulosic",0.634142637972076,31
"A455",4012.476,-3812.094,0.706667173333847,"circle_calibrated","Polyamide (naturally occurring)",0.950447732997554,25
"A456",-4448.184,-1404.494,0.706667173333847,"circle_calibrated","Polyamide (naturally occurring)",0.93947347094742,25
"A457",-1457.04,2387.71,0.0652551054242325,"circle_calibrated","Polyamide (naturally occurring)",0.942416184904301,30
"A458",-4603.716,2191.176,0.714467030004327,"circle_calibrated","Cellulosic",0.779644318284526,25
"A459",-4753.84,2723.474,0.379454262125431,"circle_calibrated","Polyamide",0.640189130212694,25
"A460",3428.75,1746.082,0.0564111692556521,"circle_calibrated","Polyamide (naturally occurring)",0.962608813336533,25
"A461",-2941.146,4925.7,0.559386420199229,"circle_calibrated","Cellulosic",0.961826261035205,28
"A462",-3332.16,889.954,0.27908445504507,"circle_calibrated","Polyamide (naturally occurring)",0.938423131884679,28
"A463",4129.97,1090.258,0.0324652826012413,"circle_calibrated","Polyamide (naturally occurring)",0.94281751937392,30
"A464",-4122.508,4145.31,0.374179021537222,"circle_calibrated","Polyamide (naturally occurring)",0.929651488658099,20
"A465",2309.84,3366.662,0.208726749105841,"circle_calibrated","Polycarbonate",0.685081002986391,34
"A466",-6060.678,678.6,0.603424623972237,"circle_calibrated","Polyamide (naturally occurring)",0.928741166817533,38
"A467",1535.508,1259.856,0.236663544088111,"circle_calibrated","Polyamide (naturally occurring)",0.956460040270024,25
"A468",-1525.472,-3335.28,0.328121377083319,"circle_calibrated","Cellulosic",0.888946526920094,57
"A469",3727.646,-1983.046,0.283018243140245,"circle_calibrated","Polyamide (naturally occurring)",0.960811701791822,21
"A470",-505.180000000001,-2553.382,0.706667173333846,"circle_calibrated","Polyethylene terephthalate",0.872893800679742,25
"A471",-2525.926,1751.074,0.021228854675212,"circle_calibrated","Polyamide (naturally occurring)",0.954776513624124,32
"A472",-899.158,4186.598,0.0377024217387625,"circle_calibrated","Polyamide",0.663111423319241,29
"A473",-1989.728,-5642.156,0.223815401610262,"circle_calibrated","Polyamide (naturally occurring)",0.937963053398106,25
"A474",-4811.742,-1172.496,0.7192346194878,"circle_calibrated","Polyamide (naturally occurring)",0.780131420852028,25
"A475",-5969.314,1172.938,0.0291533001879545,"circle_calibrated","Polyamide (naturally occurring)",0.924068016440947,35
"A476",-4291.274,-1785.758,0.0356050026059087,"circle_calibrated","Polyethylene terephthalate",0.722903505319137,30
"A477",4201.6,-1214.2,0.36559527784583,"circle_calibrated","Polyamide (naturally occurring)",0.931099240059177,20
"A478",-3941.886,4265.092,0.391570764249091,"circle_calibrated","Carbonate",0.68860112792649,20
"A479",-4871.698,-1154.01,0.0546531975766031,"circle_calibrated","Polyamide (naturally occurring)",0.944594380384408,30
"A480",-2656.004,2760.316,0.0923522423374286,"circle_calibrated","Polyamide (naturally occurring)",0.949930925759395,35
"A481",-4986.046,-3318.718,0.706667173333846,"circle_calibrated","Cellulosic",0.945830047196041,25
"A482",-1273.896,2360.618,0.706667173333846,"circle_calibrated","Polyamide (naturally occurring)",0.942046431801794,25
"A483",2392.754,5767.658,0.214025371653293,"circle_calibrated","Chitin",0.813649084421137,21
"A484",-1969.5,427.7,0.716976816935214,"circle_calibrated","Polyamide (naturally occurring)",0.918820274550918,25
"A485",-4538.69,2327.91,0.721883627659376,"circle_calibrated","Polyamide (naturally occurring)",0.949884530025255,25
"A486",-3805.1,4291.3,0.214025371653293,"circle_calibrated","Polyamide (naturally occurring)",0.945603558405025,21
"A487",-3402.776,3949.14,0.214025371653293,"circle_calibrated","Polyamide (naturally occurring)",0.954599945842177,21
"A488",-3568.396,-2716.714,0.36752141976793,"circle_calibrated","Polyethylene terephthalate",0.937560931448466,36
"A489",-2042.04,-5436.678,0.438717542674793,"circle_calibrated","Rubber",0.809738022125302,20
"A490",-2971.748,-1678.144,0.238122923232354,"circle_calibrated","Polyamide (naturally occurring)",0.94816445482394,21
"A491",460.694,-3566.134,0.738936433902633,"circle_calibrated","Polyamide (naturally occurring)",0.943038305761942,20
"A492",4162.444,1587.612,0.431337435377171,"circle_calibrated","Chitin",0.69929550683147,20
"A493",-1851.278,3420.69,0.431337435377171,"circle_calibrated","Polyamide (naturally occurring)",0.867693427080925,20
"A494",4405.232,4113.2,0.291826624522749,"circle_calibrated","Polyamide (naturally occurring)",0.941310880428551,27
"A495",790.4,-4232.176,0.461190398526852,"circle_calibrated","Acrylonitrile butadiene styrene",0.913867045548368,20
"A496",281.268,-6003.946,0.461190398526852,"circle_calibrated","Polyamide (naturally occurring)",0.923730781957814,20
"A497",1041.43,-2845.96,0.0842903504658272,"circle_calibrated","Polyamide (naturally occurring)",0.918257497157609,30
"A498",4328.688,-1543.464,0.461190398526852,"circle_calibrated","Polycarbonate",0.678523910199569,20
"A499",-1084.564,5831.618,0.701973905663963,"circle_calibrated","Polycarbonate",0.778684014132098,25
"A500",5260.502,69.8880000000003,0.461190398526852,"circle_calibrated","Chitin",0.747637694317659,20
"A501",-1674.4,2024.49,0.776676761885479,"circle_calibrated","Polyamide (naturally occurring)",0.936998282408589,20
"A502",3429.088,3171.584,0.738822135125132,"circle_calibrated","Polyamide (naturally occurring)",0.944030707179434,20
"A503",-191.542,-1552.954,0.741903801662539,"circle_calibrated","Rubber",0.777302079749297,20
"A504",-2012.322,3095.352,0.664233577681116,"circle_calibrated","Polyamide (naturally occurring)",0.864640904440669,25
"A505",4930.562,4010.422,0.51876025034833,"circle_calibrated","Polyamide (naturally occurring)",0.941880365627804,20
